WKT,ID,Use_Cat,Cons_Frame
POINT (422324.1392684035 8450527.521981074),1360,Outbuilding,Masonry
POINT (422192.23654263915 8450396.489492511),1361,Residential,Masonry
POINT (422204.39138965635 8450380.92939743),1362,Outbuilding,Masonry
POINT (422208.9813466044 8450102.043773355),1607,Residential,Masonry
POINT (422219.40361522196 8450115.30060319),1608,Residential,Masonry
POINT (422221.2998440815 8450100.70213543),1609,Outbuilding,Masonry
POINT (422190.56381308025 8450230.231519686),1610,Residential,Masonry
POINT (422212.4853576672 8450234.422006719),1611,Outbuilding,Masonry
POINT (422228.06515428 8450289.419272268),1612,Residential,Masonry
POINT (422183.91101885855 8450261.01702647),1613,Outbuilding,Masonry
POINT (422190.12025076686 8450292.981740972),1614,Residential,Masonry
POINT (422163.40572104364 8450311.978327792),1615,Residential,Masonry
POINT (422149.08840740536 8450344.669278996),1616,Residential,Masonry
POINT (422133.73049039 8450242.651661135),1617,Residential,Masonry
POINT (422055.8343571915 8450219.383373879),1618,Outbuilding,Masonry
POINT (422044.0312823982 8450353.9803368),1619,Outbuilding,Masonry
POINT (426263.30107094266 8448831.485272575),8138,,
POINT (426834.62130720966 8449085.126388501),5858,,
POINT (427117.59697648505 8449501.203049332),8101,,
POINT (426220.2608070604 8449762.066391554),2449,,
POINT (426945.55108175945 8449380.847666599),4859,,
POINT (426430.5586286869 8449658.112850035),19181,,
POINT (422027.25305627857 8450331.034885908),1620,Outbuilding,Masonry
POINT (422023.7046750701 8450308.64820881),1621,Outbuilding,Masonry
POINT (422224.46078304603 8450590.749679046),10922,,
POINT (422073.9660542388 8450157.083710037),19197,,
POINT (426608.93781403167 8449700.388896044),17846,,
POINT (426252.8788650077 8449826.666027341),6455,,
POINT (426742.12249445217 8449837.436848745),17959,,
POINT (426346.0436279242 8449011.568525525),2154,,
POINT (426085.30270091695 8449365.066309737),1223,,
POINT (426858.25021869293 8449479.288375197),11697,,
POINT (426419.49016418634 8449645.658647304),8988,,
POINT (426836.59031182795 8449069.206887415),6356,,
POINT (422164.59537374665 8450526.87110426),10230,,
POINT (422652.06206492253 8453056.733426895),15920,,
POINT (422614.5847279829 8453078.784614632),18177,,
POINT (422528.03578744986 8453076.462340973),9729,,
POINT (426123.21445446333 8449429.041894393),7179,,
POINT (426228.02928351035 8449750.52693816),18971,,
POINT (427011.3787455094 8449536.03501325),16744,,
POINT (426928.9939741896 8449374.26916977),12607,,
POINT (422534.31922091165 8453204.93830913),19148,,
POINT (422550.03543067526 8453060.931423444),13713,,
POINT (422298.416977559 8451904.307920238),6912,,
POINT (422433.4104728591 8450980.35725185),14351,,
POINT (423957.30845942075 8448424.633870244),3124,Residential,Masonry
POINT (423910.6973766878 8448566.008006662),16798,Residential,Masonry
POINT (423992.75912464753 8448667.251531778),19773,Residential,Masonry
POINT (423954.82741519064 8448449.725135906),4667,Residential,Masonry
POINT (426083.7775988392 8449388.93294065),13861,,
POINT (426847.27774005354 8449491.753031136),6340,,
POINT (426276.878206364 8449649.39979108),7462,,
POINT (426346.9588826489 8449511.233147655),8250,,
POINT (426994.3257421393 8449539.686735006),3635,,
POINT (426481.33946378354 8449647.799770193),19932,,
POINT (426129.34789875353 8449400.276587296),15214,,
POINT (426528.36815788585 8449601.619733369),4922,,
POINT (424117.15251892566 8448866.896213008),16001,Residential,Masonry
POINT (424633.28384189436 8449311.140203746),1231,Residential,Masonry
POINT (424635.5163354698 8449331.295289082),1232,Outbuilding,Masonry
POINT (424607.84510835266 8449476.805357756),1235,Outbuilding,Masonry
POINT (424558.2027107603 8449475.97464561),1236,Residential,Masonry
POINT (424568.89859783166 8449698.71698177),1237,Outbuilding,Masonry
POINT (424505.63303979434 8449524.864185052),1238,Residential,Masonry
POINT (424561.3417128722 8449565.313828545),1239,Outbuilding,Masonry
POINT (426406.4392248555 8449558.581293564),345,,
POINT (426347.6511208569 8449410.640439095),1036,,
POINT (426130.6374884756 8449416.061459575),15803,,
POINT (426586.3077759274 8449730.822225388),15830,,
POINT (426703.8899700221 8449927.880615463),1760,,
POINT (426923.70401178044 8449353.040366068),11021,,
POINT (427135.2208139131 8449512.509585124),6508,,
POINT (426177.4744009944 8449459.273289736),17854,,
POINT (424491.0936213049 8449580.414487565),1240,Residential,Masonry
POINT (424476.63075353333 8449584.883116445),1241,Residential,Masonry
POINT (424489.39433224924 8449558.571860531),1242,Outbuilding,Masonry
POINT (424510.72689914773 8449675.512060743),1243,Outbuilding,Masonry
POINT (424460.54826246196 8449686.13673721),1244,Outbuilding,Masonry
POINT (424456.1681453642 8449806.281026613),1245,Outbuilding,Masonry
POINT (424436.52135091956 8449882.061857147),1246,Residential,Masonry
POINT (424395.5374301451 8449876.01965214),1247,Residential,Masonry
POINT (427017.27558634005 8449548.997951407),7064,,
POINT (426544.47141675133 8449634.598138371),19885,,
POINT (426985.80649196886 8449468.684313793),18528,,
POINT (426912.4508914549 8449322.145433016),4538,,
POINT (427245.2495263545 8449376.63706372),19225,,
POINT (426752.2566176502 8449844.334682629),3325,,
POINT (426187.51183151035 8449456.621491091),11163,,
POINT (426720.7635884494 8449673.133161599),17633,,
POINT (424405.8539261392 8449823.612740967),1248,Outbuilding,Masonry
POINT (424408.00628909474 8449802.791711722),1249,Outbuilding,Masonry
POINT (424370.3193152007 8449614.19218118),1250,Residential,Masonry
POINT (424359.91333721264 8449560.03874377),1251,Residential,Masonry
POINT (424345.2184278473 8449490.851881387),1252,Outbuilding,Masonry
POINT (424379.09518020065 8449449.97014538),1253,Residential,Masonry
POINT (424370.0660596862 8449416.184139058),1254,Residential,Masonry
POINT (424418.24389307154 8449463.134646013),1255,Residential,Masonry
POINT (424420.2832962415 8449398.924779661),1256,Outbuilding,Masonry
POINT (424434.4175199863 8449408.48283866),1257,Residential,Masonry
POINT (424467.9168589094 8449408.416822713),1258,Residential,Masonry
POINT (424467.6760478552 8449422.579067577),1259,Outbuilding,Masonry
POINT (424470.93272956694 8449438.38598964),1260,Outbuilding,Masonry
POINT (424541.2312030029 8449381.294020906),1261,Residential,Masonry
POINT (424564.6467820365 8449351.204176852),1262,Outbuilding,Masonry
POINT (424141.96658579644 8449401.499276832),1263,Residential,Masonry
POINT (426785.80895448814 8449523.084544173),12933,,
POINT (427021.02079529525 8449459.01652972),16671,,
POINT (427004.3534853879 8449470.184022587),7848,,
POINT (426890.1954259907 8449313.586327996),7257,,
POINT (426071.39995987806 8449389.521210441),14314,,
POINT (426405.9098131512 8449383.43839763),14372,,
POINT (426447.67206178507 8449169.559595108),431,,
POINT (426738.8101783553 8449863.551213417),13976,,
POINT (427002.8330224659 8449556.295169815),15679,,
POINT (426089.7587695135 8449375.702551035),18351,,
POINT (426991.0039577028 8449460.433982313),9069,,
POINT (426379.95304503577 8449211.133642804),12912,,
POINT (427002.4937218467 8449572.655688846),11101,,
POINT (426690.2553083689 8449933.457333751),2863,,
POINT (426635.75630401867 8449533.0443785),11271,,
POINT (426726.3073931776 8449349.078024162),16587,,
POINT (424152.76064296043 8449420.1641156),1264,Outbuilding,Masonry
POINT (424140.21435929136 8449423.435381688),1265,Outbuilding,Masonry
POINT (424135.8546784878 8449439.34122771),1266,Outbuilding,Masonry
POINT (424013.19879599585 8449370.773251833),1267,Outbuilding,Masonry
POINT (424035.6055350494 8449505.045764407),1268,Residential,Masonry
POINT (424039.3131196455 8449522.039121859),1269,Outbuilding,Masonry
POINT (424021.68928632373 8449603.22722888),1270,Outbuilding,Masonry
POINT (423924.29687749693 8449723.246732496),1271,Residential,Masonry
POINT (423930.9124225815 8449696.831400266),1272,Outbuilding,Masonry
POINT (424063.10835864185 8449734.737570561),1273,Outbuilding,Masonry
POINT (424075.96969788044 8449754.130359918),1274,Residential,Masonry
POINT (424090.1427474548 8449831.734288359),1275,Residential,Masonry
POINT (424084.50158457726 8449772.58389202),1276,Residential,Masonry
POINT (423932.15722498443 8449803.011928363),1277,Residential,Masonry
POINT (423922.2325954483 8449899.185738234),1278,Residential,Masonry
POINT (423952.328183882 8450101.663951084),1279,Residential,Masonry
POINT (423921.06758927007 8450113.331784854),1280,Outbuilding,Masonry
POINT (423946.9580634788 8450339.733183758),1281,Outbuilding,Masonry
POINT (423840.5229431914 8450415.021825887),1282,Residential,Masonry
POINT (423872.8546625644 8450423.897292085),1283,Outbuilding,Masonry
POINT (423851.06233443064 8450435.716533527),1284,Outbuilding,Masonry
POINT (423772.31598863174 8449754.34171875),1285,Residential,Masonry
POINT (423841.903058345 8449412.080473736),1286,Outbuilding,Masonry
POINT (423760.29672899423 8449365.624672776),1287,Outbuilding,Masonry
POINT (423742.45571004803 8449367.300747372),1288,Residential,Masonry
POINT (423730.734523407 8449395.941817576),1289,Outbuilding,Masonry
POINT (423680.6099405251 8449373.33878569),1290,Residential,Masonry
POINT (423690.203054575 8449391.510100376),1291,Outbuilding,Masonry
POINT (423653.28512778354 8449503.648872964),1292,Outbuilding,Masonry
POINT (423555.8526950724 8449487.686179336),1293,Outbuilding,Masonry
POINT (423558.99562212813 8449503.610363752),1294,Outbuilding,Masonry
POINT (423571.73876151984 8449377.738639278),1295,Residential,Masonry
POINT (426633.88270396594 8449521.240812441),16111,,
POINT (426991.11390505446 8449441.997697458),9869,,
POINT (426695.3495073839 8449923.174815858),8698,,
POINT (426587.021704396 8448591.70544303),2184,,
POINT (426251.96808931814 8448837.423078615),12581,,
POINT (426709.8580425609 8449349.636888985),15964,,
POINT (426265.761601448 8449570.618248308),6840,,
POINT (426763.58560053015 8449516.501236804),15072,,
POINT (426265.3333575631 8449269.506175628),4042,,
POINT (427006.2799488322 8449447.475020409),13774,,
POINT (426785.65186395595 8449254.771107329),7640,,
POINT (426772.73547293735 8449262.018302357),3256,,
POINT (426685.8929314281 8449922.041638171),3363,,
POINT (426918.2603299762 8449569.636587357),9998,,
POINT (426544.4235492061 8449536.758506594),16629,,
POINT (426844.0596012873 8449209.509399928),4573,,
POINT (423583.8491766619 8449404.00663885),1296,Outbuilding,Masonry
POINT (423548.5783849532 8449384.213027006),1297,Residential,Masonry
POINT (423524.6063410763 8449411.746823879),1298,Outbuilding,Masonry
POINT (423469.10954556597 8449447.126704812),1299,Residential,Masonry
POINT (423475.58885564294 8449455.928254476),1300,Outbuilding,Masonry
POINT (423443.4830214608 8449464.48359977),1301,Residential,Masonry
POINT (423405.9838835223 8449499.529072164),1302,Residential,Masonry
POINT (423403.509378163 8449514.184047066),1303,Outbuilding,Masonry
POINT (423319.5706213437 8449573.2175081),1304,Residential,Masonry
POINT (423326.4374489195 8449592.565782484),1305,Outbuilding,Masonry
POINT (423302.40244604246 8449603.037600793),1306,Fale,Timber
POINT (423299.7457506207 8449588.22700065),1307,Outbuilding,Timber
POINT (423315.9578601719 8449604.822317813),1308,Outbuilding,Masonry
POINT (423286.0129922012 8450422.133427037),1309,Residential,Masonry
POINT (423271.79949206533 8450409.528555192),1310,Outbuilding,Masonry
POINT (423318.90738361067 8450341.748614186),1311,Residential,Masonry
POINT (431707.48575202725 8448560.439863183),8488,,
POINT (432411.38000072364 8448718.401316492),19843,,
POINT (432290.8606017862 8448493.471877396),7582,,
POINT (431985.20350794034 8448454.794722365),1725,,
POINT (431901.40651438816 8448499.319662154),9378,,
POINT (432420.00607568293 8448721.095201533),14857,,
POINT (431995.39953189826 8448472.50940849),11794,,
POINT (432420.82253468776 8448579.991377126),4701,,
POINT (431756.4118826462 8448639.369244384),19151,,
POINT (431655.5926150912 8448686.282248944),17687,,
POINT (431917.8959389103 8448496.03024894),13207,,
POINT (432282.87668286834 8448382.234221587),15168,,
POINT (432091.640363598 8448502.865305701),12044,,
POINT (431977.792078819 8448568.450644528),8008,,
POINT (431723.3168674654 8448568.15801985),19679,,
POINT (432037.88553750067 8448642.302809915),17720,,
POINT (432229.4800782865 8448946.372216387),16231,,
POINT (432178.3876466285 8448806.91433323),2278,,
POINT (432188.0433544565 8448759.621837674),12620,,
POINT (432176.25175661367 8448759.57390783),12777,,
POINT (432047.7596097038 8448636.113747176),16115,,
POINT (431654.248315666 8449765.04145288),17848,,
POINT (432218.61877447675 8448951.856678534),17573,,
POINT (432010.5253925551 8448625.724684864),18235,,
POINT (432155.6649484288 8448799.242497424),9608,,
POINT (432204.64426937647 8448991.847174736),16935,,
POINT (432161.15010231826 8448807.340962777),11785,,
POINT (432006.19190186745 8448640.156854156),8442,,
POINT (432174.5015148789 8448748.09165511),16631,,
POINT (432067.8535921437 8448601.240781346),2160,,
POINT (432092.8613062716 8448635.685199419),13873,,
POINT (432209.26461055543 8448586.030749677),3384,,
POINT (431741.59346320765 8448564.832216645),12984,,
POINT (432214.0741598475 8448567.889355563),14179,,
POINT (432262.8095964374 8448689.669892129),1502,,
POINT (431935.7282131471 8448710.602254212),15095,,
POINT (432411.93474312214 8448069.902242836),12397,Outbuilding,Masonry
POINT (432288.52846524003 8448055.002362477),16268,Religious,Masonry
POINT (432402.4667687717 8448102.855397401),4394,Residential,Masonry
POINT (432373.6803202773 8448127.34964391),17967,Outbuilding,Masonry
POINT (432423.1626323901 8448134.890814826),18782,Outbuilding,Masonry
POINT (432402.74309637607 8448131.004342906),773,Outbuilding,Masonry
POINT (432347.74958121305 8448096.625338115),2079,Residential,Masonry
POINT (432260.5055085995 8448058.988601452),14993,Residential,Masonry
POINT (432336.9209261072 8448114.583413083),600,Outbuilding,Masonry
POINT (432302.8282740005 8448114.289660955),17989,Outbuilding,Masonry
POINT (432235.43538680446 8448093.553063568),18418,Outbuilding,Masonry
POINT (432314.8508405045 8448069.858248278),2928,Religious,Masonry
POINT (432370.33382544987 8448102.182880964),19693,Residential,Masonry
POINT (432422.55055167415 8448106.477350872),9294,Residential,Masonry
POINT (432384.0505692047 8448103.29871745),8286,Outbuilding,Masonry
POINT (432329.0070525566 8448127.126997188),15934,Residential,Masonry
POINT (432270.4343193339 8448106.492560558),18123,Religious,Masonry
POINT (432292.1145119057 8448122.941503828),3215,Residential,Masonry
POINT (431891.210419439 8447992.722766398),15685,Religious,Reinforced_Concrete
POINT (432437.20671163464 8448067.85335848),9483,Residential,Masonry
POINT (432318.4241982422 8448005.830916826),8209,Residential,Masonry
POINT (432193.9486812309 8447983.447151681),5725,Residential,Masonry
POINT (432209.94376287423 8448072.625514654),7137,Residential,Masonry
POINT (431980.14942381583 8448122.749122035),14117,Outbuilding,Timber
POINT (431982.50346303405 8448098.596508352),3383,Residential,Masonry
POINT (431891.56990370556 8448137.726758577),4094,Residential,Masonry
POINT (431923.07907996763 8448123.198659277),9369,Outbuilding,Masonry
POINT (431967.03317155014 8448052.600446448),2136,Residential,Masonry
POINT (423334.409914251 8450233.930875577),1312,Outbuilding,Masonry
POINT (423335.86961371405 8450212.096799074),1313,Outbuilding,Masonry
POINT (423381.9953142344 8450111.277921278),1314,Residential,Masonry
POINT (423381.85840068804 8450121.476583784),1315,Outbuilding,Masonry
POINT (423384.72106943664 8450130.630090803),1316,Fale,Timber
POINT (423380.6161320663 8450034.06513738),1317,Residential,Masonry
POINT (423364.35943091754 8450034.202938195),1318,Outbuilding,Masonry
POINT (423357.54285835836 8449979.14231149),1319,Residential,Masonry
POINT (423353.9038174446 8449951.566183224),1320,Residential,Masonry
POINT (423350.99504459027 8449934.672180293),1321,Outbuilding,Masonry
POINT (423354.7420813836 8449913.380107706),1322,Residential,Masonry
POINT (423331.67274021136 8449915.172281878),1323,Outbuilding,Masonry
POINT (423331.2334894122 8449874.717445858),1324,Outbuilding,Masonry
POINT (423351.15376926324 8449859.904946126),1325,Outbuilding,Masonry
POINT (423318.7141989686 8449875.692066647),1326,Outbuilding,Masonry
POINT (423348.7145875472 8449872.428053802),1327,Outbuilding,Masonry
POINT (423319.9231836584 8449900.561845535),1328,Outbuilding,Masonry
POINT (423326.37975024147 8449825.376599815),1329,Outbuilding,Masonry
POINT (423317.7606345614 8449757.915473044),1330,Outbuilding,Masonry
POINT (423273.04988877743 8449737.616298197),1331,Outbuilding,Masonry
POINT (423280.037129008 8449668.598189835),1332,Residential,Masonry
POINT (423293.8625288354 8449676.689754993),1333,Outbuilding,Masonry
POINT (423247.136658332 8449653.219993368),1334,Residential,Masonry
POINT (423228.1688941946 8449661.90083667),1335,Residential,Masonry
POINT (423236.44644077035 8449688.227079615),1336,Residential,Masonry
POINT (423253.19280697615 8449681.142124891),1337,Outbuilding,Masonry
POINT (423256.56604976096 8449695.09774225),1338,Outbuilding,Masonry
POINT (423235.1310772333 8449702.749348328),1339,Outbuilding,Masonry
POINT (423206.94494879065 8449674.94010782),1340,Residential,Masonry
POINT (423200.93814583344 8449696.78077337),1341,Outbuilding,Masonry
POINT (423166.1024522835 8449673.869790396),1342,Residential,Masonry
POINT (423157.81146115705 8449694.143852029),1343,Outbuilding,Masonry
POINT (426930.917508266 8449400.070749639),17858,,
POINT (426286.4324475112 8449659.680287931),2755,,
POINT (426861.8257501436 8449489.435781732),17607,,
POINT (426281.19244782 8449636.945549307),921,,
POINT (426340.7892596133 8449528.73601139),14855,,
POINT (426645.41709653835 8449515.323483827),3302,,
POINT (426473.9647377964 8449636.9888355),14746,,
POINT (426514.35323323065 8449527.81266267),17596,,
POINT (426216.41174201434 8449739.387902424),8387,,
POINT (426273.963880993 8448794.661073273),16239,,
POINT (426303.77174381964 8449637.453966303),14001,,
POINT (426332.84773210646 8449516.020839812),12167,,
POINT (426717.299660869 8449335.76418499),8647,,
POINT (426251.1351095851 8449572.607866887),12348,,
POINT (426623.9272490115 8449601.313879587),12617,,
POINT (426476.2168336686 8449656.037772246),18851,,
POINT (426516.1869172095 8449540.290867189),18218,,
POINT (426805.38020919845 8449303.324600931),18102,,
POINT (426823.7705815472 8449388.616784768),17225,,
POINT (426301.5730061383 8449651.970715623),9159,,
POINT (426584.1169763895 8449720.594457362),13110,,
POINT (426545.08316720504 8449523.311068594),13010,,
POINT (426258.54333741445 8449279.867736597),14018,,
POINT (426599.7041481739 8448619.622647267),4472,,
POINT (426401.59099133743 8449371.242723584),17173,,
POINT (426833.15019602585 8449057.932466168),13571,,
POINT (427401.0129615626 8449403.825427879),4531,,
POINT (426609.0852502937 8449526.41930752),7319,,
POINT (426455.3464447222 8449630.512582414),10308,,
POINT (426817.4835900628 8449061.39576697),18568,,
POINT (426231.23707829486 8448688.623974973),3841,Residential,Masonry
POINT (425972.25354870997 8448758.647352764),14727,Residential,Masonry
POINT (431954.91087623674 8448050.803669136),3873,Outbuilding,Masonry
POINT (431948.82271420147 8448070.465412581),4130,Residential,Masonry
POINT (431953.31811195635 8448079.27982483),13825,Outbuilding,Masonry
POINT (431977.35666865774 8448026.390084913),6108,Residential,Masonry
POINT (432012.2149870973 8448057.254232848),290,Outbuilding,Masonry
POINT (432019.073481136 8448044.90185354),6445,Residential,Masonry
POINT (431946.2140556305 8448012.038524022),518,Residential,Masonry
POINT (432006.1983886421 8448044.4413257),12827,Residential,Masonry
POINT (431963.7386702433 8448011.971745668),8111,Residential,Masonry
POINT (431989.98773698707 8448125.962592665),14990,Outbuilding,Masonry
POINT (431796.6706607916 8448203.591541605),1684,Fale,Timber
POINT (431802.6371797567 8448195.75933574),16978,Fale,Timber
POINT (432387.5577793585 8448090.094613928),8656,Residential,Masonry
POINT (432080.19859023264 8448106.173715176),19796,Outbuilding,Masonry
POINT (432382.8849069451 8448038.7959794),8376,Residential,Masonry
POINT (432385.28248351865 8448024.479098883),12786,Outbuilding,Masonry
POINT (432020.4770481424 8448121.288261797),5818,Outbuilding,Masonry
POINT (432012.952869778 8448077.778055092),12548,Outbuilding,Masonry
POINT (432043.24466328026 8448119.71539448),2570,Residential,Masonry
POINT (432483.26108393795 8448094.55027537),15699,Outbuilding,Masonry
POINT (432375.6376405887 8448090.423453394),16757,Outbuilding,Masonry
POINT (432474.33599673683 8448068.318422085),13192,Outbuilding,Masonry
POINT (432481.12376523396 8448054.293803144),11864,Outbuilding,Masonry
POINT (432494.1717420491 8448116.005548822),1391,Outbuilding,Masonry
POINT (431999.9383707682 8448075.011563562),17940,Residential,Masonry
POINT (432043.82055799675 8448105.453466244),1274,Residential,Masonry
POINT (432093.4041570249 8448121.808752732),1830,Residential,Masonry
POINT (432122.69746332197 8448129.453238588),19761,Outbuilding,Masonry
POINT (432405.14442030137 8448118.734183548),8337,Residential,Masonry
POINT (432128.5914337036 8448120.232980302),14333,Residential,Masonry
POINT (432438.4694726764 8448123.54381732),6714,Residential,Masonry
POINT (431889.6617539047 8448151.719086166),17465,Residential,Masonry
POINT (431911.0028666079 8448138.741906462),9572,Residential,Masonry
POINT (431916.1220836499 8448324.366098559),14493,Residential,Masonry
POINT (432022.7364272711 8448104.443902435),51,Residential,Masonry
POINT (432219.0535177289 8448086.322277775),16567,Residential,Masonry
POINT (431900.8659327048 8448125.93804534),11472,Outbuilding,Masonry
POINT (431878.81282504275 8448135.20677997),18751,Outbuilding,Masonry
POINT (432026.5855274019 8448093.321394242),8132,Outbuilding,Masonry
POINT (432061.54708051676 8448120.946212277),16662,Outbuilding,Masonry
POINT (432207.91866640444 8448099.681451416),10644,Outbuilding,Masonry
POINT (432383.58260592475 8448114.016142838),18500,Outbuilding,Masonry
POINT (432884.76725182065 8449024.422613343),11348,,
POINT (433216.92266716505 8448823.323008964),13103,,
POINT (432862.0695404864 8449034.482932508),19614,,
POINT (432802.65939347545 8448923.75513855),19462,,
POINT (433215.37249707006 8448841.990585323),1090,,
POINT (433104.38828274317 8449019.331211045),14946,,
POINT (433114.44896327954 8449891.473422859),4536,,
POINT (432814.0502003037 8448933.831658226),14479,,
POINT (432847.83155214327 8449036.159224022),3182,,
POINT (433081.7435489778 8449179.796570431),2804,,
POINT (432961.5088082892 8448938.354661882),583,,
POINT (433070.1722086041 8448659.36661085),18506,,
POINT (432978.1255059281 8448816.461341223),2793,,
POINT (433072.91482244735 8449191.01301247),9008,,
POINT (432966.34409190726 8448930.65029997),15899,,
POINT (432951.92992169695 8448882.771608178),7660,,
POINT (432937.4845184694 8449084.971343188),10247,,
POINT (432801.4786241143 8448936.428109078),10306,,
POINT (432670.2299210272 8448990.317393897),7315,,
POINT (433202.7327495556 8448828.955171842),12338,,
POINT (432560.3382546495 8449108.233185504),12408,,
POINT (432935.079378601 8449093.461483644),16787,,
POINT (432916.130430367 8449103.71529993),14050,,
POINT (433086.51142765913 8448583.449198525),18178,,
POINT (433020.55019509717 8448715.26283498),54,,
POINT (432871.62247894955 8449038.896198682),19796,,
POINT (433204.25670735544 8448846.99278571),9226,,
POINT (432846.4800006506 8449028.04084458),8025,,
POINT (432942.27719666454 8448806.381199425),8123,,
POINT (432943.37484598137 8448875.620840074),6323,,
POINT (433042.67982852465 8448709.613861227),13244,,
POINT (432963.91610975843 8448807.711480394),13098,,
POINT (432931.76883699454 8449101.138382567),12742,,
POINT (432873.59918997553 8449014.032572843),17662,,
POINT (433202.8175217268 8448839.64783426),7979,,
POINT (432793.8107019646 8449719.011743674),12194,,
POINT (432704.2068555562 8449119.302872006),16623,,
POINT (433014.96380073123 8448703.484829074),6127,,
POINT (433280.32239902724 8448810.695966342),16161,,
POINT (433228.0213052487 8448833.243591378),4024,,
POINT (433166.7356975571 8448970.107344737),2735,,
POINT (433291.29593234346 8448735.399310188),5140,,
POINT (433288.099932782 8448800.29642067),6524,,
POINT (433150.4531169558 8448969.14387411),19686,,
POINT (433163.20836990705 8448955.47139677),5056,,
POINT (433102.9897655314 8448884.003097769),15281,,
POINT (433246.2198159567 8449443.005545603),11939,,
POINT (433295.97895115433 8448725.3527674),19789,,
POINT (433240.17842461483 8449440.788772732),14788,,
POINT (433289.3521429524 8448810.130299998),1662,,
POINT (433170.69350317173 8448975.37167181),5206,,
POINT (433086.580203769 8448888.867521478),13884,,
POINT (433104.06594549277 8449031.637209663),10567,,
POINT (432564.3941583377 8449119.08932708),16471,,
POINT (423098.052718442 8449751.178314187),1344,Residential,Masonry
POINT (423036.50463175063 8449804.599973781),1345,Outbuilding,Masonry
POINT (423026.4485567638 8449841.981825521),1346,Residential,Masonry
POINT (422940.0821348627 8449885.220961452),1347,Residential,Masonry
POINT (422928.0646722806 8449909.126944363),1348,Residential,Masonry
POINT (422945.59568643605 8449918.058819877),1349,Outbuilding,Masonry
POINT (422939.4165375748 8449939.389000282),1350,Outbuilding,Masonry
POINT (422943.791961319 8449903.828345679),1351,Outbuilding,Masonry
POINT (422906.63121467066 8449906.559680812),1352,Outbuilding,Masonry
POINT (422929.82843031536 8449923.733658731),1353,Outbuilding,Masonry
POINT (422881.91529378627 8449929.323322875),1354,Outbuilding,Masonry
POINT (422860.47317946283 8449928.364876175),1355,Residential,Masonry
POINT (422860.88198424265 8449947.81112285),1356,Outbuilding,Masonry
POINT (422829.3175077156 8449950.739645345),1357,Outbuilding,Masonry
POINT (422817.68659629254 8449939.478408948),1358,Outbuilding,Masonry
POINT (422503.0118242101 8450184.299498819),1359,Outbuilding,Masonry
POINT (424542.22399216663 8449029.243456844),1541,Religious,Reinforced Concrete
POINT (424495.7662855002 8449069.121863244),1542,Residential,Masonry
POINT (424484.2798779758 8449055.598369408),1543,Outbuilding,Masonry
POINT (424665.70863958885 8449241.82885364),1544,Residential,Masonry
POINT (424246.63992926286 8449169.556750558),1545,Outbuilding,Masonry
POINT (424577.8860214382 8449258.045592302),1546,Residential,Masonry
POINT (424493.045218318 8449191.855470976),1547,Residential,Masonry
POINT (424496.40216004266 8449324.90780746),1548,Outbuilding,Masonry
POINT (424493.14208759344 8449310.611279255),1549,Outbuilding,Masonry
POINT (424385.9858798929 8449253.3727069),1550,Residential,Masonry
POINT (424367.7184982423 8449257.830766799),1551,Residential,Masonry
POINT (424338.6388537019 8449250.971343754),1552,Outbuilding,Masonry
POINT (424364.91240982036 8449248.31470831),1553,Outbuilding,Masonry
POINT (424442.9789217656 8449328.164671827),1554,Residential,Masonry
POINT (424419.0515844707 8449342.295049591),1555,Outbuilding,Masonry
POINT (424367.2422522232 8449345.752036747),1556,Residential,Masonry
POINT (433158.76616502006 8448975.583759306),14738,,
POINT (432787.97449636395 8449183.8077992),1160,,
POINT (433077.01873656816 8448961.894462267),9552,,
POINT (432778.36825458583 8449193.475503476),11709,,
POINT (433177.918242407 8448964.817058712),6094,,
POINT (432843.4474151025 8449456.272102378),9802,,
POINT (433275.7527387228 8448741.253745269),16253,,
POINT (433084.7920137819 8449190.736190815),18729,,
POINT (432792.32871235616 8449195.04548635),11396,,
POINT (432654.72167210694 8449148.825817922),16409,,
POINT (432919.08879203274 8449079.275972102),16637,,
POINT (432936.34753612865 8449064.961238489),14739,,
POINT (433273.0810888563 8448834.6647043),10347,,
POINT (432685.18687802035 8449135.489589226),14374,,
POINT (433092.47100873454 8448905.61484844),19387,,
POINT (433052.5114685757 8448832.844722347),10750,,
POINT (433054.6424365277 8448321.183324546),7779,Religious,Reinforced Concrete
POINT (433023.2580751489 8448336.060929425),15815,Residential,Masonry
POINT (433194.4467415448 8448354.11212139),13213,Residential,Masonry
POINT (433248.73269511765 8448456.933567947),6910,Residential,Masonry
POINT (433273.71960965195 8448503.267389352),13391,Residential,Masonry
POINT (433339.2231921346 8448493.614817431),6320,Residential,Masonry
POINT (433228.78611800703 8448487.855861235),16307,Outbuilding,Masonry
POINT (433058.5993099294 8448406.03143795),4489,Outbuilding,Masonry
POINT (433225.18904889293 8448447.49126466),17156,Residential,Masonry
POINT (433234.5662192117 8448471.725532986),9261,Residential,Masonry
POINT (433237.1939917547 8448484.706003284),4089,Residential,Masonry
POINT (433105.35908857256 8448526.013316238),10531,Outbuilding,Masonry
POINT (433230.9867107171 8448570.088791206),7840,Outbuilding,Masonry
POINT (433115.2185423571 8448451.509584015),12677,Residential,Masonry
POINT (433071.13705392985 8448575.402694156),11571,Outbuilding,Masonry
POINT (433074.9475242628 8448426.662864462),9336,Residential,Masonry
POINT (433116.5894274471 8448518.532060958),76,Residential,Masonry
POINT (433241.6800999146 8448556.748638358),10450,Residential,Masonry
POINT (433099.46452032065 8448420.946877273),7536,Residential,Masonry
POINT (433236.74189878383 8448463.73556483),9001,Outbuilding,Masonry
POINT (433159.77112987824 8448415.70788397),4014,Residential,Masonry
POINT (433071.48042855255 8448402.87026824),3919,Residential,Masonry
POINT (433104.76039508934 8448505.178096743),19080,Outbuilding,Masonry
POINT (433058.61677455856 8448398.359899914),10972,Residential,Masonry
POINT (433150.6817985456 8448339.353769757),10861,Residential,Masonry
POINT (433165.9444027414 8448361.726014663),102,Residential,Masonry
POINT (433146.019692424 8448354.041358996),7185,Residential,Masonry
POINT (432952.1853105227 8448277.857593605),15878,Residential,Masonry
POINT (433224.61421361665 8448373.29007847),17416,Outbuilding,Masonry
POINT (432951.32755346864 8448321.84768352),8302,Outbuilding,Masonry
POINT (433119.9095301668 8448349.759415187),16606,Residential,Masonry
POINT (433114.875159351 8448362.870097434),9885,Residential,Masonry
POINT (433219.1454473074 8448386.091202179),13271,Residential,Masonry
POINT (433075.8032561947 8448360.240619969),18200,Residential,Masonry
POINT (433151.56563532806 8448372.257736169),6705,Outbuilding,Masonry
POINT (432932.3967828037 8448255.945002828),12386,Residential,Masonry
POINT (432948.6628787781 8448305.686725816),5398,Residential,Masonry
POINT (432928.4875201684 8448241.711319894),19371,Outbuilding,Masonry
POINT (432936.2659759455 8448285.947906464),13752,Outbuilding,Masonry
POINT (433078.43062733184 8448351.323983999),8046,Outbuilding,Masonry
POINT (433207.18180854304 8448399.336240169),16623,Outbuilding,Masonry
POINT (433261.3419485573 8448510.000564622),14737,Residential,Masonry
POINT (433290.7287872833 8448439.074241651),19807,Residential,Masonry
POINT (432984.8888696853 8448313.274456717),14064,Residential,Masonry
POINT (433169.3198429392 8448393.209544891),6833,Residential,Masonry
POINT (432820.0265882082 8448457.16867038),8559,Outbuilding,Masonry
POINT (433353.824102826 8448430.315059412),8413,Residential,Masonry
POINT (433222.0150077919 8448360.314171998),6956,Residential,Masonry
POINT (435123.0548897077 8447719.762225498),8738,Residential,Masonry
POINT (435145.4313914827 8447706.427611075),13403,Residential,Masonry
POINT (434995.84938104654 8447657.713398289),13191,Residential,Masonry
POINT (435014.66751994676 8447650.816551013),12260,Outbuilding,Masonry
POINT (434992.8911312483 8447648.167228686),3657,Outbuilding,Timber
POINT (435073.9786783529 8447651.657239912),19833,Residential,Masonry
POINT (435117.5988627758 8447667.458410861),11827,Residential,Masonry
POINT (435148.7590229682 8447670.532308776),5263,Residential,Masonry
POINT (435170.6629562645 8447655.568416458),7012,Outbuilding,Timber
POINT (435026.4570522673 8447786.306701807),7686,Education,Masonry
POINT (434848.06307892496 8447785.504136426),4970,Tourist Fale,Timber
POINT (434844.38638987625 8447817.440536913),1174,Residential,Masonry
POINT (434913.4620082508 8447843.760808665),8064,Residential,Masonry
POINT (435241.94861572067 8447780.237702116),8355,Outbuilding,Masonry
POINT (435061.07136528415 8447656.058256358),7290,Outbuilding,Masonry
POINT (435052.6271760053 8447822.292238785),9154,Outbuilding,Masonry
POINT (435027.7729149704 8447844.994100388),13959,Residential,Masonry
POINT (435096.60798100394 8447870.56226392),13826,Outbuilding,Masonry
POINT (435159.98036718555 8447719.198319847),6187,Residential,Masonry
POINT (435157.064863911 8447761.76638004),6149,Residential,Masonry
POINT (435176.19153293996 8447725.264095288),4214,Fale,Masonry
POINT (435178.60510772385 8447731.750926582),10093,Outbuilding,Masonry
POINT (435172.36610984214 8447737.625311414),12609,Outbuilding,Masonry
POINT (435234.7536893787 8447761.446566435),13728,Residential,Masonry
POINT (435247.8579750156 8447772.431426326),8542,Outbuilding,Masonry
POINT (435787.1156954208 8447453.476086207),10077,Hotel,Masonry
POINT (436031.7611476752 8447959.244754082),17978,,
POINT (436041.9863030772 8447948.376165215),13922,,
POINT (435852.94290386245 8447908.047992544),18276,,
POINT (437220.77227789094 8448238.888762686),14352,,
POINT (436005.4153022569 8447936.235397184),1376,,
POINT (437198.489009928 8448241.759307725),18543,,
POINT (436039.64226849464 8447907.838179322),9624,,
POINT (437216.48695578944 8448257.47898882),16731,,
POINT (436057.38612409274 8447899.24555717),1980,,
POINT (436985.3009281025 8448220.337095348),10526,,
POINT (436543.1929780341 8447974.650334762),15622,,
POINT (436906.16137401864 8448203.161142416),16157,,
POINT (436874.93036178645 8448195.908118045),3139,,
POINT (436887.39133016265 8448195.867344989),5554,,
POINT (436536.1346132754 8447953.5107792),12869,,
POINT (436888.3733375988 8448207.716609852),16368,,
POINT (437479.335559328 8448245.214246986),6534,,
POINT (436621.38818183326 8448056.214095607),17557,,
POINT (437507.11950072134 8448247.34794507),9013,,
POINT (436625.5273929089 8448033.031306192),10468,,
POINT (436695.15009087423 8448124.615363728),7552,,
POINT (436362.28292792663 8447950.874454405),12632,,
POINT (436366.4136985333 8447996.460195726),7420,,
POINT (436382.8116242148 8447969.07820656),18760,,
POINT (437336.76726177987 8448260.720452186),16294,,
POINT (437352.9514729533 8448279.5916854),2505,,
POINT (437061.9995209275 8447761.745757632),6601,,
POINT (437155.69928104687 8447975.870927073),15153,,
POINT (437212.0300173367 8448190.003193269),2575,,
POINT (437123.7655021249 8448086.899565445),881,,
POINT (437170.16612884187 8447886.643392773),3680,,
POINT (437077.2403288509 8447777.156930096),19907,,
POINT (436950.32571799523 8447309.674640259),17797,,
POINT (437205.32999334304 8448063.52334937),3846,,
POINT (437309.0827683697 8448185.398476323),13574,,
POINT (436984.53430660645 8447356.278498981),14694,,
POINT (437158.35723655636 8448178.667610977),1807,,
POINT (437030.20178476843 8447935.980216904),18939,,
POINT (426773.56358644814 8448237.81927889),8528,Residential,Masonry
POINT (425993.99760940135 8448845.209855748),9651,Outbuilding,Masonry
POINT (426004.24081084016 8448812.952639846),18574,Residential,Masonry
POINT (426855.0773699002 8448345.98721044),16613,Residential,Masonry
POINT (426007.8077727689 8448824.68160753),6272,Residential,Masonry
POINT (426690.2908234042 8448196.756675608),1567,Outbuilding,Masonry
POINT (426152.55885983445 8448771.39362773),1032,Outbuilding,Masonry
POINT (426281.06639408023 8448708.598479575),12486,Residential,Masonry
POINT (426867.6392806597 8448338.820970863),9294,Residential,Masonry
POINT (426544.42421386193 8448615.163199706),7306,Residential,Masonry
POINT (426714.5292567025 8448204.395881556),2400,Residential,Masonry
POINT (426164.7933232845 8448776.598513227),9135,Outbuilding,Masonry
POINT (426584.16235032695 8448616.689967493),2603,Residential,Masonry
POINT (426153.8193251688 8448781.602324951),17247,Residential,Masonry
POINT (426163.9718154163 8448762.305459352),9050,Residential,Masonry
POINT (426733.0125798693 8448439.372947315),12139,Residential,Masonry
POINT (426745.2725572709 8448444.260082124),12823,Outbuilding,Timber
POINT (426380.3675072538 8448278.214433622),9784,Residential,Masonry
POINT (426743.4066019885 8448453.966671752),8227,Outbuilding,Timber
POINT (426789.53946282313 8448484.918877678),6648,Residential,Masonry
POINT (426622.9422058675 8448186.966586163),17592,Residential,Masonry
POINT (426715.9829817229 8448255.005553193),19808,Outbuilding,Timber
POINT (426673.70049443026 8448404.257662626),2877,Outbuilding,Timber
POINT (426666.58754938334 8448395.966713449),17965,Residential,Masonry
POINT (426665.2934125114 8448407.715277405),10962,Outbuilding,Timber
POINT (426657.34590084956 8448412.078583797),1649,Outbuilding,Timber
POINT (426291.3092857923 8448303.10854429),5415,Residential,Masonry
POINT (426204.04406667495 8448334.15005245),2494,Residential,Masonry
POINT (426231.53750168224 8448326.656274252),17878,Residential,Masonry
POINT (426156.6736212651 8448294.405968472),10047,Residential,Masonry
POINT (426123.7050541643 8448365.965425082),2385,Fale,Timber
POINT (426107.36859927454 8448350.952328686),3786,Fale,Timber
POINT (425916.9988922283 8448624.44017709),8780,Residential,Masonry
POINT (425937.9375702805 8448603.688875578),1555,Residential,Timber
POINT (426096.7963663029 8448472.066623963),2814,Outbuilding,Timber
POINT (426048.44195102295 8448589.743410408),2598,Outbuilding,Timber
POINT (425922.14621888706 8448645.863496376),14001,Fale,Timber
POINT (426153.121674411 8448628.982649771),13102,Residential,Masonry
POINT (426146.975894939 8448614.906130234),4470,Residential,Masonry
POINT (426080.20064039296 8448484.750620125),9497,Residential,Masonry
POINT (426057.68267473334 8448573.199819356),16874,Residential,Masonry
POINT (425944.2566531005 8448648.54143913),4534,Residential,Masonry
POINT (425977.36718521855 8448642.720202092),14276,Residential,Masonry
POINT (426633.8000728146 8448213.277067736),13929,Residential,Masonry
POINT (426591.31938860286 8448184.246572284),14303,Residential,Masonry
POINT (426638.3091189748 8448117.416799951),17520,Religious,Reinforced_Concrete
POINT (426705.4610788176 8448253.5764297),1821,Residential,Masonry
POINT (426688.0852436008 8448264.811017677),14606,Residential,Masonry
POINT (426732.24437211413 8448308.783178674),14073,Residential,Timber
POINT (426762.32346983755 8448329.413030019),4572,Outbuilding,Timber
POINT (426782.5820248936 8448397.798861999),8201,Residential,Masonry
POINT (426788.04903042316 8448384.946417708),12656,Outbuilding,Timber
POINT (426667.8405085888 8448477.233360264),9263,Outbuilding,Masonry
POINT (426680.67946859845 8448467.832256028),18708,Residential,Masonry
POINT (426684.1423037642 8448483.294227535),16362,Residential,Masonry
POINT (426657.3644323468 8448179.254468752),11176,Community,Masonry
POINT (426244.56194080383 8448679.403608356),11866,Outbuilding,Masonry
POINT (426266.13427931484 8448673.58717101),6934,Outbuilding,Masonry
POINT (426233.4721888479 8448670.154444505),13651,Residential,Masonry
POINT (426678.6719882476 8448390.867288787),12685,Residential,Masonry
POINT (426689.9841916898 8448171.627624337),107,Residential,Masonry
POINT (425992.10627051647 8448397.183052948),18740,Outbuilding,Masonry
POINT (425972.23691208236 8448372.506341875),2459,Residential,Masonry
POINT (426127.6883480724 8448696.684707893),19389,Outbuilding,Masonry
POINT (433247.79366619117 8448367.070531726),16894,Residential,Masonry
POINT (433082.3771901337 8448255.063471137),4689,Residential,Timber
POINT (433244.7799682721 8448397.128786812),659,Outbuilding,Timber
POINT (433032.8539379157 8448286.742915334),304,Community,Masonry
POINT (433155.60244303016 8448302.825334404),10511,Residential,Masonry
POINT (433288.60441459465 8448419.800466437),19469,Outbuilding,Masonry
POINT (432902.30316770275 8448220.023678264),19950,Outbuilding,Masonry
POINT (432927.2521273735 8448226.626771038),13938,Residential,Masonry
POINT (432905.9572710181 8448238.506102439),12827,Outbuilding,Masonry
POINT (433284.1662582255 8448418.97975308),18891,Outbuilding,Masonry
POINT (433339.8984557088 8448444.179090774),17268,Outbuilding,Masonry
POINT (433340.8335784895 8448437.952413471),5615,Outbuilding,Masonry
POINT (433088.3270185457 8448320.483793946),5236,Residential,Masonry
POINT (433185.63453562924 8448276.662240775),10885,Outbuilding,Masonry
POINT (433186.92547123786 8448264.57015365),2109,Outbuilding,Masonry
POINT (433113.153234129 8448294.13485296),14434,Outbuilding,Masonry
POINT (433126.7857516846 8448332.859002696),7956,Residential,Masonry
POINT (432911.43751157407 8448234.718956849),6863,Outbuilding,Masonry
POINT (432910.75425587076 8448214.244206235),10913,Outbuilding,Masonry
POINT (432822.20404573943 8448418.384455834),6475,Outbuilding,Masonry
POINT (432996.9878675562 8448330.900604704),4503,Residential,Masonry
POINT (433010.81616652745 8448351.440271296),1690,Outbuilding,Masonry
POINT (433016.6846617846 8448355.703124058),8576,Fale,Masonry
POINT (433034.6866752931 8448357.477237634),18049,Fale,Masonry
POINT (433065.0973139203 8448357.614390943),19818,Fale,Masonry
POINT (433138.2235197714 8448409.40704959),8039,Residential,Masonry
POINT (433159.0463084504 8448371.698684452),6697,Outbuilding,Masonry
POINT (433199.2325058653 8448362.409750853),5636,Outbuilding,Masonry
POINT (433197.94997696707 8448376.33596101),7963,Outbuilding,Masonry
POINT (433283.14870615944 8448490.010034494),4029,Residential,Masonry
POINT (433350.23134016956 8448474.164692668),18378,Residential,Masonry
POINT (433253.8078736688 8448563.905640448),17588,Residential,Masonry
POINT (433275.4439271694 8448518.04949278),13212,Outbuilding,Masonry
POINT (433267.94108162634 8448514.189175554),1833,Outbuilding,Masonry
POINT (433264.85212719435 8448520.093231983),155,Outbuilding,Masonry
POINT (433743.27701933985 8450993.640533034),6797,,
POINT (433330.8420718805 8449976.310669001),7070,,
POINT (433424.37285439105 8449696.156930596),9339,,
POINT (433312.2691809589 8450048.716949772),3086,,
POINT (433261.14445238543 8450062.33118967),13186,,
POINT (433424.8161725072 8449939.255965441),12888,,
POINT (433253.4545219939 8450062.78115032),16949,,
POINT (433287.9712035307 8449908.42161349),7081,,
POINT (433433.2004541636 8449899.244617375),260,,
POINT (433314.23646830546 8449884.638962232),9691,,
POINT (433444.2810280852 8449844.973612353),17261,,
POINT (433318.8399565861 8449914.419427427),5200,,
POINT (433455.1012156432 8449852.521791559),10859,,
POINT (433426.1520249821 8449802.491585452),17279,,
POINT (433278.48629323056 8450205.345756352),16639,,
POINT (433267.6807194605 8450204.468511134),17994,,
POINT (433314.5587819235 8449978.914576637),13908,,
POINT (433267.63007014367 8450312.031411568),5781,,
POINT (433389.53941921017 8449995.127484856),4583,,
POINT (433372.12572070846 8449838.10510332),11842,,
POINT (433311.8999633198 8449954.159579765),6081,,
POINT (433301.46924242424 8449918.908732165),4588,,
POINT (433324.7606276695 8449892.60764437),9310,,
POINT (433419.31840716396 8449910.847946692),9823,,
POINT (433354.82581385877 8449827.901191417),10198,,
POINT (433310.0686784236 8449970.091317272),7958,,
POINT (433311.7557392923 8449936.327112187),6137,,
POINT (433433.7681804342 8449888.584096977),18823,,
POINT (433265.36029723374 8450300.017178146),15608,,
POINT (424261.1965592708 8449347.498551114),1557,Residential,Masonry
POINT (424270.4393333622 8449330.048439672),1558,Outbuilding,Masonry
POINT (424126.18073462916 8449320.56170892),1559,Residential,Masonry
POINT (424143.9153850688 8449330.3091788),1560,Fale,Masonry
POINT (424148.5283577762 8449314.338396236),1561,Outbuilding,Masonry
POINT (424137.8345212162 8449305.651302919),1562,Outbuilding,Masonry
POINT (423848.03182729485 8449303.391393786),1563,Residential,Masonry
POINT (423782.2456077747 8449301.131759185),1564,Outbuilding,Masonry
POINT (423731.8256130529 8449279.360211514),1565,Outbuilding,Masonry
POINT (423523.13102351275 8449293.201304734),1566,Outbuilding,Masonry
POINT (423517.2374841981 8449309.857805032),1567,Residential,Masonry
POINT (423481.29999873514 8449346.695827674),1568,Residential,Masonry
POINT (423478.5950306569 8449327.313237024),1569,Outbuilding,Masonry
POINT (423416.3746766882 8449391.677529905),1570,Religious,Masonry
POINT (423408.77590413735 8449317.531389084),1571,Outbuilding,Masonry
POINT (423366.5247978798 8449387.762222586),1572,Outbuilding,Masonry
POINT (423370.8635542372 8449376.107132867),1573,Outbuilding,Masonry
POINT (423372.6756846674 8449408.907818627),1574,Residential,Masonry
POINT (423387.9802409499 8449442.340209393),1575,Residential,Masonry
POINT (423373.68816410203 8449454.88310943),1576,Residential,Masonry
POINT (423350.22350120306 8449457.867097743),1577,Residential,Masonry
POINT (423335.30647882365 8449468.466208937),1578,Residential,Masonry
POINT (423283.32712578133 8449502.95101339),1579,Residential,Masonry
POINT (423274.56915188866 8449484.011139141),1580,Outbuilding,Masonry
POINT (423256.9429031216 8449494.683152454),1581,Outbuilding,Masonry
POINT (423244.0413128287 8449497.276798224),1582,Outbuilding,Masonry
POINT (423257.4481777617 8449517.319382207),1583,Residential,Masonry
POINT (423133.3137875122 8449634.951202724),1584,Residential,Masonry
POINT (422951.9850644513 8449752.614149489),1585,Residential,Masonry
POINT (422871.9289552284 8449843.732583169),1586,Residential,Masonry
POINT (422827.1129059084 8449858.134980943),1587,Residential,Masonry
POINT (422811.44869505404 8449862.34701813),1588,Residential,Masonry
POINT (422793.68969025806 8449854.862187373),1589,Outbuilding,Masonry
POINT (422661.3128345428 8449959.69811229),1590,Residential,Masonry
POINT (422627.5863292936 8449981.679400876),1591,Residential,Masonry
POINT (422611.5049557034 8449985.675577424),1592,Residential,Masonry
POINT (422583.770582521 8449996.20974965),1593,Residential,Masonry
POINT (422576.852223512 8449980.572314365),1594,Residential,Masonry
POINT (422506.5712564465 8449964.719519092),1595,Residential,Masonry
POINT (422543.4303773969 8450009.316923983),1596,Residential,Masonry
POINT (422549.34091320983 8450019.791552864),1597,Residential,Masonry
POINT (422495.8830215288 8450048.050483549),1598,Residential,Masonry
POINT (422471.5972748091 8450058.063937632),1599,Outbuilding,Masonry
POINT (422480.7868141357 8450071.971075173),1600,Outbuilding,Masonry
POINT (422530.43867139163 8450008.79659428),1601,Outbuilding,Masonry
POINT (422540.5011614553 8450035.356578233),1602,Outbuilding,Masonry
POINT (422485.1309784352 8450081.273469385),1603,Outbuilding,Masonry
POINT (422325.68147895974 8450144.054820579),1604,Outbuilding,Masonry
POINT (422365.4752923056 8450169.00436984),1605,Outbuilding,Masonry
POINT (422347.6121768464 8450214.658145431),1606,Outbuilding,Masonry
POINT (424007.6046891791 8450142.329397272),12193,,
POINT (424019.72801249736 8450149.700140657),15047,,
POINT (423947.1335122692 8450380.61329582),1864,,
POINT (423356.4726152309 8451796.997047976),3181,,
POINT (423051.13992256625 8451115.92807891),14224,,
POINT (424710.0802686371 8449032.389718778),12059,Residential,Masonry
POINT (424677.2504464292 8449009.336577402),1536,Residential,Masonry
POINT (424674.24828825664 8448997.125446975),1537,Outbuilding,Masonry
POINT (424647.562682614 8449011.54276976),1538,Outbuilding,Masonry
POINT (424566.6069382586 8448948.241291415),1539,Residential,Masonry
POINT (424544.7897158392 8448975.121251041),1540,Residential,Masonry
POINT (424491.1810581596 8449039.224240191),1535,Residential,Masonry
POINT (424317.4508102577 8448945.90668692),16672,Residential,Masonry
POINT (424723.30440247455 8449001.65394497),1169,Outbuilding,Masonry
POINT (425997.11709286924 8448408.202618098),5760,Outbuilding,Masonry
POINT (425944.89658856334 8448780.349972704),4223,Outbuilding,Masonry
POINT (426506.538260845 8448596.661025453),15282,Outbuilding,Masonry
POINT (426525.8465284948 8448576.431307403),3451,Outbuilding,Masonry
POINT (426154.0525712071 8448705.179186644),15000,Residential,Masonry
POINT (425961.35563995165 8448776.997633956),477,Residential,Masonry
POINT (425995.03543555987 8448682.004741015),4476,Residential,Masonry
POINT (425952.49021874066 8448701.504486265),2303,Residential,Masonry
POINT (426003.7573978511 8448652.922675505),12650,Residential,Masonry
POINT (426015.40546914405 8448688.499889389),2416,Residential,Masonry
POINT (426880.18172750983 8448345.992073765),14856,Residential,Masonry
POINT (426684.5187368799 8448214.598143527),19982,Residential,Masonry
POINT (426702.57896465674 8448197.617076922),12590,Outbuilding,Masonry
POINT (426627.6932182728 8448202.425823992),19071,Outbuilding,Masonry
POINT (426668.9865598768 8448220.68148454),19244,Outbuilding,Masonry
POINT (427862.74332739034 8449970.032439461),9245,,
POINT (427665.12850769475 8449867.097287405),12404,,
POINT (427474.3896321996 8449301.993667172),8054,,
POINT (427008.19003674015 8448040.056120789),13357,,
POINT (427457.8571977291 8449307.977946147),1540,,
POINT (426783.8883149841 8448148.0381225),8445,,
POINT (427480.6400804908 8449127.528932184),7709,,
POINT (427662.8677266714 8449330.404707467),18631,,
POINT (427464.4950449722 8449316.739969987),12302,,
POINT (426897.10673678934 8447992.66145404),14897,,
POINT (427510.0857388113 8449222.055132616),18522,,
POINT (427664.91767833603 8449345.208274588),12434,,
POINT (427599.6696819655 8449336.173024999),607,,
POINT (427596.16328613285 8449276.516984565),8361,,
POINT (426914.2904844633 8448219.088538181),3297,,
POINT (427018.74888117675 8448110.899454623),1088,,
POINT (427542.59419732087 8449300.020499099),18893,,
POINT (427605.87150888 8449268.802318262),7424,,
POINT (426938.14918806864 8448339.02406408),4421,,
POINT (427046.0376104888 8448178.006113684),1922,,
POINT (427675.26578529144 8449260.921372503),12574,,
POINT (427022.0259167629 8448020.20632661),15346,,
POINT (426891.77865278156 8448005.556283051),913,,
POINT (427616.5563035525 8449336.193438523),12008,,
POINT (427530.7176644347 8449257.749976153),19023,,
POINT (426927.1937084939 8448342.437526073),3201,,
POINT (427052.5389733457 8448217.344108852),7977,,
POINT (427599.1251756176 8449345.86786828),13272,,
POINT (426933.0359111947 8448351.237679286),10794,,
POINT (427876.99238590396 8449237.32988613),10659,,
POINT (427879.09462827136 8449256.436136538),17426,,
POINT (427486.9908203164 8449332.338971188),16354,,
POINT (426806.78290856624 8448149.926304605),8848,,
POINT (427560.25411512126 8449151.44925456),12147,,
POINT (427889.53233534127 8449244.949732285),8615,,
POINT (426997.46264572756 8448028.812844431),18891,,
POINT (426923.2887904279 8448033.801064054),18197,,
POINT (426935.23864167574 8447976.059459409),17157,,
POINT (426809.48557938513 8448165.794578146),6395,,
POINT (427461.4696204713 8449087.538180996),7835,,
POINT (426792.3979375586 8448141.067929832),10520,,
POINT (427934.88327547983 8449232.36615508),5270,,
POINT (427543.3809282273 8449284.060803546),5162,,
POINT (427304.2445291428 8448683.292199131),9931,,
POINT (427242.2904174485 8448586.221835641),16181,,
POINT (427280.62121069076 8448712.233984293),18800,,
POINT (427215.37202422513 8448598.547014726),16175,,
POINT (427124.2434000526 8448366.139535489),9716,,
POINT (427107.96663362626 8448300.233666906),11537,,
POINT (427100.1154611699 8448495.149143703),8973,,
POINT (427354.2329543317 8448835.906318782),9113,,
POINT (427282.9307638312 8448674.947300415),10134,,
POINT (427238.15554489475 8448597.085725399),16463,,
POINT (427292.2322534123 8448688.862079212),15113,,
POINT (427282.3497294002 8448685.585654005),8223,,
POINT (427139.7382905343 8448366.383415041),7341,,
POINT (427096.499071926 8448303.732417293),11785,,
POINT (427217.08361104765 8448778.353898583),10643,,
POINT (427259.82121140894 8448760.554521713),8441,,
POINT (427221.8456429284 8448578.890480567),8299,,
POINT (427197.33280727785 8448522.58112766),6608,,
POINT (427109.9588850618 8448509.85224037),14457,,
POINT (427132.2588992458 8448375.399156347),17509,,
POINT (427230.6871300576 8448753.53731288),17436,,
POINT (427256.3301041184 8448647.78359399),11476,,
POINT (426757.6778544057 8448056.829994831),1813,Outbuilding,Timber
POINT (426771.5990248012 8448050.409469709),6372,Residential,Masonry
POINT (426763.4553061983 8448038.533441449),16955,Residential,Masonry
POINT (426833.6489046777 8448041.00068453),4934,Residential,Masonry
POINT (426897.41823730525 8447978.473523688),14925,Residential,Masonry
POINT (426805.63475573424 8447902.953151155),2036,Residential,Masonry
POINT (426805.719646903 8447894.861869613),4294,Outbuilding,Timber
POINT (426789.70991120953 8447880.555224063),18192,Outbuilding,Masonry
POINT (426837.79986639414 8447859.61650915),10242,Residential,Timber
POINT (426849.5031415382 8447868.475516032),4612,Residential,Masonry
POINT (426868.26246198756 8447886.65483276),9806,Residential,Masonry
POINT (426883.487941072 8447885.088928558),5499,Residential,Masonry
POINT (426898.3049048852 8447930.40236365),6695,Residential,Masonry
POINT (426892.1682023787 8447919.272318127),13371,Outbuilding,Masonry
POINT (426913.087699802 8447921.747058079),17882,Outbuilding,Timber
POINT (426929.39686633146 8447914.565485213),16238,Outbuilding,Masonry
POINT (426977.3910626816 8447905.68415494),17250,Outbuilding,Timber
POINT (426984.44589031546 8447910.760288758),5448,Outbuilding,Timber
POINT (426801.71234512405 8447940.573526159),15546,Residential,Masonry
POINT (426780.2555150554 8447937.496652959),18863,Outbuilding,Timber
POINT (426770.69927489606 8447961.70173916),14666,Outbuilding,Timber
POINT (426756.5262609 8448004.694945779),5190,Outbuilding,Masonry
POINT (426755.7169668856 8447991.683676364),13997,Residential,Masonry
POINT (426745.0349542389 8447986.08090667),6498,Outbuilding,Masonry
POINT (426714.3278813875 8448027.163067967),1619,Residential,Masonry
POINT (426725.4602859569 8448015.887043832),12199,Outbuilding,Masonry
POINT (426827.3652914645 8447877.556739075),10598,Residential,Masonry
POINT (426795.11994967185 8447889.311956977),19342,Residential,Masonry
POINT (426845.7189820582 8447930.058327738),5213,Religious,Reinforced_Concrete
POINT (426879.6330555353 8447931.953619061),1741,Residential,Masonry
POINT (426931.09229309706 8447928.5606328),1499,Residential,Masonry
POINT (426982.2388001909 8447933.84260821),10007,Residential,Masonry
POINT (426759.12073366344 8447978.186576117),16393,Residential,Masonry
POINT (426866.7835086443 8448000.583691234),12454,Outbuilding,Masonry
POINT (426878.44564275094 8447979.721259657),18379,Residential,Masonry
POINT (426850.8125228807 8447987.758912077),14450,Residential,Masonry
POINT (426828.24753357284 8448013.843798514),5871,Residential,Masonry
POINT (426858.2599297092 8448004.418459337),13225,Outbuilding,Masonry
POINT (426824.615601848 8448024.975452516),6737,Outbuilding,Masonry
POINT (426880.11927687516 8447993.769762145),13437,Residential,Masonry
POINT (426725.0278108543 8448199.759375842),9921,Outbuilding,Masonry
POINT (426773.32721101056 8448089.565820519),13565,Residential,Masonry
POINT (429349.1297609797 8448650.22414097),7656,,
POINT (429272.47323409736 8448488.08624577),17229,,
POINT (429322.3293772827 8448684.7470457),11796,,
POINT (429266.8742180268 8448758.690091146),10014,,
POINT (429310.11989430286 8448826.321343202),10232,,
POINT (429438.21222470334 8448686.10594028),19704,,
POINT (433347.65315988293 8449855.995018763),7437,,
POINT (433332.30468952394 8449854.439132366),4834,,
POINT (433336.36536702374 8449877.55740209),7562,,
POINT (433235.78433200857 8450607.365217812),7178,,
POINT (433242.42221570073 8450602.516091067),17827,,
POINT (433423.9067166508 8449723.565774232),12668,,
POINT (433386.379708129 8449978.976929536),15685,,
POINT (433265.3930379721 8450070.363111233),11889,,
POINT (433371.60905566433 8449936.793630283),14548,,
POINT (433429.37303133815 8449687.719999403),5855,,
POINT (433433.7823260637 8449723.677041095),1879,,
POINT (433441.68922149116 8449716.5914959),10478,,
POINT (433232.06489632226 8450509.354288463),19959,,
POINT (433343.9779897389 8449837.814508589),19719,,
POINT (433429.0837406314 8449854.85082931),16410,,
POINT (434081.693296092 8449078.8313302),3696,,
POINT (434557.36832773534 8451054.827041363),8922,,
POINT (434105.0164400128 8448649.429946413),5468,,
POINT (434066.49214818684 8449073.482737934),10133,,
POINT (434194.39589373826 8448790.88201809),15222,,
POINT (433884.78292405605 8448741.932128018),15084,,
POINT (434562.1280945348 8451041.113600966),154,,
POINT (434179.3238351545 8448704.393552084),9250,,
POINT (434839.50773168344 8451095.292548675),14623,,
POINT (434232.1188061037 8448888.168385347),11518,,
POINT (434560.90916398156 8450977.315617988),765,,
POINT (433648.05635845894 8449006.44100443),8107,,
POINT (433847.9144476824 8448649.484165354),2343,,
POINT (434206.7659182862 8448768.99063359),12802,,
POINT (434545.4742447329 8451056.450070836),2559,,
POINT (433815.9605306434 8448871.33149837),11070,,
POINT (433642.82179060904 8448809.341165107),13078,,
POINT (433871.60232901014 8448731.554342408),13700,,
POINT (433918.13311860454 8449225.751410991),10613,,
POINT (434493.17470640916 8451005.49473925),5326,,
POINT (433654.0163052988 8448821.268141141),17951,,
POINT (434082.48152706126 8448579.055058032),18149,,
POINT (433743.1797282341 8449162.177499263),17884,,
POINT (434385.1073925639 8450587.000396015),17887,,
POINT (434224.45906012517 8448876.450877659),15620,,
POINT (434104.75635461323 8448664.86550786),1532,,
POINT (433706.00099831034 8449039.445819346),3145,,
POINT (433575.7422567261 8448831.236734444),2111,,
POINT (433862.3455089397 8448599.590993198),17789,,
POINT (434101.2922861213 8448608.426428985),9060,,
POINT (433636.20703549124 8448823.015975285),17773,,
POINT (434126.5565720477 8449281.670900758),11741,,
POINT (434032.47958177654 8449189.56525122),15540,,
POINT (433873.302023615 8449626.69568623),3608,,
POINT (433628.5160935459 8448938.176593525),1665,,
POINT (433641.20164874423 8448831.163719978),13773,,
POINT (433882.88179428055 8449634.27226526),19489,,
POINT (434081.9987775936 8448566.296922065),17397,,
POINT (434400.85446519405 8450594.895963132),15409,,
POINT (434186.0911285414 8448973.443697635),5356,,
POINT (433703.3648956328 8448837.519698977),18980,,
POINT (433814.4164078024 8448861.676062133),13743,,
POINT (433678.84365580307 8448783.473914977),18425,,
POINT (434576.3243159075 8451048.16706409),14522,,
POINT (433709.3018114757 8448890.242874457),3356,,
POINT (434028.94968381297 8449201.639352964),7370,,
POINT (433805.2120693027 8448866.27438447),843,,
POINT (434184.45245866216 8449012.137143647),19687,,
POINT (434200.90478178277 8449013.845416049),11803,,
POINT (434040.3916724434 8448490.164227622),4833,,
POINT (433659.33720419044 8448746.080736585),10743,,
POINT (434241.94631313084 8448878.465554252),18672,,
POINT (434074.86315057887 8449324.413925475),7366,,
POINT (433732.8034374216 8449162.468072677),10181,,
POINT (433647.3578958195 8448704.03752538),7738,,
POINT (433815.01110318705 8449010.081972113),14435,,
POINT (434108.7877524534 8448821.988576468),5397,,
POINT (433612.8387950741 8448811.912265595),15235,,
POINT (434004.66024263855 8449197.93168866),18871,,
POINT (434107.12827306817 8449077.372456858),1727,,
POINT (433886.95588966215 8449612.256506741),7089,,
POINT (433646.7414850521 8448951.1889393),18722,,
POINT (434098.4343393844 8448821.602189554),13509,,
POINT (433729.7251062132 8449433.19983399),16590,,
POINT (433698.400944483 8448957.146477772),14642,,
POINT (434049.7718681485 8448496.786960656),13990,,
POINT (433654.78986529214 8448927.24004366),10122,,
POINT (433714.962085008 8449428.842256648),8903,,
POINT (433960.21453291556 8448996.267933168),16242,,
POINT (434223.6351837523 8449287.316068785),11145,,
POINT (433555.685892409 8448965.466071434),19778,,
POINT (434167.0772275002 8449038.598734155),17092,,
POINT (433652.735166523 8448940.860831436),6219,,
POINT (433803.5375453919 8448999.985404922),16197,,
POINT (434170.2781943528 8448597.0885506),18665,,
POINT (434124.49131882493 8449296.276532242),3706,,
POINT (434154.7255476417 8448595.0178218),8562,,
POINT (433981.97694130725 8448554.498290055),17137,,
POINT (434134.8726970513 8448762.878604434),5131,,
POINT (434115.29290227575 8448815.132794812),10697,,
POINT (433733.7113141892 8449182.577621434),482,,
POINT (434274.48593935254 8449352.929389257),4902,,
POINT (433951.35341227375 8448980.243819552),15468,,
POINT (433966.8568903621 8448552.397151766),14091,,
POINT (433899.6106689204 8448969.8433379),6719,,
POINT (434112.6259369389 8448831.137372145),5741,,
POINT (434269.55993528286 8449345.537517468),7103,,
POINT (433582.13029369945 8449122.190210305),19098,,
POINT (434167.51843643346 8448585.055836836),15083,,
POINT (434226.9798756172 8449276.80165666),797,,
POINT (433912.110227112 8448983.828660423),7822,,
POINT (433569.01160040323 8449021.070105324),18830,,
POINT (434070.9813110237 8449341.044662546),8964,,
POINT (434166.76416530984 8448608.985698035),18521,,
POINT (433816.9393578226 8449001.4655731),15363,,
POINT (434079.3316268213 8449350.491080845),2416,,
POINT (434260.6548203582 8449352.27437366),3571,,
POINT (433896.73197446705 8448987.570663856),6076,,
POINT (434133.9266397169 8448549.769299537),12920,,
POINT (434258.390077539 8449340.468335403),1634,,
POINT (433803.701134376 8448990.148027182),9213,,
POINT (433579.7756428783 8449031.24166105),16943,,
POINT (434134.2930519693 8448733.814237319),3046,,
POINT (434239.876291697 8449324.956914715),9103,,
POINT (433607.3857069393 8448885.5471057),7135,,
POINT (433579.0232360532 8449017.4472886),13770,,
POINT (433631.5055683046 8449180.089117434),14926,,
POINT (433537.52977509925 8448962.540239058),5614,,
POINT (433567.8514197911 8448865.452957006),11274,,
POINT (433530.1251164312 8448970.03372128),17746,,
POINT (433626.09764199494 8448898.129195195),8169,,
POINT (433589.1696926799 8449108.40773872),19364,,
POINT (433581.56315268006 8448866.26286093),2740,,
POINT (437090.51384204155 8447828.442253925),18891,,
POINT (437077.63699356554 8448080.282460917),19994,,
POINT (437461.7949258914 8448185.490922337),5676,,
POINT (437019.8474636528 8447411.063588025),2922,,
POINT (437004.14999856055 8447452.432792684),15181,,
POINT (437092.24888808175 8447851.537713788),2125,,
POINT (436985.66669617634 8447590.545693787),2161,,
POINT (437207.8695248929 8448130.186930008),15815,,
POINT (436959.84847393114 8447296.157321785),12707,,
POINT (437009.37278187746 8447388.170871925),8700,,
POINT (436992.65292166395 8447458.723924281),1407,,
POINT (437000.6658509338 8447598.817017252),512,,
POINT (437135.96747415466 8448099.903155664),13918,,
POINT (437119.6905886629 8447717.038679726),7155,,
POINT (435965.65199715405 8447842.185563156),10873,,
POINT (435983.1946166737 8447843.139381891),10728,,
POINT (436151.35628548526 8447805.74638292),6487,,
POINT (436901.3802493517 8447396.289820123),10314,Residential,Masonry
POINT (436904.6213352798 8447418.567145726),18035,Outbuilding,Masonry
POINT (436888.7106190725 8447387.178458303),19860,Residential,Masonry
POINT (436896.2773819853 8447411.294982236),1455,Outbuilding,Masonry
POINT (436437.75304015813 8447913.183594087),9796,Outbuilding,Masonry
POINT (436438.2476264874 8447892.165790524),7711,Outbuilding,Masonry
POINT (436221.04500897025 8447882.014836382),17232,Outbuilding,Masonry
POINT (436246.96049016557 8447883.600903202),16035,Outbuilding,Masonry
POINT (436575.1225236175 8447905.124258041),8400,Residential,Masonry
POINT (436568.01053918037 8447918.931236258),8059,Outbuilding,Masonry
POINT (436456.38839332364 8447901.095299657),14062,Residential,Masonry
POINT (437068.48470598296 8447542.619465638),13857,Outbuilding,Masonry
POINT (437043.67582864914 8447537.985513458),2236,Residential,Masonry
POINT (436989.96675040957 8447575.643212374),11940,Outbuilding,Masonry
POINT (437028.16259520815 8447510.584219476),16095,Residential,Masonry
POINT (436142.4348701997 8447828.634112466),3349,Residential,Masonry
POINT (436264.54528885975 8447761.069746586),12169,Residential,Masonry
POINT (435670.2057417244 8447565.325617332),11089,Hotel,Reinforced_Concrete
POINT (435637.6519286849 8447545.990282468),3980,Hotel,Timber
POINT (435689.40403736354 8447522.964110004),13665,Hotel,Masonry
POINT (435573.8369520219 8447573.522602493),8529,Hotel,Masonry
POINT (435612.07864958566 8447518.60652633),12007,Hotel,Masonry
POINT (435598.62427991105 8447540.584530806),12114,Hotel,Masonry
POINT (435696.26643839997 8447567.426820299),16717,Hotel,Masonry
POINT (435613.3671606549 8447596.307274502),13044,Hotel,Masonry
POINT (435636.6339792075 8447520.205893887),14523,Hotel,Masonry
POINT (435576.71339494316 8447594.13880538),12083,Hotel,Masonry
POINT (435653.25939848874 8447514.224410068),3777,Hotel,Masonry
POINT (435595.09979308577 8447586.80471595),17632,Hotel,Masonry
POINT (435577.30667880445 8447581.931996278),6640,Hotel,Masonry
POINT (435594.230889298 8447571.365544517),7711,Hotel,Masonry
POINT (435567.9747984769 8447541.47895884),15605,Hotel,Masonry
POINT (435668.3761330174 8447527.823492797),10908,Hotel,Masonry
POINT (435602.09312329633 8447521.148258066),2600,Hotel,Masonry
POINT (435602.8835844788 8447548.321760746),15360,Hotel,Masonry
POINT (435696.8982161525 8447581.349086475),6154,Hotel,Masonry
POINT (435644.4846495607 8447579.784582268),10216,Hotel,Masonry
POINT (435579.400279631 8447602.946409732),5005,Hotel,Masonry
POINT (435695.3560134427 8447555.94488224),15329,Hotel,Masonry
POINT (435568.2549080024 8447524.105216015),11641,Hotel,Masonry
POINT (435621.371600855 8447577.868120389),19459,Hotel,Masonry
POINT (435569.82205022225 8447552.741952796),6418,Hotel,Masonry
POINT (435570.8207566342 8447563.439621488),17990,Hotel,Masonry
POINT (435592.89984840015 8447521.583002727),19169,Hotel,Masonry
POINT (435644.01111442235 8447514.952446204),11190,Hotel,Masonry
POINT (435585.0667296489 8447527.56659892),989,Hotel,Masonry
POINT (435633.8322301411 8447576.528663075),11816,Hotel,Masonry
POINT (435662.4635476916 8447535.306751262),2027,Hotel,Masonry
POINT (435605.18452466436 8447556.318591027),5153,Hotel,Masonry
POINT (435603.4473161236 8447592.85911038),12512,Hotel,Masonry
POINT (435722.12142810534 8447506.916129332),9486,Hotel,Masonry
POINT (435750.26393553667 8447462.259902231),12429,Hotel,Masonry
POINT (435843.8645597936 8447487.759156328),4912,Hotel,Masonry
POINT (435839.52150480094 8447503.02284464),1701,Hotel,Masonry
POINT (435832.1724055544 8447488.206496729),2999,Hotel,Masonry
POINT (435827.790706586 8447505.292368904),16722,Hotel,Masonry
POINT (435816.47133390664 8447505.99857344),19164,Hotel,Masonry
POINT (435807.75065518566 8447493.870904528),12541,Hotel,Masonry
POINT (435820.20668250445 8447490.273311354),19016,Hotel,Masonry
POINT (435755.6498314853 8447497.125444595),2889,Hotel,Reinforced_Concrete
POINT (435772.2576427626 8447548.588447478),15028,Hotel,Reinforced_Concrete
POINT (435774.67269151146 8447511.72306581),15254,Hotel,Masonry
POINT (435781.98648631485 8447499.474418283),11672,Hotel,Masonry
POINT (435793.839122178 8447495.173420709),5717,Hotel,Masonry
POINT (435666.21851916565 8447511.33938696),6840,Hotel,Masonry
POINT (435676.0621823691 8447511.714239363),1690,Hotel,Masonry
POINT (435684.22153475735 8447509.55142548),1596,Hotel,Masonry
POINT (435621.5554112375 8447549.25458571),1107,Hotel,Masonry
POINT (436914.9371519558 8447322.495712176),15892,Residential,Masonry
POINT (436927.4351476123 8447286.043591993),7921,Residential,Masonry
POINT (436905.8151972435 8447458.702237975),7174,Outbuilding,Masonry
POINT (436889.73795117356 8447448.847000875),17705,Outbuilding,Masonry
POINT (436914.8904028193 8447459.933178382),4078,Residential,Masonry
POINT (436942.392229403 8447495.857259046),18339,Residential,Masonry
POINT (436870.74826939165 8447380.929771114),16856,Outbuilding,Masonry
POINT (436225.4579261135 8447734.21493949),1444,Residential,Masonry
POINT (436258.9202639037 8447740.157969946),7523,Outbuilding,Masonry
POINT (436211.774444354 8447716.07039418),5727,Outbuilding,Masonry
POINT (436207.15285858104 8447722.09696168),19781,Outbuilding,Masonry
POINT (436223.5083446137 8447724.009731459),6528,Outbuilding,Masonry
POINT (436247.6315442329 8447787.715889743),15098,Residential,Masonry
POINT (436335.05738758406 8447775.808284765),2609,Outbuilding,Masonry
POINT (436327.0496784135 8447795.563783396),6109,Residential,Masonry
POINT (436366.28215375834 8447792.907205997),15054,Residential,Masonry
POINT (436235.10220103303 8447884.609858867),11051,Outbuilding,Masonry
POINT (436460.47040590394 8447842.438489763),570,Residential,Masonry
POINT (436430.94935894536 8447809.829541614),8101,Outbuilding,Masonry
POINT (436417.51600245206 8447808.019291347),6665,Residential,Masonry
POINT (435718.6323221226 8447630.708027244),11057,Residential,Masonry
POINT (435744.6553708766 8447668.670496011),16323,Hotel,Masonry
POINT (435869.76256648067 8447673.532030756),18378,Residential,Masonry
POINT (435824.56257696974 8447600.44033481),9489,Residential,Masonry
POINT (435814.48921378405 8447603.86134543),6609,Residential,Masonry
POINT (435804.0053008508 8447617.007740363),5941,Outbuilding,Masonry
POINT (436386.1977899944 8447807.208590232),12687,Commercial,Masonry
POINT (436161.7705793421 8447828.719979197),4155,Residential,Masonry
POINT (436221.121069061 8447873.14063928),13947,Residential,Masonry
POINT (436246.2306950027 8447873.269084012),12005,Residential,Masonry
POINT (436234.6385945386 8447877.123473288),1139,Outbuilding,Masonry
POINT (436592.61198946653 8447923.51957038),3733,Residential,Masonry
POINT (436947.7482119029 8447516.911966354),616,Residential,Masonry
POINT (436990.3735231875 8447552.849202583),12324,Residential,Masonry
POINT (437033.96955251216 8447520.329880893),14059,Residential,Masonry
POINT (437069.38533061824 8447531.69995449),14216,Residential,Masonry
POINT (436937.29074100143 8447434.892979816),15258,Residential,Masonry
POINT (436714.2944350728 8451601.19908293),3449,,
POINT (436842.55154085456 8451600.388472104),16429,,
POINT (437963.70056286076 8447756.489823444),12520,,
POINT (437708.2319404939 8448735.598348737),14413,,
POINT (436780.02045857697 8452788.256415159),17349,,
POINT (437937.48957092344 8447759.700449621),18352,,
POINT (429714.53325763467 8448609.040155428),1952,,
POINT (428362.46102864 8448827.135653486),3825,,
POINT (428328.3230207319 8448819.249996362),15476,,
POINT (429490.9367583877 8448654.721452307),8075,,
POINT (428575.3672388593 8448907.508290138),18741,,
POINT (429679.5623679127 8449060.310329277),11199,,
POINT (429720.7977726486 8448616.329526974),10787,,
POINT (429484.9551111309 8448681.8523178),18777,,
POINT (428319.70143564214 8448814.321101839),7423,,
POINT (429414.19170102006 8448764.586457543),2336,,
POINT (429529.4023520456 8449091.367496653),15436,,
POINT (429282.425424466 8448756.606633347),10700,,
POINT (429424.5083930674 8448688.863300757),17774,,
POINT (429261.99837924546 8448569.532683335),3222,,
POINT (429291.4651109599 8448818.42534713),19449,,
POINT (428446.5616690481 8448817.156761346),6116,,
POINT (429566.7146511054 8448732.64561622),1445,,
POINT (429251.89795789367 8448463.546498274),16947,,
POINT (429203.3481751106 8448702.47411529),14032,,
POINT (429270.6686204791 8448544.828352073),16246,,
POINT (429335.18377667473 8448761.710271003),2574,,
POINT (428471.9255180842 8448808.235856831),6177,,
POINT (428337.7446900396 8448832.68151371),2090,,
POINT (429504.4451239126 8448676.326274604),6433,,
POINT (429333.1121158128 8448778.898813847),3417,,
POINT (429180.89395544684 8448721.606887452),9458,,
POINT (429341.07360044064 8448846.391584696),8057,,
POINT (428223.93228406284 8448969.940456301),18687,,
POINT (429680.5346295499 8449071.535891926),3335,,
POINT (428564.80701854354 8448888.923680436),12769,,
POINT (429536.7117066445 8448758.774701826),9365,,
POINT (429696.36826852214 8448630.718293883),9229,,
POINT (429272.317945377 8448558.019308312),17539,,
POINT (429338.47812118585 8448860.485007152),6493,,
POINT (428227.4399783128 8448980.988025304),2607,,
POINT (429453.8134165164 8448699.202728504),2665,,
POINT (429504.828296158 8448779.620320538),571,,
POINT (429533.7208091424 8448660.148568364),2389,,
POINT (429244.244074762 8448761.403479302),8951,,
POINT (429270.6433271872 8448591.728665),14221,,
POINT (429476.8388597105 8448717.49367917),8708,,
POINT (429433.6225995709 8448669.184662893),5159,,
POINT (429302.583822012 8448834.233363727),15362,,
POINT (429746.9478167009 8449861.43342416),6718,,
POINT (428242.64153165004 8448971.087839592),15428,,
POINT (429594.1723402996 8448707.673221054),8853,,
POINT (429283.559395537 8448555.471289948),881,,
POINT (428575.5368217142 8448879.499904858),9966,,
POINT (429141.0122824935 8448368.370087557),4450,,
POINT (429107.64127796347 8448265.94387881),19614,,
POINT (429144.09006980096 8448355.30304823),10508,,
POINT (429159.9916174872 8448378.367436633),16843,,
POINT (429054.27216119325 8448193.724702513),6071,,
POINT (429102.5723743875 8448248.015595311),13173,,
POINT (429166.34470059373 8448361.138276005),13186,,
POINT (429100.92293395015 8448258.476242037),2514,,
POINT (429763.6453711957 8451225.965962628),14209,,
POINT (429749.41731536324 8452157.774967404),18015,,
POINT (429083.31162246 8451558.002741126),14869,,
POINT (429575.75240755966 8451423.256835906),11060,,
POINT (428517.48157569795 8447765.091939468),3944,Residential,Masonry
POINT (428483.98048995767 8447733.19621416),13287,Tourist Fale,Timber
POINT (428493.97319904 8447732.589036906),12926,Tourist Fale,Timber
POINT (428503.8304777996 8447731.134541834),17316,Tourist Fale,Timber
POINT (428514.5793390141 8447731.164672647),2314,Tourist Fale,Timber
POINT (429047.61693865055 8448140.53979842),4283,Residential,Masonry
POINT (429043.0885963158 8448178.961316641),13842,Outbuilding,Masonry
POINT (428903.1553909504 8447711.522736592),698,Hotel,Masonry
POINT (428915.02087661426 8447739.330131235),8779,Hotel,Masonry
POINT (428917.0405020162 8447747.917118618),7730,Hotel,Masonry
POINT (428942.3215840999 8447760.652793067),12670,Hotel,Masonry
POINT (428919.5896432251 8447684.746384902),2580,Hotel,Timber
POINT (428827.4140265424 8447738.362507265),15957,Hotel,Masonry
POINT (428832.6193366571 8447791.780123409),4152,Outbuilding,Masonry
POINT (428827.3784745449 8447779.371829433),9704,Residential,Masonry
POINT (428738.84913133906 8447710.323774565),19109,Commercial,Masonry
POINT (428653.63618750515 8447758.481587283),6136,Hotel,Masonry
POINT (428670.0569887702 8447757.976862872),15172,Hotel,Masonry
POINT (428637.3886290116 8447781.567414338),17521,Hotel,Masonry
POINT (428650.8647883987 8447782.128614632),7256,Hotel,Masonry
POINT (428619.949917043 8447778.401644016),14518,Hotel,Masonry
POINT (428636.85587234626 8447815.600547865),19952,Outbuilding,Masonry
POINT (428623.55450074706 8447815.45936267),9870,Residential,Masonry
POINT (428557.53910264495 8447754.360862197),13515,Hotel,Timber
POINT (428544.3422481654 8447732.60348087),16324,Commercial,Masonry
POINT (428476.56867453974 8447808.92129038),16805,Outbuilding,Masonry
POINT (428458.50885893265 8447779.261250889),2757,Residential,Masonry
POINT (428473.00453770417 8447789.215675255),11902,Residential,Masonry
POINT (428069.6657357166 8447734.596937306),11542,Residential,Timber
POINT (428442.4886398385 8447737.455635889),3575,Tourist Fale,Timber
POINT (428453.37926177104 8447736.074638471),17688,Tourist Fale,Timber
POINT (428463.2353563228 8447735.04362534),659,Tourist Fale,Timber
POINT (428473.71058501105 8447734.367230268),8542,Tourist Fale,Timber
POINT (428663.7368913221 8447720.236308979),13500,Hotel,Timber
POINT (428654.3595767324 8447722.539137065),17163,Hotel,Timber
POINT (428573.023851912 8447726.261270583),15588,Hotel,Timber
POINT (428589.28513685934 8447726.236236682),5729,Hotel,Timber
POINT (428589.86399356404 8447766.334380614),2067,Hotel,Timber
POINT (428600.21600842406 8447766.569199761),3333,Hotel,Timber
POINT (428613.7233703323 8447765.760079317),12017,Hotel,Timber
POINT (428571.4966244068 8447754.911514856),19028,Hotel,Timber
POINT (428572.9860046479 8447764.373092333),14713,Hotel,Timber
POINT (428569.3201905544 8447744.742252465),12145,Hotel,Timber
POINT (428567.1433777185 8447734.714111913),7062,Hotel,Timber
POINT (428666.10347825394 8447736.334623303),2232,Hotel,Timber
POINT (428597.00304712245 8447725.975538485),15333,Hotel,Timber
POINT (428647.0527146235 8447723.647938946),17391,Hotel,Timber
POINT (428907.85443239455 8447662.975680474),19233,Hotel,Timber
POINT (428847.0215737976 8447684.543897608),17102,Hotel,Timber
POINT (428869.36025707034 8447679.524632355),1086,Hotel,Timber
POINT (428897.9558847853 8447663.193855017),1679,Hotel,Timber
POINT (428881.2563501616 8447672.20499898),13378,Hotel,Timber
POINT (428810.29032018234 8447690.816018501),10620,Hotel,Timber
POINT (428822.73344843404 8447685.722760657),10373,Hotel,Timber
POINT (428835.00147053035 8447684.842690516),14717,Hotel,Timber
POINT (428715.98364725424 8447713.416668316),15489,Hotel,Timber
POINT (428836.9338570565 8447718.654917188),7872,Hotel,Timber
POINT (428828.5934155093 8447720.70360692),7680,Hotel,Timber
POINT (428819.5527400334 8447722.888976557),3204,Hotel,Timber
POINT (428808.091723116 8447732.550309604),4198,Outbuilding,Masonry
POINT (429034.5514547602 8448123.506289048),10810,Residential,Masonry
POINT (429046.9793405361 8448121.498046165),1512,Residential,Masonry
POINT (428395.740585604 8447795.038526002),1123,Outbuilding,Masonry
POINT (428381.1370363938 8447776.21423591),13522,Outbuilding,Masonry
POINT (428230.3414697243 8447766.566443974),5479,Outbuilding,Masonry
POINT (428412.1406723534 8447774.393849552),19825,Residential,Masonry
POINT (429067.7334942202 8447622.504720563),14516,Outbuilding,Masonry
POINT (429049.48879244225 8447623.117574755),14948,Outbuilding,Masonry
POINT (443688.03002564295 8447735.948357454),3311,Residential,Masonry
POINT (443685.45130476577 8447721.323112007),11087,Outbuilding,Masonry
POINT (443672.3050408096 8447713.865858829),491,Residential,Masonry
POINT (443615.7230775066 8447738.872165883),5987,Residential,Masonry
POINT (443630.9037749788 8447735.236197462),15672,Residential,Masonry
POINT (443632.93058799504 8447747.481724674),18512,Residential,Masonry
POINT (443636.96461389476 8447765.28448898),6747,Residential,Masonry
POINT (443617.8203449973 8447754.098799076),17056,Residential,Masonry
POINT (443617.9693815513 8447766.789326685),5107,Residential,Masonry
POINT (443614.9501787723 8447776.210431634),10043,Outbuilding,Timber
POINT (443592.9345062247 8447770.260861931),4890,Outbuilding,Masonry
POINT (443547.4218312032 8447742.769024704),18867,Residential,Masonry
POINT (443529.95542681083 8447722.712719886),11578,Residential,Masonry
POINT (443478.6152619441 8447724.606022188),17286,Residential,Masonry
POINT (443460.8293849298 8447732.747795388),18505,Residential,Masonry
POINT (443668.01521326613 8447798.12104982),8464,Residential,Masonry
POINT (443653.4231195725 8447832.33226948),17499,Residential,Masonry
POINT (443666.81761340617 8447849.315750455),2870,Outbuilding,Timber
POINT (443575.4134316418 8447771.399453582),15268,Outbuilding,Timber
POINT (443671.74863723764 8447744.256553963),13631,Outbuilding,Masonry
POINT (443613.0891958963 8447889.988025114),11453,Outbuilding,Masonry
POINT (443479.4084606452 8447736.126931133),17607,Outbuilding,Masonry
POINT (443563.02662113745 8447746.222114347),1265,Outbuilding,Masonry
POINT (443676.94588062796 8447764.26805462),2608,Outbuilding,Masonry
POINT (444696.16299050685 8448576.80386826),17243,,
POINT (444706.40883560013 8448579.956049284),6361,,
POINT (444702.27488568524 8448590.059700811),5297,,
POINT (444499.5880448101 8448269.722392648),18850,,
POINT (444509.4607074816 8448286.344914576),12281,,
POINT (444459.28949372267 8448208.403396528),14619,,
POINT (444360.62122415926 8448118.058420384),11062,,
POINT (444486.6421687649 8447707.173566608),19093,Residential,Masonry
POINT (444469.59905141 8447702.737013673),7305,Outbuilding,Masonry
POINT (444404.3597911836 8447695.8098929),16634,Residential,Masonry
POINT (444411.52271167364 8447668.201858975),5952,Residential,Masonry
POINT (444490.9286470259 8447702.88708834),16971,Residential,Masonry
POINT (446699.2157597984 8447911.079822574),18027,,
POINT (444908.44918194663 8448670.222229473),10278,,
POINT (446750.0815399239 8447892.440680398),6604,,
POINT (446702.6533269205 8448857.108438624),4245,,
POINT (446733.6390280618 8448808.334493386),8568,,
POINT (446626.21393134916 8448616.729771027),3867,,
POINT (446641.40952897415 8448614.208518198),13407,,
POINT (446643.11600025865 8448690.788587507),16944,,
POINT (446603.42072039965 8448714.209048154),6373,,
POINT (446593.95082737645 8448701.577401558),15806,,
POINT (446609.50443556695 8448637.506497947),18840,,
POINT (446558.63550248474 8448630.75757888),14744,,
POINT (446502.3126830086 8448645.377849804),18813,,
POINT (446544.2154485027 8448678.291601192),19193,,
POINT (446562.7615374679 8448711.543472454),7813,,
POINT (446301.4483198172 8448832.236128306),8429,,
POINT (445741.6246917734 8448989.666617654),2778,,
POINT (445792.84691926505 8448949.07826746),10410,,
POINT (445766.41326623736 8448928.526710257),2102,,
POINT (445745.8291871597 8448926.58363954),2562,,
POINT (445644.4356998981 8448975.467836296),10307,,
POINT (445484.34430812224 8448988.791668065),3240,,
POINT (445573.10139997554 8448941.774215965),15552,,
POINT (445633.84433682787 8448876.418321628),18247,,
POINT (445536.7571560193 8448870.501155796),15674,,
POINT (445504.2681940327 8448851.98721175),8227,,
POINT (445470.30927352764 8448904.219328173),1855,,
POINT (445449.9878210965 8448898.900294127),4380,,
POINT (445127.60722929606 8448595.94346816),2320,,
POINT (445099.8062705885 8448760.47482901),10717,,
POINT (445095.7364875677 8448748.824917562),12530,,
POINT (445111.29161219916 8448747.172273483),14825,,
POINT (445093.77568965347 8448713.587899175),11642,,
POINT (445057.09499968507 8448656.925281378),10448,,
POINT (445051.5687100368 8448666.455251357),19179,,
POINT (445028.9609865216 8448654.898652675),3710,,
POINT (445053.78038720414 8448641.666554831),9908,,
POINT (445042.8394999683 8448654.757740732),10560,,
POINT (445001.34125652467 8448651.67044912),11098,,
POINT (445014.54431586695 8448646.582374673),11296,,
POINT (445033.84034674393 8448582.842384268),14380,,
POINT (445000.6968750736 8448591.304476826),4565,,
POINT (444961.7032725142 8448576.611619718),17034,,
POINT (444947.86376973224 8448582.614878913),18914,,
POINT (444841.11035371415 8448569.195592359),15281,,
POINT (445341.5084334617 8447601.229828155),6033,Fale,Timber
POINT (445312.8724004895 8447594.119422872),18177,Hotel,Masonry
POINT (445264.6615890277 8447607.17541207),2980,Residential,Masonry
POINT (445257.0226212796 8447591.69174715),16301,Residential,Masonry
POINT (445418.6647517941 8447584.324441532),17712,Outbuilding,Timber
POINT (445062.55844267376 8447622.09163407),18378,Outbuilding,Masonry
POINT (445023.38364822796 8447605.147800418),15328,Residential,Masonry
POINT (444978.7442038207 8447610.679989276),13094,Residential,Masonry
POINT (444900.4400007111 8447608.25212557),4275,Residential,Masonry
POINT (444845.01618287043 8447617.811134791),17160,Residential,Timber
POINT (444645.53778973845 8447596.45790498),19953,Hotel,Timber
POINT (444674.3160760777 8447592.019803401),16597,Tourist Fale,Timber
POINT (444682.9835233802 8447591.313982686),16031,Tourist Fale,Timber
POINT (444657.6844862148 8447595.33504856),11250,Tourist Fale,Timber
POINT (444664.852398834 8447592.90503332),4685,Tourist Fale,Timber
POINT (444634.5907911191 8447601.806449613),5970,Tourist Fale,Timber
POINT (445059.1601455249 8447602.74044532),9743,Residential,Masonry
POINT (445412.0209686406 8447612.524434624),11173,Outbuilding,Timber
POINT (446089.06783461745 8447748.098464042),389,Residential,Masonry
POINT (446108.5557425959 8447752.502865408),4570,Residential,Masonry
POINT (446117.9817023951 8447739.878909487),7039,Outbuilding,Timber
POINT (445345.07823964744 8447579.486278923),859,Hotel,Masonry
POINT (445819.155625302 8447618.243294861),56,Residential,Masonry
POINT (445762.9013276865 8447595.12623347),11617,Hotel,Masonry
POINT (446101.3936470745 8447672.537412725),978,Hotel,Masonry
POINT (446650.5352634214 8447823.709314115),10276,Commercial,Masonry
POINT (446611.7811645898 8447818.160778489),15383,Commercial,Masonry
POINT (446598.08629793086 8447812.184492746),12089,Commercial,Masonry
POINT (446585.53358348523 8447851.162060084),6923,Residential,Masonry
POINT (446542.219817951 8447818.878933098),13782,Outbuilding,Masonry
POINT (446523.68909896916 8447821.560300317),19498,Residential,Masonry
POINT (446526.6076990829 8447811.604582295),7827,Residential,Masonry
POINT (446495.1325807168 8447800.665892653),15181,Residential,Masonry
POINT (446483.21013906086 8447785.72227021),10174,Outbuilding,Masonry
POINT (446381.1668869445 8447729.773141451),983,Outbuilding,Masonry
POINT (446344.34061883227 8447730.60187283),3989,Residential,Masonry
POINT (446342.1260331883 8447708.374073572),19750,Outbuilding,Masonry
POINT (446520.46676330187 8447779.648370622),4345,Tourist Fale,Timber
POINT (446537.25378220686 8447786.476817375),16621,Tourist Fale,Timber
POINT (446529.9216826313 8447782.928954655),6717,Tourist Fale,Timber
POINT (446547.595067456 8447788.76290793),10029,Tourist Fale,Timber
POINT (446553.69166277023 8447791.130682314),15026,Tourist Fale,Timber
POINT (446560.93664520147 8447794.044314466),18089,Tourist Fale,Timber
POINT (446575.07502843725 8447798.874501875),224,Tourist Fale,Timber
POINT (446567.3873097543 8447796.23167221),507,Tourist Fale,Timber
POINT (446511.5471466872 8447774.104484877),18244,Tourist Fale,Timber
POINT (446501.4783654317 8447768.377037574),1268,Tourist Fale,Timber
POINT (433534.622715054 8448985.074037096),14523,,
POINT (434184.27773733827 8449317.792316223),17190,,
POINT (433622.6720573922 8449138.289638633),1925,,
POINT (433976.5790842938 8448994.313914148),5966,,
POINT (433568.145143534 8448878.579187471),8630,,
POINT (433571.3997640093 8449109.792438423),18953,,
POINT (433576.4867600107 8449099.055192772),13526,,
POINT (434064.5681312741 8449084.87748305),18514,,
POINT (433564.1508559521 8449035.216277398),18281,,
POINT (434181.83770244557 8448723.741815945),6996,,
POINT (434084.9415697624 8449062.578594346),9615,,
POINT (433661.75378479925 8448884.913787019),44,,
POINT (433735.40337152785 8449426.89343533),12115,,
POINT (433656.4766596097 8448867.316285884),6231,,
POINT (433857.98179420055 8449950.469319928),3961,,
POINT (433611.36805550236 8448897.796181688),19209,,
POINT (433992.43024870515 8449203.39198484),5722,,
POINT (433556.195700278 8449105.011430265),8723,,
POINT (434046.462105448 8448467.180406528),19061,,
POINT (434502.08775286307 8451003.2563089),9723,,
POINT (434392.6780595007 8450589.899655268),19087,,
POINT (434039.37640763464 8448477.498302802),11169,,
POINT (434204.99812324235 8448762.061043218),14915,,
POINT (433697.3452923677 8448847.279548101),224,,
POINT (434073.53535655636 8449403.348447882),9707,,
POINT (434101.6444853622 8448985.79859282),15925,,
POINT (434154.13785077515 8448614.478674721),18397,,
POINT (434114.0416285252 8449289.722343363),16888,,
POINT (434189.8822574959 8448770.996243946),10983,,
POINT (434093.1054292111 8449000.393425126),18267,,
POINT (433691.50168440456 8448831.237015791),6799,,
POINT (434817.9250240282 8451089.918276086),17636,,
POINT (434123.7797254481 8448755.135201447),13542,,
POINT (433972.66777584946 8448566.98578309),11287,,
POINT (433670.04319232184 8448853.865943767),9873,,
POINT (433745.2245183062 8449150.92804604),820,,
POINT (433723.386425735 8449424.048698943),5689,,
POINT (434104.3126325069 8449007.232027201),4281,,
POINT (435605.5268080567 8451322.982133312),6150,,
POINT (436184.22412190546 8451358.337313483),1066,,
POINT (435679.1785681283 8450157.166536367),18473,,
POINT (435663.02307584137 8451279.854329614),10441,,
POINT (433780.234121075 8448459.869164025),1362,Residential,Masonry
POINT (434009.22817311104 8448350.870003663),221,Residential,Masonry
POINT (433950.3004813685 8448407.727053517),708,Residential,Masonry
POINT (433795.6305917127 8448607.014244378),15378,Residential,Masonry
POINT (433802.30411306326 8448641.921710994),9453,Outbuilding,Masonry
POINT (434026.70046978863 8448463.10611332),2316,Residential,Masonry
POINT (433984.49094319827 8448405.264419993),19730,Residential,Masonry
POINT (434030.7342810345 8448473.838839736),9201,Residential,Masonry
POINT (433821.98118861753 8448516.409423064),10003,Residential,Masonry
POINT (433817.5324075459 8448495.10497498),8063,Residential,Masonry
POINT (433802.35712645564 8448506.678751638),4895,Outbuilding,Masonry
POINT (433997.24804784084 8448480.386253309),11823,Outbuilding,Masonry
POINT (433974.1701993319 8448472.090954097),9757,Residential,Masonry
POINT (433978.40484738216 8448481.11621788),16587,Outbuilding,Masonry
POINT (433922.4368951495 8448424.553870471),2407,Residential,Masonry
POINT (433929.82719039166 8448497.566143446),3673,Religious,Reinforced Concrete
POINT (433986.5175019921 8448479.957317645),10568,Residential,Masonry
POINT (433908.4577674705 8448420.876072466),19942,Residential,Masonry
POINT (433980.89250851446 8448501.686630154),12581,Residential,Masonry
POINT (433906.05353950366 8448399.907409206),12118,Residential,Masonry
POINT (433896.8474708179 8448437.6041544),1179,Residential,Masonry
POINT (433888.5254275147 8448409.388465166),19410,Residential,Masonry
POINT (433880.4513059095 8448454.185651552),13531,Outbuilding,Masonry
POINT (433847.9387153241 8448359.289472267),17687,Residential,Masonry
POINT (433977.6795633001 8448435.018605115),6117,Outbuilding,Masonry
POINT (433858.5706223443 8448406.368662883),1658,Residential,Masonry
POINT (433914.3105565237 8448398.232118102),18918,Outbuilding,Masonry
POINT (433986.0688650586 8448426.845520021),13591,Residential,Masonry
POINT (433858.9332720932 8448417.956053898),1364,Outbuilding,Masonry
POINT (433971.37278677634 8448423.21430772),7544,Residential,Masonry
POINT (433802.7151172716 8448634.139891388),11653,Outbuilding,Masonry
POINT (433882.5694879932 8448573.0643343),17012,Residential,Masonry
POINT (434036.49214501015 8448451.269738939),3536,Residential,Masonry
POINT (434065.39498226566 8448418.629980102),6709,Residential,Masonry
POINT (433980.68504292355 8448415.110327858),278,Residential,Masonry
POINT (434032.21710494696 8448352.470049208),11350,Residential,Masonry
POINT (434005.8469680015 8448314.380880032),16986,Residential,Masonry
POINT (433885.9683565976 8448397.465810927),17002,Residential,Masonry
POINT (434024.1931156003 8448325.16870659),259,Residential,Masonry
POINT (433833.3667148333 8448574.821705408),14795,Residential,Masonry
POINT (433587.1593045216 8448589.726394055),1520,Residential,Masonry
POINT (433766.5797677124 8448294.54863802),19427,Outbuilding,Timber
POINT (433806.7031887194 8448294.153458714),8528,Residential,Masonry
POINT (433782.116134022 8448282.692535019),2578,Residential,Masonry
POINT (433903.9495078496 8448287.266048994),2366,Residential,Masonry
POINT (433882.02532805206 8448324.24489327),16458,Residential,Masonry
POINT (434000.7189242932 8448269.23608229),16360,Residential,Masonry
POINT (433899.36170779605 8448349.164304199),17694,Residential,Masonry
POINT (433792.7827725737 8448264.942757776),3589,Residential,Masonry
POINT (433815.6156790326 8448272.920632236),4434,Residential,Masonry
POINT (433837.08948112256 8448268.756127175),13014,Residential,Masonry
POINT (433797.26648518635 8448339.514826),8108,Religious,Reinforced_Concrete
POINT (433807.5950946711 8448366.272926738),6281,Community,Masonry
POINT (434047.54384896945 8448317.984857691),19182,Residential,Masonry
POINT (434031.2237064028 8448294.947035199),10580,Residential,Masonry
POINT (434077.62111597584 8448426.215337496),7144,Outbuilding,Masonry
POINT (433916.59409077634 8448280.125903869),13718,Outbuilding,Timber
POINT (433940.6082668029 8448296.170349827),8122,Residential,Masonry
POINT (433950.39636341936 8448290.28524172),9073,Residential,Masonry
POINT (433792.37523298943 8448369.227472514),8244,Fale,Masonry
POINT (433857.19146911416 8448326.94806097),7048,Fale,Masonry
POINT (433772.2688324022 8448465.8994333),1757,Outbuilding,Masonry
POINT (433777.11160857015 8448444.387613485),54,Residential,Masonry
POINT (433771.08101343276 8448425.94521842),15211,Residential,Masonry
POINT (433662.7734449411 8448495.95962426),17145,Residential,Timber
POINT (434124.331325628 8448390.589018391),2889,Hotel,Masonry
POINT (434126.8839515964 8448381.052992705),16916,Hotel,Masonry
POINT (434136.39661267336 8448377.026066849),14770,Hotel,Masonry
POINT (434143.2175064699 8448383.50645846),961,Hotel,Masonry
POINT (434150.87532300455 8448388.898871599),2735,Hotel,Masonry
POINT (434158.7045906944 8448394.130970202),492,Hotel,Masonry
POINT (434164.92944587814 8448401.082321312),19500,Hotel,Masonry
POINT (434168.92282151815 8448410.605632458),13950,Hotel,Masonry
POINT (434174.39429336134 8448476.43654997),9796,Hotel,Masonry
POINT (434164.9796975832 8448464.607513143),19695,Hotel,Masonry
POINT (434180.325544733 8448457.739635093),6111,Hotel,Masonry
POINT (434142.28468442644 8448442.81844786),14152,Hotel,Masonry
POINT (433830.17034787283 8448362.960637635),19483,Community,Masonry
POINT (434016.5303918134 8448284.004369425),8717,Residential,Masonry
POINT (433951.02864435356 8448268.906929329),6550,Tourist Fale,Timber
POINT (433805.5742905521 8448251.665754683),17973,Tourist Fale,Timber
POINT (433777.0264184462 8448260.851499826),374,Community,Timber
POINT (433768.7264866231 8448275.686934713),14593,Outbuilding,Timber
POINT (433977.7683395603 8448315.58736154),17577,Residential,Masonry
POINT (433891.1151870593 8448358.890649047),12966,Outbuilding,Masonry
POINT (433681.2887009164 8448435.481807647),6382,Outbuilding,Masonry
POINT (433730.93472114013 8448519.812439824),12008,Residential,Masonry
POINT (433946.1311372089 8448367.827183364),18184,Residential,Masonry
POINT (433579.2448300509 8448606.898002129),18657,Outbuilding,Masonry
POINT (433721.29819792026 8448496.420131672),3274,Outbuilding,Masonry
POINT (433668.3397685812 8448481.478452753),15757,Outbuilding,Masonry
POINT (433675.6194892463 8448419.583110595),3685,Residential,Masonry
POINT (433644.9817518713 8448484.188284336),12911,Outbuilding,Masonry
POINT (433645.14858225937 8448492.69952208),2596,Outbuilding,Masonry
POINT (433655.18033233384 8448478.059820944),5583,Residential,Masonry
POINT (433647.3668201846 8448436.950952688),264,Residential,Masonry
POINT (433706.8726071653 8448521.074486686),8387,Residential,Masonry
POINT (433714.3576034996 8448536.976342395),6466,Outbuilding,Masonry
POINT (433881.8998963421 8448360.790567087),12910,Outbuilding,Masonry
POINT (433865.74170216074 8448354.120676214),14459,Residential,Masonry
POINT (433757.5702941579 8448524.088515723),11283,Outbuilding,Masonry
POINT (433968.0217470935 8448318.424658898),2623,Residential,Masonry
POINT (433757.3820814985 8448532.87702852),4544,Outbuilding,Masonry
POINT (434014.4703769957 8448298.979289183),18298,Residential,Masonry
POINT (433709.64516861516 8448496.790878478),2910,Outbuilding,Masonry
POINT (433959.62018133164 8448360.95250738),10687,Residential,Masonry
POINT (433993.48374945816 8448367.736349484),14464,Residential,Masonry
POINT (433737.74768925324 8448541.445555376),12710,Residential,Masonry
POINT (433654.3355272113 8448563.153322501),13521,Residential,Masonry
POINT (433793.10334909917 8448540.918254731),7828,Outbuilding,Masonry
POINT (433833.76449267444 8448496.970530342),1618,Outbuilding,Masonry
POINT (433899.4291686806 8448454.673920797),9365,Outbuilding,Masonry
POINT (433889.2245042045 8448453.286614902),7405,Outbuilding,Masonry
POINT (433848.26755355066 8448416.975516971),14846,Residential,Masonry
POINT (433838.86673096276 8448406.590047725),8964,Outbuilding,Masonry
POINT (433844.39031352324 8448427.02630711),4212,Outbuilding,Masonry
POINT (433811.5094271739 8448384.799858307),8395,Outbuilding,Masonry
POINT (433810.11798583006 8448259.622160403),2140,Outbuilding,Masonry
POINT (433975.7307815515 8448271.054182785),7010,Residential,Masonry
POINT (433987.8966918805 8448349.181849703),4790,Residential,Masonry
POINT (433966.0910690505 8448373.402527422),5794,Outbuilding,Masonry
POINT (433964.57122369367 8448369.272081448),19088,Outbuilding,Masonry
POINT (434036.7112304776 8448308.413850334),3694,Outbuilding,Masonry
POINT (434049.01353311725 8448356.989797533),17747,Outbuilding,Masonry
POINT (434119.84685420484 8448515.796346689),12077,Residential,Masonry
POINT (434020.38430211926 8448480.28797344),149,Outbuilding,Masonry
POINT (433980.72826513264 8448517.468488816),11715,Fale,Masonry
POINT (434009.32719364227 8448513.889254712),3050,Outbuilding,Masonry
POINT (434900.39547093643 8448603.957905095),15856,,
POINT (434764.78087190556 8448065.90206925),16209,,
POINT (434646.2132062035 8447740.388375053),4266,Residential,Masonry
POINT (434625.9684843598 8447714.806474095),16980,Residential,Masonry
POINT (434653.31705915456 8447768.665898273),6198,Residential,Masonry
POINT (434668.06728156726 8447770.661095235),784,Outbuilding,Timber
POINT (434574.574145215 8448198.945436904),601,Residential,Masonry
POINT (434580.2420443984 8448182.439692302),17337,Outbuilding,Masonry
POINT (434580.03309520095 8448206.886708332),17741,Residential,Masonry
POINT (434537.6963955583 8448193.466723267),7150,Residential,Masonry
POINT (434761.493768458 8447887.280941395),4029,Residential,Masonry
POINT (434647.48539662 8448165.545257185),11081,Residential,Masonry
POINT (434799.7460636771 8447942.417941682),19956,Outbuilding,Masonry
POINT (434768.39794896415 8447943.566785302),4782,Residential,Masonry
POINT (434834.2401581404 8447907.446878662),6593,Residential,Masonry
POINT (434853.47710161324 8447892.10374954),7252,Residential,Masonry
POINT (434794.79095970973 8447930.320171606),8443,Residential,Masonry
POINT (434717.3681321024 8447912.136334596),1242,Residential,Masonry
POINT (434710.2526139561 8447898.647034839),17122,Outbuilding,Masonry
POINT (434851.4136272342 8447911.294868529),16090,Fale,Masonry
POINT (434380.57419051457 8448256.487404058),11356,Residential,Timber
POINT (434628.2462207414 8447732.145326203),19148,Residential,Masonry
POINT (434625.2962518011 8447749.714339007),2298,Residential,Masonry
POINT (434608.636874719 8447765.06439521),9068,Residential,Masonry
POINT (434673.19532638014 8447762.50278698),19821,Residential,Masonry
POINT (434577.8265075881 8447748.641956119),6935,Residential,Masonry
POINT (434538.67424561694 8447749.650488598),13993,Residential,Masonry
POINT (434539.07457853016 8447787.804343976),3955,Residential,Masonry
POINT (434605.33614463825 8447810.69272428),7659,Residential,Masonry
POINT (434608.45650434337 8447843.390925258),16815,Residential,Masonry
POINT (434612.8532627453 8447860.00023394),10387,Residential,Masonry
POINT (434633.57389788947 8447842.057705902),4024,Residential,Masonry
POINT (434616.5311149055 8447821.378844967),2754,Residential,Masonry
POINT (434566.30000227795 8447850.321893426),3690,Residential,Masonry
POINT (434557.6397004778 8447832.119725177),3225,Residential,Masonry
POINT (434634.0019640212 8447864.164134456),1191,Residential,Masonry
POINT (434636.4096808749 8447874.516664315),10121,Residential,Masonry
POINT (434631.6782193427 8447786.845090736),4705,Religious,Masonry
POINT (434179.5721213816 8448225.70094149),19063,Fale,Timber
POINT (434183.58446622005 8448235.55727974),9103,Fale,Timber
POINT (434186.0706368268 8448250.804777937),4979,Fale,Timber
POINT (434192.30666105944 8448261.327677462),10750,Fale,Timber
POINT (434193.53410743637 8448273.400795752),8485,Fale,Timber
POINT (434713.78821998904 8447856.94675076),4138,Outbuilding,Timber
POINT (434697.4708589086 8447820.71612659),13098,Residential,Masonry
POINT (434517.16124437924 8448163.40646132),18382,Outbuilding,Masonry
POINT (434518.4725168454 8448146.915073087),13956,Residential,Masonry
POINT (434645.3988759489 8447882.048518995),19742,Outbuilding,Masonry
POINT (434568.986241538 8447860.168695657),15231,Tourist Fale,Timber
POINT (434554.1020030241 8447752.259567609),13495,Tourist Fale,Timber
POINT (434197.94265784847 8448198.851022825),14436,Outbuilding,Timber
POINT (434567.72243277985 8448184.13379567),2738,Residential,Masonry
POINT (434210.44273491995 8448298.479118546),12598,Fale,Masonry
POINT (434280.72624856955 8448340.378794389),6530,Outbuilding,Masonry
POINT (434289.4429670748 8448353.889043776),2749,Fale,Masonry
POINT (434341.9826554988 8448306.741379673),18930,Outbuilding,Masonry
POINT (434427.26720935793 8448215.671715774),11227,Outbuilding,Masonry
POINT (434527.5159573149 8448214.9621487),13072,Outbuilding,Masonry
POINT (434672.8017949686 8448117.209367009),425,Residential,Masonry
POINT (434672.88204191875 8448132.339284407),9816,Outbuilding,Masonry
POINT (434727.21152178256 8448091.072437521),4347,Outbuilding,Masonry
POINT (434696.6653630674 8448104.49448095),13421,Fale,Masonry
POINT (434658.1722480579 8447970.290729387),13888,Residential,Masonry
POINT (434611.9915860228 8447990.434331253),12148,Outbuilding,Masonry
POINT (434715.6299369512 8447884.695653217),14092,Residential,Masonry
POINT (434701.63686844293 8447866.555083027),10017,Outbuilding,Masonry
POINT (434777.12085697404 8447888.201406615),5787,Residential,Masonry
POINT (434810.5127492203 8447853.42166637),17795,Residential,Masonry
POINT (434859.28720370797 8447880.207480857),16468,Outbuilding,Masonry
POINT (434843.56539325695 8447920.57834026),12606,Residential,Masonry
POINT (434788.26092931617 8447945.303770484),15695,Residential,Masonry
POINT (434808.006944706 8447949.269145947),12602,Outbuilding,Masonry
POINT (434810.0895640446 8447936.903291142),16799,Outbuilding,Masonry
POINT (434826.67515822436 8447899.664497174),17559,Outbuilding,Masonry
POINT (434955.6604427427 8447818.040011398),15593,Residential,Masonry
POINT (434992.7876454936 8447689.466433257),9812,Residential,Masonry
POINT (435106.029630218 8447731.311801828),6832,Outbuilding,Masonry
POINT (434922.9891942197 8447739.682721062),10018,Community,Masonry
POINT (434973.7280890097 8447723.847872924),7202,Community,Masonry
POINT (434944.2715998765 8447733.771436641),6207,Residential,Masonry
POINT (434933.1755975852 8447714.232654024),19203,Residential,Masonry
POINT (434926.8879382583 8447691.56136562),5326,Outbuilding,Masonry
POINT (434950.4779518066 8447683.152038388),667,Residential,Masonry
POINT (434959.25909610797 8447701.987182561),17175,Residential,Masonry
POINT (434899.5801629222 8447762.254219525),164,Community,Masonry
POINT (434895.57781806064 8447729.870721268),19696,Community,Masonry
POINT (437714.74280110863 8448749.046729445),17047,,
POINT (436809.7585740901 8452713.674343288),10767,,
POINT (439012.2961226057 8454599.201101538),7245,,
POINT (437941.50617698283 8447733.693863753),19133,,
POINT (437704.02740411507 8448754.948782355),10686,,
POINT (436825.10604155285 8452713.325142166),135,,
POINT (438036.76681247464 8447688.476424875),4989,,
POINT (436819.74762294244 8452698.701545231),326,,
POINT (437936.97836613306 8447694.49307116),11762,,
POINT (436801.29473122896 8452727.661028141),8810,,
POINT (437879.9222280134 8448052.082355903),18904,,
POINT (437930.2862481633 8447828.895567216),7580,,
POINT (436851.0166925949 8452609.614319874),4228,,
POINT (437971.9176216677 8448011.76029374),13896,,
POINT (438054.0080495193 8447887.13784969),15491,,
POINT (436856.4725244355 8452600.252435578),5806,,
POINT (437966.14535344765 8448033.785540417),19763,,
POINT (436530.32620898803 8454341.435348393),18528,,
POINT (437854.3878106355 8449366.407562863),4484,,
POINT (437005.03715508454 8452374.502431996),11144,,
POINT (438026.5815111455 8447906.0354269),4555,,
POINT (437671.9029147895 8448307.620417273),6852,,
POINT (437659.1512441822 8448577.739370724),8363,,
POINT (436525.6845985856 8454320.28500596),8051,,
POINT (437542.34585998993 8448924.995185418),2394,,
POINT (437940.818361826 8447538.401535584),12285,,
POINT (438034.7201926287 8447879.73374202),13791,,
POINT (437865.4453465673 8448266.64099224),14476,,
POINT (437733.862204363 8448562.697589844),14985,,
POINT (436494.47893947613 8453637.596051652),2972,,
POINT (437552.1184255045 8448887.425830206),9720,,
POINT (437980.77540346043 8447497.159024114),15212,,
POINT (438135.79300390027 8447942.031799126),8331,,
POINT (436548.67180815793 8453673.174415912),17124,,
POINT (437634.367009154 8448874.802788965),7814,,
POINT (437949.15851521416 8447518.08161691),7613,,
POINT (436867.02651608275 8451085.248227973),12671,,
POINT (438109.992172749 8447872.53122869),5302,,
POINT (436610.13602696493 8453471.454081014),12171,,
POINT (437669.93835444347 8448851.821964113),13540,,
POINT (438020.10551605234 8447473.222989352),12696,,
POINT (437430.04026017064 8450887.74805281),16754,,
POINT (438127.85081491765 8447869.772198671),17447,,
POINT (437943.81651396834 8447810.872817215),6784,,
POINT (436603.8279451556 8453391.129361084),4621,,
POINT (437673.88269421936 8448837.589996984),2539,,
POINT (438032.1480723421 8447467.462300446),7108,,
POINT (437352.11620009615 8450728.325078236),6083,,
POINT (438224.8130255315 8448261.8676584),7186,,
POINT (437945.7383938808 8447831.970008204),19445,,
POINT (436581.2350072514 8453432.108158633),16870,,
POINT (437642.8657957807 8448771.891533172),10550,,
POINT (438065.83094086364 8447443.145567467),14776,,
POINT (437776.4765145928 8450460.49588914),5620,,
POINT (438152.7081275525 8448197.144500447),2306,,
POINT (437977.30829552986 8447845.148247529),6423,,
POINT (436775.08358953596 8452939.579275308),12565,,
POINT (438086.52484293183 8447436.360689698),1307,,
POINT (438292.99040218326 8449975.073539164),4132,,
POINT (437963.3799641488 8447793.887597572),11949,,
POINT (437764.805148937 8448771.630923642),15993,,
POINT (436781.326331217 8452858.56303431),6293,,
POINT (438914.6782809075 8454640.408545556),19893,,
POINT (439578.4110966923 8447693.970422568),10661,,
POINT (439771.501800715 8447784.650126874),9834,,
POINT (439559.2619397939 8447791.25397359),19376,,
POINT (439468.0431004836 8447671.281834561),6538,,
POINT (438924.2140142605 8447729.684969043),12358,,
POINT (439147.30470135406 8447691.040364547),5742,,
POINT (439005.1397364013 8447809.441715773),14602,,
POINT (439419.8709844292 8447780.200063098),14802,,
POINT (439395.3660494015 8447727.296786029),15843,,
POINT (439522.1601921857 8447679.556873007),11416,,
POINT (439564.37411936064 8447731.292884184),14006,,
POINT (439201.5449300945 8447732.633984976),13414,,
POINT (438944.6399929063 8447730.839741733),7787,,
POINT (439941.17960819096 8447819.375713231),9351,,
POINT (439431.68093039084 8447762.606995601),17270,,
POINT (439049.9869168872 8447725.893702228),18733,,
POINT (439458.7726211727 8447712.92063912),18038,,
POINT (439584.39962167805 8447734.782695336),18675,,
POINT (439223.36918173224 8447727.233393474),4962,,
POINT (439477.2139924784 8447719.77990538),3816,,
POINT (439786.17843730736 8447703.6413405),3299,,
POINT (439459.52252702235 8447819.933335295),19638,,
POINT (439016.45119692956 8447792.809601255),3896,,
POINT (439031.9730536232 8447727.316025386),19757,,
POINT (439305.4666690031 8447717.109890364),8271,,
POINT (439789.0691902838 8447794.839421587),17109,,
POINT (439499.2807441457 8447719.085717361),10723,,
POINT (438860.3737329255 8447782.655906832),1773,,
POINT (439611.0240013928 8447807.907458441),16245,,
POINT (439250.1597318684 8447656.385550853),6744,,
POINT (439066.8301188683 8447770.167742359),12951,,
POINT (438923.5105573601 8447784.146301651),12598,,
POINT (439765.1999465658 8447721.633912433),9503,,
POINT (439974.95697995485 8447837.637580626),5532,,
POINT (438330.86249460763 8447438.964653097),5407,,
POINT (438294.50991292245 8447577.428456306),16639,,
POINT (438248.765980507 8447440.116454413),14055,,
POINT (437686.700549836 8447403.035746476),16995,,
POINT (438477.5256515019 8447397.93822741),14513,,
POINT (438652.8384578895 8447503.277343096),19694,,
POINT (438527.38305309304 8447544.898436135),2886,,
POINT (438813.1384153701 8447895.4107638),582,,
POINT (438471.54920851276 8447516.641204674),12797,,
POINT (438644.3236936306 8447786.317694126),11136,,
POINT (438281.0265730273 8447543.800025012),17244,,
POINT (438549.2347511718 8447440.759523384),4642,,
POINT (439156.573267265 8448272.149156554),11686,,
POINT (438631.9198653215 8447465.0724246),8114,,
POINT (438275.19112989714 8447523.446382537),16462,,
POINT (438249.8415234548 8447426.255227616),2882,,
POINT (438555.15106769424 8447457.788749684),1903,,
POINT (437790.56871898577 8447435.95544047),4650,,
POINT (439057.183902102 8448313.712133091),3364,,
POINT (438635.44905228633 8447518.907641388),5273,,
POINT (437645.95125059073 8447406.283486614),7678,,
POINT (438557.3029923617 8447563.812247692),12389,,
POINT (438813.92941725545 8447659.174267597),14542,,
POINT (438763.0664988575 8447705.383388016),16177,,
POINT (438132.7933068509 8447491.685027968),13528,,
POINT (438307.55478136573 8447439.606237857),4382,,
POINT (438252.8479493648 8447524.451690674),12603,,
POINT (438383.67111081764 8447449.113977274),4758,,
POINT (438619.8555502893 8447524.107057305),10462,,
POINT (438779.30121258355 8447783.752943717),18368,,
POINT (438422.95374631917 8447497.90094963),10946,,
POINT (438535.08493036486 8447425.919509),15787,,
POINT (439060.10874075355 8448407.245510489),12280,,
POINT (438250.4431098126 8447552.352847114),1919,,
POINT (438585.0182675659 8447581.845313933),721,,
POINT (438662.36236142565 8447536.032535955),2535,,
POINT (438130.8737596011 8447470.660649966),12002,,
POINT (438441.9850909062 8447515.571166825),8145,,
POINT (438192.93208239856 8447467.746941362),14312,,
POINT (438558.9986014437 8447487.056342557),7683,,
POINT (438627.8107547006 8447607.369381273),3492,,
POINT (438676.3726742259 8447570.28620755),17792,,
POINT (438771.8249536076 8447830.97747447),10038,,
POINT (438540.8764912393 8447403.0687013),13069,,
POINT (439281.8856947117 8448604.724827426),3982,,
POINT (438275.598062382 8447570.457029473),11157,,
POINT (438218.4691897464 8447466.316312782),18691,,
POINT (438503.55609075393 8447406.715117237),4540,,
POINT (438641.8257747543 8447487.453675687),19490,,
POINT (438162.2965398102 8447481.089145124),1630,,
POINT (438525.60278549534 8447566.732293835),14172,,
POINT (438450.6539673989 8447395.93545564),14323,,
POINT (438488.9039106673 8447516.524975196),16983,,
POINT (438606.82357008854 8447413.933768325),11522,,
POINT (438692.5230618123 8447644.836598668),17606,,
POINT (438741.442287597 8447616.32905032),10070,,
POINT (438270.4286860152 8447590.624933518),4687,,
POINT (438779.540645913 8447845.057442134),453,,
POINT (439319.1053635414 8447425.917340996),17237,,
POINT (438065.8127426602 8447378.681806684),17047,Outbuilding,Timber
POINT (437923.30637247773 8447629.101503253),15088,Residential,Masonry
POINT (437974.8217319537 8447458.425612101),6694,Outbuilding,Masonry
POINT (439953.5843648678 8447393.867810575),4801,Residential,Masonry
POINT (437966.8217508831 8447442.403145859),7993,Residential,Masonry
POINT (438430.66444669256 8447395.366436144),13918,Outbuilding,Masonry
POINT (438443.8752435557 8447412.223667983),12708,Residential,Masonry
POINT (438017.6546334455 8447355.465657618),13184,Residential,Masonry
POINT (438056.23040164215 8447376.842878208),13738,Outbuilding,Timber
POINT (438051.3061371784 8447363.224117922),2835,Residential,Masonry
POINT (437887.64042239846 8447360.134766836),17519,Residential,Timber
POINT (438013.34980580554 8447300.785106523),9871,Community,Masonry
POINT (437907.9522232378 8447355.41038396),16932,Residential,Masonry
POINT (438033.71031223395 8447371.84665095),3512,Residential,Masonry
POINT (438015.10031704436 8447378.424655035),10617,Outbuilding,Timber
POINT (439978.2410775171 8447379.650460333),16021,Outbuilding,Masonry
POINT (439932.7905515603 8447378.506724227),11084,Outbuilding,Masonry
POINT (437755.96830618934 8447351.709107067),6501,Outbuilding,Masonry
POINT (438306.66036701156 8447382.61449917),14766,Outbuilding,Masonry
POINT (438271.8277726835 8447373.950127035),1980,Outbuilding,Masonry
POINT (438483.54831990635 8447369.783652358),17611,Outbuilding,Masonry
POINT (437743.52866834484 8447349.837223325),19516,Outbuilding,Masonry
POINT (437764.3417501068 8447330.786291854),18405,Fale,Timber
POINT (438015.4506849833 8447369.166329462),16583,Outbuilding,Masonry
POINT (437989.1052174667 8447371.061051708),14719,Fale,Timber
POINT (438080.18803069915 8447427.524690978),16647,Outbuilding,Masonry
POINT (438122.55938693276 8447335.635729432),12210,Fale,Masonry
POINT (438183.8837689164 8447366.265003467),19867,Residential,Masonry
POINT (438372.9471414823 8447396.769016465),3636,Residential,Masonry
POINT (438415.60788930004 8447419.083078185),12561,Residential,Masonry
POINT (438401.28117241594 8447411.604709169),19011,Residential,Masonry
POINT (438406.46516428713 8447396.976366892),6575,Outbuilding,Masonry
POINT (438417.7255209398 8447406.268342024),131,Outbuilding,Masonry
POINT (438986.230180865 8454728.525801217),3894,,
POINT (440560.7681100967 8447638.596321879),1350,,
POINT (440451.1053131225 8447663.60335569),11351,,
POINT (440561.7888692729 8447710.242497524),12216,,
POINT (440245.6536647492 8448449.077147009),13777,,
POINT (440734.7616776787 8447873.100668542),6834,,
POINT (440147.64126512123 8447863.113654606),15581,,
POINT (440728.09902513673 8447894.577546012),8530,,
POINT (440378.73929586745 8447748.34522861),4870,,
POINT (440181.62037223665 8447783.162789065),7832,,
POINT (440299.3246282019 8448105.959148701),10525,,
POINT (440247.26280425047 8447715.487763902),16160,,
POINT (440433.73605053354 8447646.873706564),11263,,
POINT (440561.18371382635 8447650.2347611),9105,,
POINT (440257.12580254953 8447787.580856355),11757,,
POINT (440514.93628462474 8447827.828215292),11530,,
POINT (440264.7375148768 8447715.592651425),291,,
POINT (440176.5265201281 8448343.64692403),14670,,
POINT (440743.29081725003 8447850.986947555),5855,,
POINT (440381.9584381318 8447674.834688209),3434,,
POINT (440148.69981123257 8447600.743838893),11521,,
POINT (440724.2462900858 8447884.27246176),3466,,
POINT (440380.79214609537 8447731.281985175),1880,,
POINT (440284.8788562411 8448318.158520697),13446,,
POINT (440194.8483673712 8447649.690414688),12127,,
POINT (440297.59974050446 8447796.67028497),2325,,
POINT (440513.7822513428 8447819.072083928),17378,,
POINT (440316.2695184814 8447770.930661956),15658,,
POINT (440474.9940382755 8447584.370139295),15333,,
POINT (440681.0054804578 8447852.29640725),4324,,
POINT (440355.34877115075 8447682.655194355),11495,,
POINT (440523.65658677317 8447719.894237958),5057,,
POINT (440468.8166000017 8447742.307272645),11796,,
POINT (440139.92181533034 8447852.051842852),727,,
POINT (440242.3760399104 8448374.810721932),6213,,
POINT (440757.7645562506 8447666.011789257),1847,,
POINT (440670.4137422339 8447963.921741756),2524,,
POINT (440244.393201376 8447587.215105316),15567,,
POINT (440497.7472317502 8447661.915530993),10841,,
POINT (440507.2858759281 8447721.447049242),7647,,
POINT (440254.6761930182 8447815.56628355),16360,,
POINT (440564.5204888902 8447795.347939465),13329,,
POINT (440357.86070724815 8447742.996616544),4572,,
POINT (440489.62279299076 8447575.987584941),8707,,
POINT (440328.7754315705 8447691.56530387),5063,,
POINT (440264.3247251695 8448451.992346814),12220,,
POINT (440757.36712254013 8447546.573297376),17251,,
POINT (440238.49128115183 8447818.28708119),11163,,
POINT (440737.93517470214 8447889.799504457),14650,,
POINT (440420.4427379176 8447745.724403268),18256,,
POINT (440209.7300499741 8447757.281506322),19486,,
POINT (440296.3510064786 8447992.029330602),13856,,
POINT (440581.59602223645 8447703.801938802),12965,,
POINT (440304.52096440684 8447712.517660448),18604,,
POINT (440259.8118526287 8447569.87460218),9756,,
POINT (440598.45640023175 8447466.4255592),15311,Residential,Masonry
POINT (440420.8187528658 8447402.70896136),10299,Fale,Timber
POINT (440418.3358343856 8447410.838148406),16632,Fale,Timber
POINT (440418.1413234506 8447386.731194714),8455,Hotel,Timber
POINT (440409.5854415477 8447385.677501602),13261,Hotel,Timber
POINT (440399.0432558384 8447384.173656035),2434,Hotel,Timber
POINT (440395.9652040945 8447417.56430634),15602,Hotel,Masonry
POINT (440841.61036801245 8447501.656117436),16569,Outbuilding,Masonry
POINT (440803.1434787761 8447495.716544775),7422,Outbuilding,Masonry
POINT (440812.4002513639 8447497.438361665),13613,Outbuilding,Masonry
POINT (440670.3025990119 8447482.063861951),3165,Outbuilding,Masonry
POINT (440826.1821413764 8447502.618807048),10198,Residential,Masonry
POINT (445886.3603451964 8447565.817651771),19235,Tourist Fale,Timber
POINT (445896.1690111415 8447569.008655699),709,Tourist Fale,Timber
POINT (445903.7733569929 8447569.205949623),14586,Tourist Fale,Timber
POINT (445911.7277555317 8447571.124920672),1172,Tourist Fale,Timber
POINT (445919.5016453892 8447574.764491498),15912,Tourist Fale,Timber
POINT (445925.8614898641 8447578.038739592),19256,Tourist Fale,Timber
POINT (445834.3912262911 8447553.479448002),19069,Tourist Fale,Timber
POINT (445824.66368364316 8447553.730497621),18747,Tourist Fale,Timber
POINT (445814.76178555447 8447552.803692767),10322,Fale,Timber
POINT (445797.431257654 8447552.223391123),7062,Fale,Timber
POINT (445738.3805264387 8447543.402420558),603,Hotel,Timber
POINT (446286.8711284089 8447707.97177099),17697,Residential,Masonry
POINT (446245.2976341897 8447694.03499332),3175,Outbuilding,Masonry
POINT (446231.3135716851 8447693.75907973),11680,Residential,Masonry
POINT (446222.4425198975 8447685.852006713),12401,Outbuilding,Masonry
POINT (446152.6723089867 8447678.628680492),14046,Residential,Masonry
POINT (446175.30641207326 8447674.076553352),19393,Residential,Masonry
POINT (446206.46153883584 8447696.361989612),14408,Residential,Masonry
POINT (446121.7631158453 8447701.597902078),12373,Hotel,Masonry
POINT (446140.9130633951 8447666.478623772),11309,Outbuilding,Timber
POINT (446242.20119159087 8447725.251031933),6718,Outbuilding,Masonry
POINT (446195.4587462747 8447719.649823545),5262,Outbuilding,Timber
POINT (446139.80998415843 8447632.893888928),15880,Hotel,Masonry
POINT (446019.86776612716 8447717.845490048),7287,Outbuilding,Timber
POINT (446062.44533950795 8447717.648288783),11294,Outbuilding,Timber
POINT (446047.99048470746 8447723.881472193),967,Residential,Masonry
POINT (446051.4959839845 8447707.691965004),11714,Residential,Masonry
POINT (446034.4463646614 8447707.283922236),4295,Residential,Masonry
POINT (445989.6389199408 8447631.235078273),2388,Outbuilding,Masonry
POINT (445991.7444438346 8447665.78922888),11117,Outbuilding,Masonry
POINT (445970.8007489848 8447649.218243742),17288,Residential,Masonry
POINT (445928.054124518 8447614.10831831),4180,Residential,Masonry
POINT (445937.2216333795 8447633.60894352),6344,Outbuilding,Timber
POINT (445943.1086581245 8447625.781915374),6444,Outbuilding,Masonry
POINT (445907.675947351 8447644.057439977),19929,Residential,Masonry
POINT (445907.39324185776 8447601.058584522),13553,Residential,Masonry
POINT (445872.65369022125 8447590.557621378),8500,Outbuilding,Timber
POINT (445882.10103734664 8447614.44831168),7508,Fale,Timber
POINT (445848.96228270355 8447646.378557667),2512,Residential,Masonry
POINT (445789.95633782004 8447592.328278461),14349,Hotel,Masonry
POINT (445737.70723637874 8447574.789483352),11055,Hotel,Masonry
POINT (445721.46762303106 8447574.660723196),12173,Hotel,Masonry
POINT (445741.6102728659 8447585.017955594),3772,Hotel,Masonry
POINT (445721.375897477 8447598.716269478),10208,Hotel,Masonry
POINT (445733.4052235071 8447602.385205124),14705,Hotel,Masonry
POINT (445771.35707810125 8447553.562218284),15834,Hotel,Masonry
POINT (445736.88356554636 8447550.42332477),16307,Hotel,Timber
POINT (445934.69794506644 8447581.001215259),73,Tourist Fale,Timber
POINT (445943.53450310696 8447583.918415386),2367,Tourist Fale,Timber
POINT (445806.2725970024 8447552.876230406),9684,Fale,Timber
POINT (445717.2922343125 8447542.632914992),18537,Hotel,Timber
POINT (445723.9250228378 8447542.284735795),17022,Hotel,Timber
POINT (445732.14776618767 8447542.755115895),4432,Hotel,Timber
POINT (445744.7907108332 8447543.778372569),9139,Hotel,Timber
POINT (445781.6452289692 8447546.319204371),10880,Hotel,Timber
POINT (445774.01039448386 8447544.207944259),2555,Hotel,Timber
POINT (445758.51963597076 8447543.616215695),16729,Hotel,Timber
POINT (445752.62156898825 8447543.302125487),7135,Hotel,Timber
POINT (446148.3976085676 8447636.841112034),888,Tourist Fale,Timber
POINT (446156.0896234363 8447637.400817012),4336,Tourist Fale,Timber
POINT (446163.16227778257 8447638.140369648),4707,Tourist Fale,Timber
POINT (445645.3720094732 8447620.142457057),5083,Residential,Masonry
POINT (445651.13787187857 8447590.727126779),17333,Residential,Masonry
POINT (445561.0050061573 8447600.774403097),8954,Residential,Masonry
POINT (445526.06029339525 8447588.506203925),386,Outbuilding,Timber
POINT (445463.5599890077 8447563.145809582),8078,Residential,Masonry
POINT (445472.17144738545 8447624.730936514),8956,Outbuilding,Timber
POINT (445484.4626006191 8447597.80622694),10221,Residential,Masonry
POINT (445431.36831744184 8447565.190588573),2208,Outbuilding,Masonry
POINT (445135.35417620686 8447586.912414566),359,Residential,Masonry
POINT (445154.8770847352 8447583.30435858),87,Residential,Masonry
POINT (445181.0844934127 8447587.556458786),8344,Residential,Masonry
POINT (445002.7652586301 8447634.6074831),2153,Religious,Masonry
POINT (444732.3702972723 8447635.23340395),1996,Residential,Masonry
POINT (444660.72284167464 8447651.91103386),12341,Residential,Masonry
POINT (444648.41659551824 8447653.961052774),15560,Outbuilding,Masonry
POINT (444598.45228741295 8447654.764579356),9369,Outbuilding,Timber
POINT (444631.7691173118 8447656.423608636),8475,Residential,Masonry
POINT (444616.15896236314 8447646.380195655),19327,Residential,Masonry
POINT (444696.9606099579 8447648.413972558),9834,Fale,Timber
POINT (444515.98063493456 8447689.985414205),15043,Outbuilding,Masonry
POINT (446239.5006350243 8447700.428120239),11076,Fale,Timber
POINT (446286.09776099643 8447723.966704357),19538,Fale,Timber
POINT (444677.62936215574 8447657.982865099),9757,Fale,Timber
POINT (445758.4887596743 8447620.537418518),9351,Residential,Masonry
POINT (445767.0514407514 8447640.539088016),7873,Outbuilding,Masonry
POINT (445779.94361543225 8447593.054657364),11582,Hotel,Masonry
POINT (446564.0354160156 8447866.625563571),1039,Outbuilding,Masonry
POINT (445428.9165589976 8447584.14653105),18058,Residential,Masonry
POINT (445436.8544206205 8447536.249668397),2668,Hotel,Timber
POINT (445419.9321119681 8447535.608064275),15419,Hotel,Timber
POINT (445751.5752468316 8447578.171684768),7765,Hotel,Masonry
POINT (446181.3098388561 8447647.558455354),13733,Tourist Fale,Timber
POINT (446191.1893229119 8447651.485531628),12341,Tourist Fale,Timber
POINT (446225.2955442948 8447656.024164902),3480,Tourist Fale,Timber
POINT (446232.59320762014 8447658.002639836),10101,Tourist Fale,Timber
POINT (446240.6696758281 8447658.944963366),14474,Tourist Fale,Timber
POINT (446248.65869394736 8447660.886161689),1875,Tourist Fale,Timber
POINT (446007.45699898514 8447604.421630647),6301,Tourist Fale,Timber
POINT (446012.9730797008 8447606.538773183),4157,Tourist Fale,Timber
POINT (446019.56185477955 8447608.754346434),11728,Tourist Fale,Timber
POINT (446026.90453433 8447611.34115063),654,Tourist Fale,Timber
POINT (446124.5869987439 8447639.736512596),18787,Tourist Fale,Timber
POINT (446119.3109936858 8447638.245559013),19479,Tourist Fale,Timber
POINT (446114.3187849844 8447636.881333975),7950,Tourist Fale,Timber
POINT (446107.3849785329 8447635.238281148),3744,Tourist Fale,Timber
POINT (446078.9255186442 8447623.464384183),15216,Tourist Fale,Timber
POINT (446069.49257604085 8447622.296871997),14928,Tourist Fale,Timber
POINT (446062.1162360815 8447621.21734245),14769,Tourist Fale,Timber
POINT (445951.99582803145 8447587.803931957),7413,Tourist Fale,Timber
POINT (445671.25075122085 8447595.170706391),3804,Outbuilding,Timber
POINT (444522.2302868868 8447679.022011612),4693,Residential,Masonry
POINT (444675.4139978043 8447630.667237557),2791,Residential,Masonry
POINT (446343.43007387273 8447748.426136304),9494,Fale,Timber
POINT (446728.9311070248 8447880.053109318),14944,Residential,Masonry
POINT (445831.4072266968 8447664.002776504),2739,Fale,Masonry
POINT (446675.89585522073 8447899.256061105),5276,Residential,Masonry
POINT (446677.9618987539 8447911.724329527),2035,Residential,Masonry
POINT (443917.8607281373 8447768.322160358),1167,,
POINT (444000.50823116954 8447780.189110117),16235,,
POINT (443836.2504479741 8447745.204530723),19686,,
POINT (444173.5827318587 8447995.283593625),16241,,
POINT (444145.51962145785 8447975.384226818),11380,,
POINT (444145.2469459442 8447882.960804082),6295,,
POINT (444132.0856802378 8447882.17266283),3450,,
POINT (443825.7552228164 8447732.915873362),7829,,
POINT (444047.52704333136 8447804.747849422),7187,,
POINT (444000.19003841566 8447796.356469858),7854,,
POINT (443949.0344948981 8447874.135756277),3264,,
POINT (443967.969010121 8447870.538342165),14682,,
POINT (443884.45183583733 8447806.201470925),14831,,
POINT (443832.72497724066 8447857.225581137),19578,,
POINT (443823.84717773064 8447790.307534615),10914,,
POINT (443799.59640036244 8447685.534305124),18136,Outbuilding,Timber
POINT (444054.2454670729 8447658.810396137),12751,Outbuilding,Masonry
POINT (444014.1520357398 8447657.640247818),19402,Residential,Masonry
POINT (444016.90707898955 8447672.421750683),2769,Outbuilding,Masonry
POINT (443993.9889676644 8447657.954224566),14168,Residential,Masonry
POINT (443821.2558723534 8447610.911860552),1812,Hotel,Masonry
POINT (443830.3714557219 8447599.971877541),11625,Hotel,Masonry
POINT (443836.3555941445 8447600.740382478),15022,Hotel,Masonry
POINT (443849.2971319135 8447602.321419131),11471,Hotel,Masonry
POINT (443824.5107680918 8447643.851259284),12895,Outbuilding,Timber
POINT (443830.2275547973 8447655.86353641),7466,Residential,Masonry
POINT (443792.766923513 8447671.27281995),12213,Residential,Masonry
POINT (443920.70022813935 8447653.181146067),19647,Residential,Masonry
POINT (443891.4689903194 8447654.177602971),14910,Residential,Masonry
POINT (443885.5548600423 8447667.462160883),2547,Residential,Masonry
POINT (443874.17406068015 8447666.28504674),2679,Residential,Masonry
POINT (443859.2541657259 8447674.230393408),12617,Residential,Masonry
POINT (443844.17134432803 8447668.623818342),15121,Residential,Masonry
POINT (443829.9033138436 8447670.797956925),1970,Residential,Masonry
POINT (444061.0880122377 8447647.875291334),1325,Residential,Masonry
POINT (443948.8960969127 8447660.963707197),9914,Outbuilding,Masonry
POINT (443912.9195857469 8447662.640029922),13323,Outbuilding,Masonry
POINT (443791.7228656746 8447658.487597141),16521,Residential,Masonry
POINT (452764.6931987365 8447027.69351268),17485,Residential,Masonry
POINT (451862.869203001 8447121.644241808),11637,Tourist Fale,Timber
POINT (451856.000204439 8447122.693047324),1526,Tourist Fale,Timber
POINT (452704.26167298073 8447147.997602712),11958,,
POINT (452685.217492897 8446997.06208158),13596,,
POINT (452223.16492751933 8447385.36094729),11616,,
POINT (452632.1863929475 8447108.48828892),11604,,
POINT (452755.7776380128 8447378.97110774),17425,,
POINT (452686.2671522723 8447096.98752144),19047,,
POINT (452617.50907605427 8447237.708463954),17751,,
POINT (452349.4419309293 8447376.447941348),4836,,
POINT (452061.11327743443 8447559.109517578),8770,,
POINT (452681.68185380776 8447032.366649402),12807,,
POINT (452460.561676088 8447397.380535733),8484,,
POINT (452558.9124912408 8447334.790661847),9246,,
POINT (452085.773833393 8447587.302434862),17837,,
POINT (452669.4460526118 8447353.566814164),8272,,
POINT (452731.58661561186 8447153.47146542),10026,,
POINT (452259.6437972572 8447417.066058638),3414,,
POINT (452323.1921371723 8447406.67209984),19792,,
POINT (452052.47645209637 8447669.669744922),4302,,
POINT (452097.3962676628 8447567.272183113),10225,,
POINT (452326.2677236321 8447251.259559475),18636,,
POINT (452684.5179135787 8447164.207429381),17101,,
POINT (452757.40289675724 8447415.549721513),7474,,
POINT (452631.1677114535 8447257.567077076),11840,,
POINT (452401.0729766545 8447447.14412381),5320,,
POINT (452517.55912054353 8447285.415451493),11007,,
POINT (452716.6788856307 8447029.253428394),2385,,
POINT (452181.1870865966 8447222.461185003),10542,,
POINT (452763.3294203013 8446999.554726483),3991,,
POINT (452439.0728953137 8447257.601537433),9159,,
POINT (452226.45652284875 8447472.640588753),9132,,
POINT (452581.3351687853 8447286.65296471),1067,,
POINT (452405.03242237616 8447687.223545467),16503,,
POINT (452101.1376844345 8447588.928617189),1534,,
POINT (452355.26003519195 8447313.031449005),146,,
POINT (452687.32577576966 8447175.116426928),8731,,
POINT (451945.2118778077 8447618.828599803),8826,,
POINT (452393.9825382846 8447696.803604968),5845,,
POINT (452236.9064346357 8447364.352750743),12117,,
POINT (452634.7472805013 8447081.296823148),12943,,
POINT (452762.2568650161 8447395.00713351),13205,,
POINT (452642.4167265643 8447227.42492085),18361,,
POINT (452317.3441044565 8447385.752944821),3041,,
POINT (452053.3443972316 8447528.748628968),14298,,
POINT (452625.1297382637 8447367.370163659),14561,,
POINT (452694.9799831603 8447040.348913034),6368,,
POINT (452602.5804662548 8447272.01441027),9216,,
POINT (452076.0719472458 8447457.44216671),17562,,
POINT (452193.77900938544 8447287.9734171),3652,,
POINT (452310.7660086543 8447453.47130765),4491,,
POINT (452685.82639348635 8447253.681080656),12572,,
POINT (452083.21480336617 8447654.51536285),19065,,
POINT (452143.3578900901 8447554.18956452),17822,,
POINT (452734.17522942764 8447125.344239468),8654,,
POINT (452290.0989678163 8447405.93520519),14786,,
POINT (452371.3100341852 8447304.396002885),18948,,
POINT (452375.3584583672 8447356.757334448),9114,,
POINT (452679.6867011107 8447061.55117778),18670,,
POINT (452515.13331221463 8447239.053483492),11376,,
POINT (452128.01072457444 8447428.825424945),6212,,
POINT (452656.5159158833 8447257.81963085),19022,,
POINT (452372.1065603893 8447469.795435054),3282,,
POINT (452538.1525929915 8447335.081309672),6367,,
POINT (452190.1707037079 8447303.433887793),7674,,
POINT (452737.126633757 8447017.179255135),19405,,
POINT (452262.50056422007 8447479.944826607),9941,,
POINT (452657.56415225903 8447183.124918658),6059,,
POINT (451989.8353810661 8447616.886932189),10698,,
POINT (452363.1440657557 8447644.065250726),19804,,
POINT (452626.1640727212 8447219.678100204),15688,,
POINT (452013.3041924809 8447574.419255583),19076,,
POINT (452613.65340730996 8447253.72493856),3960,,
POINT (451986.8078370321 8447505.850821547),2912,,
POINT (452558.40088988113 8447319.30507841),15193,,
POINT (452654.88648291066 8447238.702237362),9112,,
POINT (452714.6589305696 8447352.804076623),10533,,
POINT (452510.1439538588 8447424.52017055),11921,,
POINT (450688.84472168935 8447893.99911255),7372,,
POINT (450692.1485110476 8447905.957192346),16616,,
POINT (450565.7496225609 8447908.838616995),13222,,
POINT (450572.4459244941 8447918.099000469),16216,,
POINT (450539.6078183942 8447938.921943873),12929,,
POINT (450564.7614936713 8447944.163335867),6218,,
POINT (450701.4799327952 8448013.465522286),13340,,
POINT (452695.01795682363 8447024.411165463),5126,,
POINT (452697.2308029072 8447066.7419436),11773,,
POINT (451770.37928791624 8447791.627288336),7720,,
POINT (451640.03952294355 8447791.765649958),1017,,
POINT (451632.2876068868 8447782.36375783),3403,,
POINT (451756.843343402 8447690.760513889),11448,,
POINT (451755.0723425688 8447679.308151174),299,,
POINT (451770.251453512 8447690.508257788),7663,,
POINT (451811.22462366655 8447707.893523222),6660,,
POINT (451822.95711991633 8447702.592259169),5560,,
POINT (451824.9012299214 8447708.195113394),1873,,
POINT (451789.10970701766 8447599.949614244),19325,,
POINT (451788.2046742367 8447572.559138982),121,,
POINT (451839.45081179345 8447590.465147758),14645,,
POINT (428403.03880466643 8447775.774465384),8608,Residential,Masonry
POINT (428634.6338013323 8447765.770292256),13477,Hotel,Masonry
POINT (429762.7806598237 8448542.092601303),9911,,
POINT (429752.52211167343 8448553.937536968),991,,
POINT (429770.4975359063 8448605.346319862),3125,,
POINT (429829.1902328807 8448549.80183932),1149,,
POINT (429824.9507837309 8448510.95764283),2480,,
POINT (429827.4157266588 8448532.50371323),13631,,
POINT (429847.83763100003 8448540.68753403),14225,,
POINT (429848.05188558844 8448557.73098314),11351,,
POINT (430143.8701094397 8448555.508596608),14822,,
POINT (430454.5791854652 8448714.840724755),10093,,
POINT (429948.18519311474 8448551.554156052),5828,,
POINT (430534.1348570723 8448672.415316245),5358,,
POINT (430237.8192063065 8448614.225732537),5863,,
POINT (430589.49925679323 8448631.330547804),17382,,
POINT (430257.53998049273 8448539.993543405),18247,,
POINT (429940.52217817656 8448625.242789827),14720,,
POINT (429908.2073001812 8448556.311661687),7618,,
POINT (430264.62908238266 8448605.790897785),16335,,
POINT (430335.4392134452 8448538.684465181),1131,,
POINT (430334.6436437519 8448550.280074626),18745,,
POINT (430154.39049508335 8448551.601126283),3727,,
POINT (430483.02888665907 8448859.989183282),613,,
POINT (430077.3940189835 8448636.183581669),4036,,
POINT (430018.21242661076 8448558.046600498),14714,,
POINT (430459.58993609075 8448688.962371029),12454,,
POINT (430248.92185594037 8448550.283657573),14497,,
POINT (429920.08994370035 8448630.354607308),8053,,
POINT (430008.0736197023 8448632.564840443),7246,,
POINT (430165.4628187241 8448554.037038477),1477,,
POINT (430496.91989164223 8448861.316163221),12074,,
POINT (430581.2181731396 8448654.592085915),9828,,
POINT (430659.20874571905 8448544.989839174),11998,,
POINT (430527.4222192139 8448741.46205639),12535,,
POINT (430494.72571309214 8448580.634622267),4463,,
POINT (430086.2799462647 8448622.23121274),7965,,
POINT (430545.5296867538 8448628.87946244),13265,,
POINT (429933.5339330327 8448554.727859754),5482,,
POINT (430368.70834771043 8448543.236577347),11506,,
POINT (430269.84422290453 8448620.858220432),11044,,
POINT (429948.18558337656 8448540.43453626),15085,,
POINT (430258.7394241153 8448616.254460141),3299,,
POINT (430380.04786667024 8449035.976022266),9607,,
POINT (430498.8113264019 8448591.103205075),6311,,
POINT (430335.6916170312 8448529.42375399),1082,,
POINT (430009.3723669223 8448620.128437595),12323,,
POINT (430370.95334892307 8448528.280837884),8402,,
POINT (430142.877157877 8448572.202487495),18632,,
POINT (430493.9937361132 8448847.366769653),9562,,
POINT (430005.7688731319 8448549.656450301),5245,,
POINT (430000.1939443809 8448562.570581801),15508,,
POINT (430482.4432906454 8448873.790218605),10394,,
POINT (430598.74404924095 8448650.646271858),17265,,
POINT (430350.98252633365 8448544.208164658),8342,,
POINT (430248.6442289611 8448532.476077983),829,,
POINT (430563.8381257707 8448638.712322595),4754,,
POINT (430481.0386699809 8448590.854285846),7691,,
POINT (430470.9688279906 8448701.999613965),8977,,
POINT (430513.79726912815 8448581.835103085),9674,,
POINT (430629.1786309785 8448543.429877868),17057,,
POINT (430505.7612250686 8448614.438605184),18072,,
POINT (430153.46153785306 8448619.764313554),14571,,
POINT (430935.84919037885 8448543.950004606),17488,,
POINT (430693.9052467802 8448549.65912385),12161,,
POINT (430888.9550890673 8448534.091266772),12834,,
POINT (430839.51521886076 8448528.20597443),10039,,
POINT (430917.76934360596 8448537.381706264),7982,,
POINT (430710.4183120837 8448550.575675577),9085,,
POINT (430712.02426294575 8448580.573114334),766,,
POINT (430901.106527235 8448524.844649564),17127,,
POINT (430849.0624488477 8448526.604999553),11223,,
POINT (430850.428308378 8448536.592230659),8584,,
POINT (430703.31863551534 8448572.214407995),18159,,
POINT (430918.59606608155 8448520.276976865),16132,,
POINT (430625.1075341545 8448476.183643453),18554,Religious,Masonry
POINT (430640.97158962773 8448425.17193969),4156,Outbuilding,Masonry
POINT (430675.518901726 8448488.149009742),816,Outbuilding,Masonry
POINT (430663.8021437635 8448497.825242313),8142,Residential,Masonry
POINT (430474.7121168826 8448542.242523698),17170,Outbuilding,Masonry
POINT (430620.3448760897 8448428.729448741),12452,Residential,Masonry
POINT (430477.10398628237 8448580.265864149),4074,Outbuilding,Masonry
POINT (430679.73623394006 8448499.317438645),14279,Outbuilding,Masonry
POINT (430634.37619338813 8448430.63174576),18747,Outbuilding,Masonry
POINT (430658.7650081127 8448478.943393584),5172,Outbuilding,Masonry
POINT (430543.17546995124 8448458.00000702),1936,Residential,Masonry
POINT (430541.1718552524 8448446.114619669),7303,Outbuilding,Masonry
POINT (430470.59198320226 8448594.377569996),13771,Outbuilding,Masonry
POINT (430595.1618657444 8448456.180752033),1292,Residential,Masonry
POINT (430502.4692714902 8448475.969974332),3850,Residential,Masonry
POINT (430597.2556794125 8448477.781577397),10520,Residential,Masonry
POINT (430515.25805321336 8448482.936774686),5978,Residential,Masonry
POINT (430587.03338391695 8448386.428209085),5795,Residential,Masonry
POINT (430376.20557486644 8447695.456934571),10901,Fale,Timber
POINT (430568.996105908 8448429.283611642),19101,Residential,Masonry
POINT (430819.6300361389 8448596.00656619),9839,,
POINT (431092.7833826769 8448907.49927656),19108,,
POINT (431001.5306626712 8448571.458158212),11876,,
POINT (431177.5488386667 8448701.947099159),19719,,
POINT (431144.21053903934 8448726.718800437),8076,,
POINT (431157.4887350263 8448730.815462261),10018,,
POINT (430821.4043267789 8448606.416153196),14111,,
POINT (431080.71730874444 8448895.095835414),5841,,
POINT (431145.32116649084 8448678.014315378),5879,,
POINT (431120.83614993194 8448737.994173516),4105,,
POINT (431029.1351921737 8448560.904547906),14017,,
POINT (431019.5751804333 8448554.24256719),8056,,
POINT (431082.0501311098 8448873.971552601),3883,,
POINT (431120.4658058082 8448642.600965826),9600,,
POINT (431021.9638734758 8448568.379109124),17843,,
POINT (431118.5435304571 8448655.24646424),1506,,
POINT (430981.59868978726 8448567.89878243),2873,,
POINT (430805.1506198914 8448594.579813564),3035,,
POINT (431167.4530715289 8448703.717152301),4499,,
POINT (430801.3390819327 8448606.76662311),15778,,
POINT (431174.0758618734 8448740.471539406),9777,,
POINT (431177.2981179791 8448726.842979366),8187,,
POINT (430988.34171970055 8448556.093641667),19145,,
POINT (431127.70759220875 8448725.67430035),16549,,
POINT (431018.9380730952 8448530.284396913),16737,,
POINT (431212.91415955743 8448756.057850687),3555,,
POINT (431093.0625797174 8448881.390632724),18802,,
POINT (430965.4674167098 8448562.348387249),12810,,
POINT (431170.8068889313 8448639.317001466),12847,,
POINT (431003.32606690744 8448558.125903798),5960,,
POINT (431281.84283259214 8448661.85014298),19339,,
POINT (431602.2827115389 8448612.840559077),8701,,
POINT (431625.5730806141 8448668.284278616),1635,,
POINT (431663.3451624312 8448441.469234765),867,,
POINT (431618.15428356035 8448700.665288825),17011,,
POINT (431539.74707688444 8448527.976528408),4763,,
POINT (431628.5907178917 8448555.967102401),16412,,
POINT (431618.9358124781 8448691.539534258),3617,,
POINT (431531.4530781303 8448484.495432582),17071,,
POINT (431603.6187471003 8448664.807832863),19844,,
POINT (431541.8468981066 8448509.07351291),10371,,
POINT (431553.648997317 8448516.184929026),10,,
POINT (431612.6328018665 8448573.07646839),17048,,
POINT (431614.7235891853 8448634.097081285),11963,,
POINT (431469.5191292734 8448579.508128075),8582,,
POINT (431548.15318617655 8448425.459828896),9546,,
POINT (431537.5436132182 8448489.984306669),2861,,
POINT (431492.9082416816 8448576.84755485),4076,,
POINT (431626.8130076397 8448698.74394613),5057,,
POINT (431259.5480779747 8448663.955797976),109,,
POINT (431634.55153333343 8448426.609506302),2284,,
POINT (431568.15543707844 8448423.942941187),9046,,
POINT (431358.54806105845 8448594.133006554),9581,,
POINT (431481.3867518982 8448556.664902736),18990,,
POINT (431418.76262523764 8448582.737006456),2116,,
POINT (431259.91768242075 8448680.059756974),16983,,
POINT (431299.7167837537 8448667.25414191),16255,,
POINT (431474.4379263036 8448568.533257129),11916,,
POINT (431261.55323207536 8448698.69782276),12946,,
POINT (431412.5955397352 8448648.584680293),17709,,
POINT (431449.8329801669 8448645.603821544),18510,,
POINT (431304.1127719044 8448700.938812776),19045,,
POINT (431392.0419006376 8448639.14969663),18560,,
POINT (431530.13536887296 8448579.933121331),1268,,
POINT (431414.1410606759 8448565.50205533),13801,,
POINT (431652.2999345354 8448430.966201972),4976,,
POINT (431491.48353788233 8448643.44916846),15794,,
POINT (431513.38856657373 8448641.800631076),10200,,
POINT (431418.61710815795 8447920.971915003),5288,Outbuilding,Timber
POINT (431466.79596750654 8447914.19782151),18321,Residential,Masonry
POINT (431471.26065037795 8447940.92921676),15020,Outbuilding,Timber
POINT (431683.9654827629 8448170.056854662),8742,Fale,Timber
POINT (431614.2022795253 8448308.845829785),17515,Outbuilding,Masonry
POINT (431645.4447777231 8448297.693360113),5737,Outbuilding,Masonry
POINT (431659.004245643 8448370.689426804),11511,Residential,Masonry
POINT (431632.52167955844 8448297.638440378),6115,Residential,Masonry
POINT (431813.0415596306 8447980.47238963),18425,Commercial,Masonry
POINT (431845.7849695568 8447977.996292453),5086,Residential,Masonry
POINT (431807.1478214771 8448008.243786665),13527,Outbuilding,Masonry
POINT (431724.3537303118 8448019.425761307),3820,Residential,Masonry
POINT (431815.0563600303 8447921.017765258),996,Community,Masonry
POINT (431849.0547069975 8447929.291946327),12938,Fale,Masonry
POINT (431711.5637131467 8448015.775805471),4264,Outbuilding,Timber
POINT (431779.25794240163 8447952.847630978),10082,Outbuilding,Timber
POINT (431761.0394894265 8447964.5006739),4390,Residential,Masonry
POINT (431725.8315993621 8447998.45872384),2730,Residential,Masonry
POINT (431718.4498474481 8448027.290902413),1701,Outbuilding,Timber
POINT (431782.3191948057 8448190.565887673),18552,Residential,Masonry
POINT (431628.65334469755 8448247.31884011),6705,Residential,Masonry
POINT (431607.2680481443 8448296.635311542),1603,Residential,Masonry
POINT (431599.13610702346 8448278.716616964),2885,Outbuilding,Masonry
POINT (431622.74971288606 8448285.9884336),2928,Outbuilding,Masonry
POINT (431624.26914150914 8448313.309326798),19220,Fale,Masonry
POINT (431942.729804777 8449682.227145521),16369,,
POINT (431925.9191121928 8449638.641553264),17347,,
POINT (431946.0627080226 8449612.597585494),14297,,
POINT (431943.9609075894 8449712.65996395),15549,,
POINT (431945.4265712944 8449595.275597624),11965,,
POINT (431942.36178863654 8449701.845176598),8128,,
POINT (431920.9283899872 8449712.540541636),3868,,
POINT (431910.71142784454 8449689.509310093),18117,,
POINT (431920.55278452934 8449602.023231378),9429,,
POINT (431926.13020816 8449660.778815674),8238,,
POINT (431910.1840405822 8449598.957171358),10096,,
POINT (431917.68759258714 8449624.468901968),19157,,
POINT (431943.09418206767 8449574.959658848),4655,,
POINT (431908.8806315665 8449716.55635772),5462,,
POINT (431903.13146801 8449659.619490854),6344,,
POINT (431750.11060111475 8449823.840146655),13705,,
POINT (431764.9056414444 8449830.647884829),14014,,
POINT (431910.1322641683 8449673.815505918),9015,,
POINT (431954.4387543671 8449637.805341862),2847,,
POINT (431914.13757739315 8449658.718345594),8050,,
POINT (431920.63908766076 8449696.609467933),8476,,
POINT (432312.8516135303 8448732.721572446),7830,,
POINT (432232.00150358514 8448962.698234843),15046,,
POINT (432034.8022566225 8448634.941683775),18674,,
POINT (431644.6756253671 8449799.431959793),3919,,
POINT (432170.8969147195 8448802.249181665),2186,,
POINT (432123.4167565491 8449163.163889237),9335,,
POINT (432053.5814965098 8449102.937782403),13924,,
POINT (432222.06972852955 8448926.705824377),12098,,
POINT (432135.3078675387 8448993.874929635),17856,,
POINT (432167.03230683814 8448825.739169601),16725,,
POINT (431680.3345387718 8449830.919462638),13494,,
POINT (431903.10423155566 8448690.917314745),4088,,
POINT (431644.3361879016 8449762.614855496),15149,,
POINT (431905.8733558778 8448682.737469954),5217,,
POINT (431994.59212274104 8448683.664815495),9234,,
POINT (432081.16365164024 8448621.99113002),15994,,
POINT (432064.39643485576 8448620.13899482),3939,,
POINT (431902.77250337997 8448675.302265847),2362,,
POINT (432129.03797788656 8449178.097728688),4920,,
POINT (432162.42055294913 8448851.435528018),15365,,
POINT (432373.8115542492 8448138.498353861),10215,,
POINT (431912.7522607595 8448690.674934719),1017,,
POINT (432282.8274959305 8448516.704012958),12284,,
POINT (432412.42929849064 8448727.888214158),5956,,
POINT (432291.61726036295 8448638.754523695),9679,,
POINT (431977.0398543254 8448463.808027437),3268,,
POINT (432384.2659137496 8448624.550069796),5974,,
POINT (431904.9536116526 8448705.947131617),18353,,
POINT (432237.4076457537 8448279.911679853),9561,,
POINT (432327.3446792051 8448672.804117627),233,,
POINT (432221.1505332606 8448591.227416657),11036,,
POINT (432368.0553443905 8448138.825956585),14502,,
POINT (431990.9936272174 8448459.768040843),1109,,
POINT (431848.90848406794 8448650.931819014),8711,,
POINT (432226.18912049773 8448272.553322172),13125,,
POINT (432287.16054294846 8448428.112246567),5210,,
POINT (431866.4391934546 8448647.56863827),2089,,
POINT (432380.9121768102 8448648.038901199),9616,,
POINT (432456.2372413741 8448730.160953246),3830,,
POINT (432305.1098951098 8448475.123110175),1528,,
POINT (432289.4939336844 8448649.482812665),1161,,
POINT (432289.23151701054 8448280.289346779),17625,,
POINT (432442.7292882483 8448731.944595033),1352,,
POINT (432282.9057417404 8448436.373983115),13217,,
POINT (432426.39005518024 8448735.325122455),4130,,
POINT (432434.7919051862 8448579.062456137),16713,,
POINT (431962.00162629876 8448565.704320624),220,,
POINT (434885.8946750507 8447713.183854457),10501,Residential,Masonry
POINT (434909.94472947234 8447713.263704969),5849,Residential,Masonry
POINT (434881.49309678766 8447698.427109703),1995,Outbuilding,Timber
POINT (435083.55225733353 8447879.061316814),2808,Residential,Masonry
POINT (435017.215743938 8447670.451590715),18951,Residential,Masonry
POINT (435084.754101886 8447721.514607944),10951,Residential,Masonry
POINT (435065.6718472319 8447773.097438902),14739,Education,Masonry
POINT (434768.7198853362 8447723.864467444),10139,Residential,Masonry
POINT (434757.7536932038 8447700.634389134),1552,Residential,Masonry
POINT (435101.87138216954 8447717.952979082),1589,Residential,Masonry
POINT (452541.8727807064 8447178.71259254),4489,Outbuilding,Masonry
POINT (448598.05368439335 8447384.54675066),19779,Hotel,Timber
POINT (448583.99992780754 8447382.659582224),16871,Hotel,Timber
POINT (448568.8550305643 8447383.689288838),1019,Hotel,Timber
POINT (448552.8318486686 8447383.660583999),19858,Hotel,Timber
POINT (448499.5135353373 8447383.517887741),14583,Hotel,Timber
POINT (452819.54820221994 8447833.312346615),7772,,
POINT (452633.33859927225 8447860.99236512),8138,,
POINT (452620.02398532577 8448002.899361916),17919,,
POINT (452730.09962310136 8447802.245431215),7648,,
POINT (452784.2935692028 8447812.228184357),11160,,
POINT (452751.50918319455 8447800.37175335),19963,,
POINT (452722.2342669483 8447965.324452942),10975,,
POINT (452468.9349176967 8448068.82528073),16021,,
POINT (452621.3774996352 8448253.700875087),6063,,
POINT (452712.40884550393 8447814.738478262),16583,,
POINT (452596.36312132044 8448255.269664824),19113,,
POINT (452403.32708041114 8448003.222565282),8555,,
POINT (452865.17446636065 8447647.962335682),14654,Residential,Masonry
POINT (452883.277525452 8447677.745857941),16217,Residential,Masonry
POINT (452877.5011455066 8447668.206115661),7071,Outbuilding,Timber
POINT (452867.39754946996 8447680.551838443),11743,Residential,Masonry
POINT (452862.16906679823 8447674.105446355),18844,Outbuilding,Masonry
POINT (452861.4679425609 8447700.730924498),16853,Residential,Masonry
POINT (452830.1111227163 8447699.244971529),14755,Residential,Timber
POINT (452889.1931104162 8447757.812850354),1477,Residential,Masonry
POINT (452883.1950820672 8447740.41037927),13674,Residential,Masonry
POINT (452870.072877031 8447753.18373699),5254,Residential,Masonry
POINT (452862.6318587774 8447740.409414973),2206,Residential,Masonry
POINT (452988.0294586346 8447918.571641747),18336,Residential,Masonry
POINT (452969.4317170871 8447921.944504904),7968,Residential,Masonry
POINT (452943.2314175485 8447918.754174374),14191,Residential,Masonry
POINT (452942.904171274 8447960.285089293),1805,Residential,Masonry
POINT (452936.4751696195 8447979.194812624),19405,Outbuilding,Masonry
POINT (453105.56105983374 8448065.425766127),2599,Outbuilding,Masonry
POINT (453098.9614674594 8448053.964042535),4407,Residential,Masonry
POINT (453035.2167081682 8448072.75861321),3242,Residential,Masonry
POINT (453012.8786647393 8448072.95371446),501,Residential,Masonry
POINT (452996.3747587718 8448071.508055182),7160,Outbuilding,Timber
POINT (452955.99172269466 8448111.536596002),19041,Residential,Masonry
POINT (452946.460987547 8448116.487158762),10044,Outbuilding,Timber
POINT (452955.1823442827 8448129.81687957),9349,Residential,Timber
POINT (452962.28825039545 8448135.020080265),17005,Outbuilding,Timber
POINT (452972.04039501306 8448134.697041463),5200,Outbuilding,Timber
POINT (453038.3220024774 8448119.192439258),365,Residential,Masonry
POINT (453026.39755082637 8448129.362609614),2403,Residential,Masonry
POINT (453050.4094557168 8448157.374006508),4310,Residential,Masonry
POINT (453068.11060334364 8448148.202728126),19819,Residential,Masonry
POINT (453040.0455447978 8448184.705450824),19350,Residential,Masonry
POINT (453070.54973503214 8448177.928388488),15844,Residential,Masonry
POINT (453066.81394205184 8448190.347420804),19195,Outbuilding,Timber
POINT (453051.2827862528 8448138.440177966),15158,Residential,Masonry
POINT (453037.1660616532 8448148.748098277),5494,Residential,Masonry
POINT (452977.225492081 8448122.881346729),4778,Residential,Masonry
POINT (453003.6725306841 8448089.398427835),9949,Residential,Masonry
POINT (453022.0390235552 8448038.0104901),12999,Residential,Masonry
POINT (453034.86536256946 8448054.752181478),9262,Fale,Masonry
POINT (453090.9734442748 8448036.78127556),13691,Residential,Masonry
POINT (453027.06967626535 8447872.557548916),14955,Residential,Masonry
POINT (452943.7357850657 8447844.477660527),6042,Residential,Masonry
POINT (452931.3157353121 8447826.999835838),18651,Commercial,Masonry
POINT (452970.189294339 8447863.170312693),15972,Residential,Masonry
POINT (452924.34693099593 8447796.126352282),13240,Residential,Masonry
POINT (452897.15662284987 8447773.160697209),9985,Fale,Timber
POINT (453002.5328546265 8448112.411889428),3416,Residential,Masonry
POINT (453018.3771000432 8447959.563186405),610,Community,Masonry
POINT (453050.2577352593 8448000.131905533),5352,Community,Masonry
POINT (452967.9926810585 8447945.32296359),10459,Residential,Masonry
POINT (453036.3557328297 8447956.551565988),7365,Commercial,Masonry
POINT (452991.27636778227 8447972.839029424),10141,Religious,Reinforced_Concrete
POINT (452977.18565301184 8448015.140391834),11802,Religious,Masonry
POINT (453100.2655464304 8448204.683856316),5205,Community,Timber
POINT (453074.4227099013 8448230.170073917),16439,Outbuilding,Timber
POINT (452909.9005328437 8447771.54630846),5525,Fale,Timber
POINT (452975.948977622 8448101.453797456),2423,Residential,Masonry
POINT (452848.9250892869 8447763.590579133),13820,Outbuilding,Masonry
POINT (452830.06291767134 8447732.567658305),9195,Residential,Masonry
POINT (452838.6975806751 8447746.117607778),10792,Residential,Masonry
POINT (452842.87442307634 8447756.237234974),6702,Residential,Masonry
POINT (452837.7728271193 8447777.417564973),14903,Residential,Masonry
POINT (452864.52528981824 8447773.452104976),15878,Residential,Masonry
POINT (452833.7351919166 8447824.79468921),13178,Residential,Masonry
POINT (452835.29741613823 8447803.306655612),2557,Residential,Masonry
POINT (452898.74364911194 8447794.724930977),13565,Residential,Masonry
POINT (452898.5850448706 8447750.025638314),12451,Outbuilding,Masonry
POINT (452877.43063175055 8447806.115086894),2895,Outbuilding,Masonry
POINT (452925.9389296364 8447776.6833621),18949,Outbuilding,Masonry
POINT (452849.84915344446 8447785.575975994),1058,Outbuilding,Masonry
POINT (452877.9196839368 8447790.751219697),16724,Fale,Masonry
POINT (452909.29140955687 8447806.982648436),10774,Fale,Masonry
POINT (452920.4493741492 8447844.137361964),16422,Residential,Masonry
POINT (452934.664775588 8447864.113261933),2645,Fale,Masonry
POINT (452946.2325344202 8447870.357477209),15180,Outbuilding,Masonry
POINT (452955.2322747206 8447893.392071223),1739,Residential,Masonry
POINT (452925.5862022591 8447906.142498365),8804,Residential,Masonry
POINT (452894.08990120137 8448265.76619053),19895,Residential,Masonry
POINT (453238.43571299495 8448707.973241795),11132,Residential,Masonry
POINT (453228.1437920471 8448683.793668352),7361,Residential,Masonry
POINT (453070.4195279831 8448260.438948326),19249,Outbuilding,Timber
POINT (453071.8526933998 8448268.102617476),19181,Outbuilding,Timber
POINT (453089.52902537386 8448346.655219913),7509,Residential,Masonry
POINT (453076.2386715606 8448370.627325764),11760,Residential,Masonry
POINT (453063.87238806975 8448375.652438756),4243,Outbuilding,Masonry
POINT (453103.8393336161 8448404.21931854),19454,Residential,Masonry
POINT (453112.78306413785 8448388.890313031),907,Residential,Masonry
POINT (453111.4898559805 8448441.750499768),1648,Residential,Masonry
POINT (453104.2337513117 8448427.982094027),10305,Residential,Masonry
POINT (453076.68659585784 8448447.86468579),9286,Residential,Masonry
POINT (453039.94798854715 8448420.17214388),7414,Outbuilding,Timber
POINT (453050.7670642622 8448439.396985054),13534,Residential,Timber
POINT (453058.81085966044 8448461.788961094),9903,Outbuilding,Timber
POINT (453022.86637886835 8448483.957003431),15632,Residential,Masonry
POINT (453061.54067013704 8448506.757030848),5327,Residential,Masonry
POINT (453177.97749271936 8448526.82287599),18971,Residential,Masonry
POINT (453152.8377088435 8448538.468235679),15390,Outbuilding,Timber
POINT (453134.2693995796 8448561.46036851),14970,Residential,Masonry
POINT (453171.5441834981 8448563.33926313),4998,Residential,Masonry
POINT (453190.3956093427 8448550.383398646),2128,Residential,Masonry
POINT (453207.0684115938 8448613.815137224),12836,Residential,Masonry
POINT (453249.3219828927 8448656.268859815),1199,Residential,Masonry
POINT (453238.3178622384 8448645.582791202),1895,Residential,Masonry
POINT (453221.01505114045 8448653.298440736),3097,Outbuilding,Masonry
POINT (453225.57477756654 8448659.667313775),11178,Outbuilding,Masonry
POINT (453214.7837097946 8448662.696433835),4105,Outbuilding,Masonry
POINT (453215.45776545897 8448700.925646545),15353,Outbuilding,Masonry
POINT (453096.6058184492 8448266.174201665),5037,Commercial,Masonry
POINT (453067.7825375495 8448294.42983065),6393,Outbuilding,Timber
POINT (453098.90870236955 8448369.6268509),7200,Residential,Masonry
POINT (453135.95225496945 8448413.558451414),2579,Residential,Masonry
POINT (453229.5566386004 8448619.246680388),13578,Residential,Masonry
POINT (453196.6143109402 8448622.24576509),15234,Outbuilding,Masonry
POINT (453200.75993777905 8448636.212176755),4393,Outbuilding,Masonry
POINT (453136.76112128794 8448577.281832945),5088,Outbuilding,Timber
POINT (453071.30158986116 8448517.937771617),12886,Residential,Masonry
POINT (453080.5429991984 8448407.57061297),18578,Outbuilding,Timber
POINT (453204.77803601493 8448441.131111355),1227,Community,Masonry
POINT (453211.2953887333 8448686.76420562),13142,Fale,Masonry
POINT (453185.320571954 8448628.086128855),4357,Residential,Masonry
POINT (453012.4867122234 8448309.393782593),10532,Fale,Timber
POINT (453071.04103818827 8448318.949643955),8296,Outbuilding,Timber
POINT (453061.3367663762 8448321.077988397),2589,Outbuilding,Timber
POINT (453066.9212617358 8448310.07683698),1115,Outbuilding,Timber
POINT (452945.4087315289 8448414.07395473),16192,Outbuilding,Timber
POINT (452951.3017193655 8448412.169442497),11994,Outbuilding,Timber
POINT (452941.32794363867 8448532.819067826),8119,Residential,Masonry
POINT (452838.06579572 8448493.482704846),4331,Outbuilding,Masonry
POINT (452848.128686237 8448514.972500391),18308,Outbuilding,Masonry
POINT (452856.7349680747 8448492.539616233),872,Outbuilding,Masonry
POINT (452864.75339547364 8448501.808175122),7112,Outbuilding,Masonry
POINT (452887.32533152046 8448559.304583222),5836,Outbuilding,Masonry
POINT (452940.9438677521 8448555.47265809),1099,Outbuilding,Masonry
POINT (452858.2689260214 8448498.580363113),14672,Residential,Masonry
POINT (452875.7767819158 8448569.494059687),19029,Residential,Masonry
POINT (453139.990857933 8448498.4458567),5564,Residential,Masonry
POINT (454052.50862780516 8449409.821389468),18069,Industrial,Steel
POINT (454101.31581195496 8449368.818050826),7476,Industrial,Steel
POINT (452542.5557174543 8449116.34722684),16767,,
POINT (452531.1817728658 8449081.180463387),2091,,
POINT (452943.5912562489 8449011.689317128),19934,,
POINT (453027.73703559034 8449125.644500133),16449,,
POINT (452557.64535860467 8449108.994178884),18404,,
POINT (453037.13618688233 8449225.925252946),9868,,
POINT (453554.24954077177 8449224.721859733),18591,Residential,Masonry
POINT (453576.12873125396 8449245.63684402),3286,Residential,Masonry
POINT (453569.46653019247 8449275.837021373),477,Residential,Masonry
POINT (453596.9967804131 8449298.80672165),17676,Outbuilding,Timber
POINT (453704.97684125527 8449271.92731486),13603,Residential,Masonry
POINT (453494.0888990837 8449233.102095686),6751,Outbuilding,Timber
POINT (453540.793670075 8449240.893488886),7200,Outbuilding,Timber
POINT (453569.19654194417 8449254.033816958),9446,Outbuilding,Masonry
POINT (453534.26150999457 8449247.499088062),8735,Outbuilding,Timber
POINT (453635.49187855894 8449351.079273552),11586,Residential,Masonry
POINT (453627.178559034 8449378.073844375),3989,Outbuilding,Timber
POINT (453607.8857851609 8449370.894698277),774,Outbuilding,Timber
POINT (453694.8231948498 8449250.035239397),17865,Outbuilding,Timber
POINT (453429.56165715744 8449135.495712396),1588,Fale,Timber
POINT (453550.00115824275 8449252.54612033),18179,Residential,Masonry
POINT (453031.7251440151 8448878.085022457),2299,Residential,Masonry
POINT (453093.4002000234 8448872.52955612),1900,Outbuilding,Masonry
POINT (453021.9936927886 8448897.989459563),2791,Residential,Masonry
POINT (453130.7818944885 8449415.324780041),5025,Residential,Masonry
POINT (453339.55248317024 8448848.348277703),4568,Residential,Masonry
POINT (453348.2728131291 8448873.737585537),11370,Residential,Masonry
POINT (453328.73137178546 8448886.423980702),16478,Residential,Masonry
POINT (453409.1178189279 8448851.772145351),12845,Residential,Masonry
POINT (453436.86589717504 8449002.054443907),8103,Residential,Masonry
POINT (453394.48113253474 8449007.284861946),12955,Outbuilding,Masonry
POINT (453473.6643053889 8449048.20872996),11128,Residential,Masonry
POINT (453442.44192287826 8449046.945218267),17636,Residential,Masonry
POINT (453459.7652841083 8449031.365918234),17060,Residential,Masonry
POINT (453534.4204508401 8449072.021250527),12440,Commericial - not verified,Masonry
POINT (453494.73694149964 8449183.890953261),7400,Community - not verified,Masonry
POINT (453509.0193503571 8449202.498667043),14488,Outbuilding,Timber
POINT (453518.4225956214 8449165.797978075),15265,Religious,Reinforced_Concrete
POINT (453645.3399256438 8449312.163121175),11470,Residential,Masonry
POINT (453664.65811721125 8449326.552543389),10970,Residential,Masonry
POINT (454163.54528432246 8449398.611211784),10848,Industrial,Steel
POINT (454026.981687747 8449433.478707967),9284,Industrial,Steel
POINT (453505.3489267916 8449226.921223855),10951,Residential,Masonry
POINT (453681.9957290898 8449273.093334945),4219,Residential,Masonry
POINT (453625.7624383239 8449328.782453448),4948,Residential,Masonry
POINT (453325.9562390599 8448861.88366574),14850,Fale,Timber
POINT (453297.8987257598 8448802.894944504),70,Residential,Masonry
POINT (453285.8502174336 8448806.9178771),19731,Outbuilding,Timber
POINT (453290.4868370238 8448766.431742152),11670,Residential,Masonry
POINT (453147.29117777565 8448805.6256688),121,Residential,Masonry
POINT (453129.3198872269 8448802.598465713),6625,Fale,Timber
POINT (453146.92193108145 8448796.457628286),6056,Outbuilding,Timber
POINT (453147.082383507 8448862.757218994),17643,Outbuilding,Masonry
POINT (453167.3092563056 8448862.2695325),2086,Residential,Masonry
POINT (453174.4194866169 8448877.837109884),11751,Residential,Masonry
POINT (453180.3148898142 8448868.89802506),19314,Outbuilding,Timber
POINT (453173.49810479424 8448891.643389037),7556,Fale,Timber
POINT (453135.3551080287 8448884.186411202),924,Residential,Masonry
POINT (453505.4154626182 8449146.455653612),10072,Community - not verified,Masonry
POINT (453481.300072379 8449171.18306597),13048,Outbuilding,Timber
POINT (453474.17177660856 8449194.913918344),4475,Outbuilding,Timber
POINT (453631.0313837735 8449288.076716524),11154,Residential,Masonry
POINT (453354.8555105036 8448856.2887441),4978,Residential,Masonry
POINT (453421.7449814891 8449403.952494092),13042,Residential,Masonry
POINT (453394.8220671205 8449404.512714133),8375,Outbuilding,Masonry
POINT (453389.48253283685 8449389.043564811),8155,Residential,Masonry
POINT (453410.7902196499 8449379.379402762),7903,Residential,Masonry
POINT (453384.8070528156 8449361.551038286),13937,Outbuilding,Timber
POINT (453421.0740153475 8449451.07326905),19146,Outbuilding,Timber
POINT (453422.7463337474 8449459.921348985),13968,Outbuilding,Timber
POINT (453418.31066793646 8449464.807151277),397,Outbuilding,Timber
POINT (453417.90534434945 8449058.929434435),28,Outbuilding,Masonry
POINT (453319.69993764197 8449162.81543102),12999,Residential,Masonry
POINT (453307.04561061726 8449197.555754678),17221,Outbuilding,Masonry
POINT (453318.19196654164 8449190.778072694),18242,Outbuilding,Masonry
POINT (453298.45243329427 8449185.892309774),13965,Fale,Timber
POINT (453492.20834241825 8449212.51068133),4523,Residential,Masonry
POINT (453893.67873671826 8449557.44804369),18635,Industrial,Masonry
POINT (453237.9844100976 8448761.756537125),7983,Outbuilding,Masonry
POINT (453270.55249565665 8448771.19453801),13947,Outbuilding,Masonry
POINT (453229.5559833491 8448754.93748535),10554,Outbuilding,Timber
POINT (453326.5734837502 8448834.155521696),15741,Outbuilding,Masonry
POINT (453382.4940879655 8448895.976298925),7979,Outbuilding,Masonry
POINT (453329.97820077225 8448900.2244262),12507,Outbuilding,Masonry
POINT (453372.70490001235 8448879.135829326),16560,Residential,Masonry
POINT (453126.0831253845 8448885.683494264),8312,Residential,Masonry
POINT (453468.9931735167 8448963.69421883),18463,Outbuilding,Masonry
POINT (453045.66488073854 8448946.647740943),18157,Residential,Masonry
POINT (452990.1829554349 8448912.07389821),11441,Residential,Masonry
POINT (453064.9395000698 8448934.78304413),19419,Residential,Masonry
POINT (424686.0270206599 8449025.090980858),8061,Outbuilding,Masonry
POINT (424706.3462671022 8449056.116952885),4914,Outbuilding,Masonry
POINT (424716.2465094149 8449057.90698971),2424,Outbuilding,Masonry
POINT (424645.27563920117 8449465.50203915),1233,Outbuilding,Masonry
POINT (424656.70884550165 8449514.031767132),1234,Outbuilding,Masonry
POINT (425287.55965306226 8449691.036326934),14117,,
POINT (424974.1179898203 8450744.432861123),8182,,
POINT (425661.13978598994 8449502.98934529),18746,,
POINT (425672.18909720227 8449428.690829355),8192,,
POINT (425617.37618791906 8449352.96473666),7999,,
POINT (425602.0748977766 8449353.967610836),15339,,
POINT (425965.9475329892 8449547.386640964),17079,,
POINT (425498.99312819884 8449349.60597581),8804,,
POINT (424891.3366258116 8449193.629562499),5062,Residential,Masonry
POINT (425480.9452604035 8449355.477450019),11188,,
POINT (425587.17455407704 8449377.423697555),9725,,
POINT (426081.9003896319 8449683.078802004),17228,,
POINT (425733.43526049226 8449568.046486476),13641,,
POINT (425994.52404762316 8449668.709991833),13790,,
POINT (425857.1806673628 8449665.996008536),1988,,
POINT (425768.90335717634 8449502.600830883),7986,,
POINT (425993.61703077256 8449653.37436185),1889,,
POINT (425730.4302478289 8449478.775127523),9510,,
POINT (426028.8018902435 8449653.988392245),6821,,
POINT (425855.17923540657 8449653.40467304),630,,
POINT (425492.4500079035 8449333.705947991),19940,,
POINT (425934.6105491472 8449666.166558268),17603,,
POINT (425981.6546599531 8449546.683105815),5247,,
POINT (425518.81754749926 8449376.02245588),12677,,
POINT (425953.18238059833 8449654.678305106),3200,,
POINT (425983.24195426604 8449560.556860618),11667,,
POINT (426108.87010741694 8449655.770319115),1348,,
POINT (425843.34736357664 8449637.513434498),11268,,
POINT (424820.85073172767 8449049.18620103),14388,Residential,Masonry
POINT (424832.2493201389 8449043.695561312),18529,Outbuilding,Timber
POINT (424832.29814322595 8449036.451449284),1041,Outbuilding,Timber
POINT (424724.04214098613 8449038.350416994),16042,Residential,Masonry
POINT (424923.12622386136 8449158.935008919),6466,Residential,Masonry
POINT (424960.33949002525 8449156.821060915),6619,Residential,Masonry
POINT (425363.609920627 8449194.400818974),13480,Outbuilding,Masonry
POINT (425256.36496426375 8449271.337939652),14945,Outbuilding,Masonry
POINT (425102.16762834834 8449236.073689427),8503,Residential,Masonry
POINT (425025.69687775074 8449170.566160385),7878,Residential,Masonry
POINT (425053.8948627775 8449190.00117301),9341,Residential,Masonry
POINT (425087.2289398667 8449185.611111965),14543,Residential,Masonry
POINT (425436.4775657352 8449193.03768555),12248,Outbuilding,Masonry
POINT (425159.0334051068 8449112.18841254),9963,Education,Masonry
POINT (425155.4725894576 8449163.966156976),11112,Education,Masonry
POINT (425036.4716421538 8449128.935374683),16935,Community,Masonry
POINT (425217.5386705641 8449150.092815993),8393,Religious,Reinforced_Concrete
POINT (425721.9009981011 8448708.398701673),8798,Residential,Masonry
POINT (425611.4135083012 8448751.67879426),17198,Community,Timber
POINT (425437.7298182799 8448764.0273966),16421,Residential,Masonry
POINT (425419.3376762544 8448778.328853574),8453,Residential,Masonry
POINT (425457.462653288 8448830.19793744),5437,Residential,Masonry
POINT (425434.6007040592 8448828.034998415),13749,Religious,Masonry
POINT (425473.0381859196 8448833.567684706),876,Outbuilding,Masonry
POINT (425455.45457451645 8448844.26710438),10676,Outbuilding,Timber
POINT (425381.4191353768 8448854.679340728),5774,Residential,Masonry
POINT (425386.6850971602 8448867.01645335),6043,Outbuilding,Masonry
POINT (425409.93630019436 8448870.873246951),5085,Outbuilding,Masonry
POINT (425181.4281360876 8448957.79309938),6549,Outbuilding,Timber
POINT (425174.60124281544 8448952.788365284),16802,Residential,Masonry
POINT (424983.8022872057 8448949.432407312),4647,Residential,Masonry
POINT (424967.44617818325 8449042.77948436),16348,Residential,Masonry
POINT (424976.02886488015 8449065.75326752),18240,Residential,Masonry
POINT (424876.5448645968 8448994.752261216),8917,Residential,Masonry
POINT (424861.985906046 8448995.540826887),10707,Outbuilding,Timber
POINT (424809.9230947924 8449016.47759935),16211,Residential,Masonry
POINT (424825.7809970769 8449017.71380685),6718,Residential,Masonry
POINT (425513.4307852111 8448760.94001343),10194,Residential,Masonry
POINT (425399.9636408224 8448858.13320884),19394,Residential,Masonry
POINT (425312.9951158606 8448878.548268126),16467,Religious,Masonry
POINT (425288.8619404152 8448880.657103691),15275,Community,Masonry
POINT (425265.6490570463 8448841.893663026),15632,Residential,Masonry
POINT (425270.98658109835 8448923.258231401),877,Outbuilding,Masonry
POINT (425256.6377897619 8448903.57049768),12406,Fale,Timber
POINT (424973.2616449648 8449013.244693086),13885,Residential,Masonry
POINT (425150.3834531965 8449077.285474146),11996,Education,Masonry
POINT (425198.7315636283 8449117.225530595),4153,Residential,Timber
POINT (424971.9475266981 8449103.659667432),11807,Residential,Masonry
POINT (424952.08568356006 8449101.431133265),6031,Outbuilding,Timber
POINT (425418.6651878874 8449054.68961799),17237,Residential,Masonry
POINT (425429.47282952577 8449041.748589579),656,Residential,Masonry
POINT (425416.1519287221 8449040.863155507),4234,Outbuilding,Timber
POINT (425409.35852813127 8449048.514628345),11579,Outbuilding,Timber
POINT (425428.8356810519 8449060.05849749),12347,Outbuilding,Timber
POINT (425430.85969366354 8449170.742308216),1736,Residential,Masonry
POINT (425439.43667125795 8449151.941292427),11999,Outbuilding,Timber
POINT (425496.22213586717 8449193.9418621),6775,Residential,Masonry
POINT (425510.3624219495 8449184.498023665),3112,Residential,Masonry
POINT (425104.67206281633 8449167.305767402),6977,Education,Timber
POINT (425418.5930389179 8449187.86401427),11457,Residential,Masonry
POINT (425264.9281407702 8449161.822239785),5583,Residential,Masonry
POINT (425124.67349960894 8449217.540583272),9331,Residential,Masonry
POINT (425568.69754660747 8449268.324172555),8756,Outbuilding,Masonry
POINT (425569.28588404035 8449283.01169329),11323,Residential,Masonry
POINT (425278.8353857357 8449168.88478235),5373,Residential,Masonry
POINT (424790.39163763326 8449043.328740949),19956,Residential,Masonry
POINT (424750.32573456026 8449046.683623515),12527,Residential,Masonry
POINT (424755.28888385434 8449095.629608443),3312,Residential,Masonry
POINT (424746.26157079573 8449107.41710575),14322,Residential,Masonry
POINT (424962.2508323389 8449186.371932577),13945,Residential,Masonry
POINT (424945.2428590805 8449163.834147116),12027,Residential,Masonry
POINT (424745.918840051 8449057.588083854),19618,Outbuilding,Masonry
POINT (424739.2661065208 8449067.088572597),7970,Outbuilding,Masonry
POINT (424791.4115056843 8449058.611461619),8738,Outbuilding,Masonry
POINT (424797.541003782 8449075.254352676),3928,Outbuilding,Masonry
POINT (424941.940024699 8449150.208863802),1645,Outbuilding,Masonry
POINT (424950.51648444874 8449147.999570847),7945,Outbuilding,Masonry
POINT (424959.6789126151 8449091.448243776),916,Outbuilding,Masonry
POINT (424781.8294064245 8449053.991536306),17426,Fale,Masonry
POINT (425193.91086078295 8449242.48573479),4853,Residential,Masonry
POINT (425263.9306158224 8449237.122210003),17213,Residential,Masonry
POINT (425315.0412937726 8449240.669662058),6896,Residential,Masonry
POINT (425174.8537030534 8449244.96364115),10833,Residential,Masonry
POINT (425282.88761754805 8449242.754488574),15738,Residential,Masonry
POINT (425310.31148271024 8449254.286263006),3049,Outbuilding,Masonry
POINT (425253.2306791243 8449276.796002807),15449,Outbuilding,Masonry
POINT (425184.0007855503 8449268.348935507),9425,Outbuilding,Masonry
POINT (425596.087653662 8449266.725833042),18665,Outbuilding,Masonry
POINT (425598.56554513035 8449240.294796787),11467,Outbuilding,Masonry
POINT (425348.63885163586 8449322.696355894),8399,Outbuilding,Masonry
POINT (425263.6573707111 8449269.238534149),6688,Fale,Masonry
POINT (425520.35168886586 8449297.976882234),2658,Residential,Masonry
POINT (425579.1552999338 8449278.6863818),5006,Residential,Masonry
POINT (425616.44102920603 8449293.590862801),10982,Residential,Masonry
POINT (454024.44025796687 8451972.745624293),4486,Outbuilding,Masonry
POINT (454064.2450012251 8451938.327657985),1226,Residential,Masonry
POINT (453945.4937663723 8452013.029865038),19490,Residential,Masonry
POINT (454110.04069404537 8451888.687619768),19219,Residential,Masonry
POINT (454012.72913751064 8451997.505144548),6822,Outbuilding,Masonry
POINT (453995.35310038296 8452023.413953416),11946,Outbuilding,Masonry
POINT (453942.18985608616 8452010.921376362),14844,Outbuilding,Masonry
POINT (453896.3251273108 8451958.932151796),18018,Outbuilding,Masonry
POINT (453886.21115826425 8451984.777628168),6532,Outbuilding,Masonry
POINT (453825.5472609473 8452040.277692815),6716,Outbuilding,Masonry
POINT (453846.241324311 8452066.520951575),10002,Outbuilding,Masonry
POINT (453861.03193950356 8452060.887761245),10802,Outbuilding,Masonry
POINT (453959.34812916175 8452110.923214799),14591,Outbuilding,Masonry
POINT (453897.8665690706 8451986.712537989),18489,Fale,Masonry
POINT (453870.94390010537 8452071.978628103),2625,Residential,Masonry
POINT (453676.10037184734 8452352.956040774),9136,,
POINT (453667.2008911394 8452566.743929254),17688,,
POINT (453287.9337330249 8452392.608779475),15789,,
POINT (453479.7293142379 8452350.019233167),617,,
POINT (453781.1848356859 8452286.70130958),19117,,
POINT (453656.1605299355 8452333.085362164),11272,,
POINT (453693.6435425572 8452309.741705203),12390,,
POINT (453315.50423994544 8452396.908150457),14286,,
POINT (453653.5000728229 8452318.014228519),10227,,
POINT (453280.2211425082 8452296.309076536),2511,,
POINT (453239.1890753055 8452311.973329972),6316,,
POINT (453621.13180567854 8452333.519561894),15582,,
POINT (453636.5591001908 8452348.240494784),1871,,
POINT (453706.15721763915 8452317.83955136),10418,,
POINT (453560.1445293131 8452355.94327808),19665,,
POINT (453288.4113585983 8452319.45711476),3897,,
POINT (453028.2238800709 8452388.085091528),13063,,
POINT (453299.6053870377 8452288.819575828),8879,,
POINT (453426.0972630058 8452493.954789558),18744,,
POINT (453698.0105753585 8452337.795218538),6785,,
POINT (453370.4513202574 8452439.475825034),11436,,
POINT (453632.6061622589 8452425.878758539),2355,,
POINT (453165.26651996886 8452371.735594433),12616,,
POINT (453597.08392120356 8452361.60344438),8269,,
POINT (453128.89214376954 8452349.162228866),9255,,
POINT (453675.03468308965 8452430.797308082),13791,,
POINT (453665.3060268605 8452520.152595067),17423,,
POINT (453604.4648783675 8452338.377773223),17466,,
POINT (453549.01089429803 8452438.877208833),6112,,
POINT (453160.0119481563 8452280.307729831),19558,,
POINT (453554.54680381814 8452423.848963773),13672,,
POINT (453049.2966828733 8452339.349961169),5898,,
POINT (453351.69428762025 8452444.490432383),10689,,
POINT (453117.554962575 8452383.922018034),7233,,
POINT (453102.84548310423 8452289.396973902),14188,,
POINT (453637.8098874716 8452519.127952617),13113,,
POINT (453720.5563963847 8452520.628564505),7260,,
POINT (453534.19268227025 8452418.804381937),18579,,
POINT (453646.5231157245 8452479.92159384),1555,,
POINT (452812.8802085661 8452337.974291988),7163,,
POINT (453461.1888485453 8452407.095071318),6521,,
POINT (453641.28730911703 8452503.548025683),12342,,
POINT (453497.3481401952 8452409.470242416),5559,,
POINT (453138.7830288052 8452281.236567995),8966,,
POINT (453718.21657911997 8452549.533200856),14918,,
POINT (453738.6532321457 8452518.994288616),19243,,
POINT (453730.04300512606 8452550.588274563),13591,,
POINT (453729.2661823997 8452485.9039688),7759,,
POINT (452862.5898066114 8452404.242938312),11792,,
POINT (453728.8669880382 8452450.015665045),5071,,
POINT (453317.49915636546 8452327.843962722),19866,,
POINT (453316.84760754515 8452304.781620538),8606,,
POINT (453029.7190681276 8452368.33325061),19453,,
POINT (453729.84630194533 8452469.450644415),6818,,
POINT (453627.6090475313 8452469.965165688),2995,,
POINT (452393.96800857835 8452394.02210536),2302,,
POINT (452364.411661035 8452448.178669466),7769,,
POINT (451802.3184047332 8452686.330729168),1531,,
POINT (452275.0846089705 8452449.161915358),15647,,
POINT (450861.2720378823 8452553.159830252),13070,,
POINT (452058.9708792913 8452597.843291176),11841,,
POINT (452061.6044930213 8452545.495557768),7855,,
POINT (452409.163871999 8452393.386273371),14939,,
POINT (452406.08471752534 8452449.287862185),64,,
POINT (450266.7430241767 8452667.015729798),19063,,
POINT (452162.2049768767 8452421.95782851),6254,,
POINT (452119.5488647576 8452530.897022778),17617,,
POINT (451926.0663593016 8452611.828592446),4950,,
POINT (450013.1529503978 8452494.19134503),149,,
POINT (452038.0077364831 8452515.100264775),15406,,
POINT (449984.59622270876 8452530.310603293),10278,,
POINT (450066.39611614676 8452562.628698906),9793,,
POINT (451314.6562532363 8452739.69183113),17614,,
POINT (450634.41557638464 8453181.945795057),19548,,
POINT (450306.82028098044 8452952.525522279),1573,,
POINT (451170.85502117226 8452743.30043288),16913,,
POINT (451914.25437100435 8452600.260805912),4799,,
POINT (450573.3371892845 8452727.827210125),4321,,
POINT (452016.28523186926 8452469.653240068),10702,,
POINT (450531.0239294753 8452402.658215877),5575,,
POINT (449998.3733734055 8452596.609982856),8630,,
POINT (450032.5275675678 8452489.672850108),7156,,
POINT (450522.74234340276 8453073.861308744),4527,,
POINT (450171.66037349374 8452744.145353034),19136,,
POINT (451930.0363645687 8452509.745863045),10190,,
POINT (452133.03728101606 8452505.031194769),2322,,
POINT (450474.0594857543 8452807.49562021),4192,,
POINT (449969.9013567615 8452584.225258347),10667,,
POINT (450518.8651481478 8453091.342463005),18533,,
POINT (450475.21209617454 8452744.860359723),431,,
POINT (451439.5800921022 8452909.691531815),1431,,
POINT (450283.35845768475 8452657.366497373),5054,,
POINT (449919.18830185157 8452503.488559503),15255,,
POINT (452631.6955972304 8452392.110263718),7577,,
POINT (450164.89045144134 8452706.489396557),14579,,
POINT (449937.4197557104 8452914.028604152),1296,,
POINT (450283.72577222873 8452671.477322182),10025,,
POINT (450387.33851712744 8452701.473718941),214,,
POINT (449947.91412644833 8452494.633714158),14785,,
POINT (450096.78908438724 8452879.470084377),19916,,
POINT (450462.9810483412 8452729.85195585),10535,,
POINT (451500.8558402895 8452752.25554116),8443,,
POINT (450041.6310606779 8452692.112974307),4056,,
POINT (449997.03331645654 8452959.022462185),17338,,
POINT (450292.6773588597 8452966.197513975),14313,,
POINT (451943.38755644887 8452582.777618257),2641,,
POINT (452629.0343366241 8452497.673343807),8490,,
POINT (452024.17969141575 8452481.159217292),1593,,
POINT (450672.48581651703 8452799.821838494),14340,,
POINT (451268.3465538184 8452827.697881851),6120,,
POINT (450447.40142762073 8452801.438503368),2435,,
POINT (452049.2350617793 8452469.396175224),11851,,
POINT (452654.6569499422 8452453.782970037),15611,,
POINT (452017.1727385063 8452556.147665158),10053,,
POINT (450737.60794699297 8452764.42120109),2247,,
POINT (452070.61801439855 8452521.277343553),8072,,
POINT (451239.60311920143 8452544.785020346),5597,,
POINT (450441.92567671236 8452829.481220761),5884,,
POINT (450874.00285454036 8452459.201173386),2028,,
POINT (452636.17497345846 8452499.713398106),16411,,
POINT (450752.26825865736 8452715.704990208),7956,,
POINT (450672.6415333664 8453268.0962077),15239,,
POINT (452118.1518813453 8452558.91449833),7850,,
POINT (450545.65088478354 8452406.120059874),11117,,
POINT (451178.295841315 8452740.824113473),15924,,
POINT (450079.3939724467 8452572.430427777),7629,,
POINT (452646.12455045985 8452390.767233502),1937,,
POINT (451940.17854383995 8452488.26231753),4201,,
POINT (450382.2154930183 8452727.365054257),9459,,
POINT (451940.29164844676 8452597.87704065),12199,,
POINT (453805.58562621835 8452327.323190913),13690,Residential,Masonry
POINT (453756.50516463094 8452377.590051413),529,Residential,Masonry
POINT (453836.4170325421 8452320.600659458),8555,Residential,Masonry
POINT (453807.27135969576 8452285.493247453),11405,Residential,Masonry
POINT (453796.0173748574 8452337.10639196),10599,Outbuilding,Masonry
POINT (453755.4654525283 8452393.983431563),17805,Outbuilding,Masonry
POINT (453575.81868505053 8452735.958992971),4028,,
POINT (453427.8612069798 8452703.667197784),11632,,
POINT (453605.68811765703 8452668.32785449),8803,,
POINT (453481.54371558 8452664.270859674),8469,,
POINT (453423.49838982645 8452725.788730862),16651,,
POINT (453589.155556757 8452664.40003084),18666,,
POINT (453385.98578104615 8452649.737143537),420,,
POINT (453465.7200603524 8452747.549043475),13676,,
POINT (453462.1999747223 8452865.976653194),5677,,
POINT (453613.8629117626 8452655.404278146),4361,,
POINT (453259.8699361807 8452720.326102154),2784,,
POINT (453737.5844712376 8452718.92655931),8291,Residential,Masonry
POINT (453621.8082071124 8452660.338290459),18608,,
POINT (453745.42904597905 8452742.875421412),14913,Residential,Masonry
POINT (453722.25270867394 8452709.545933703),13302,Residential,Masonry
POINT (453623.0244016303 8452638.801510153),205,,
POINT (453573.4400373133 8452710.660085514),5470,,
POINT (453581.48038604937 8452777.648472006),889,,
POINT (453541.4489811124 8452717.319205118),2906,,
POINT (453555.76778069313 8452688.83052912),7347,,
POINT (453615.1301506952 8452760.787987795),12920,,
POINT (453662.2494967751 8452589.14688825),4463,,
POINT (453560.1258827943 8452794.542293116),932,,
POINT (453724.05389402533 8452730.232658071),11359,Residential,Masonry
POINT (453660.5876578448 8452649.78314816),6197,,
POINT (453617.57102950645 8452770.785412826),292,,
POINT (453702.05687877745 8452681.501402816),14758,,
POINT (453611.96815031325 8452637.42663771),18202,,
POINT (453457.77697193075 8452717.855582878),185,,
POINT (453271.75504020625 8452618.547091506),13021,,
POINT (453460.0015862477 8452807.863729252),8612,,
POINT (453537.9387372075 8452743.28655478),2850,,
POINT (453676.4499218708 8452761.751320992),14855,,
POINT (453581.3749639125 8452688.650604889),6651,,
POINT (453636.95140805107 8452762.087604677),17746,,
POINT (453704.65139137727 8452755.8331249),17731,Residential,Masonry
POINT (453641.77608868724 8452619.90484247),4825,,
POINT (453517.84932640835 8452667.532044334),18775,,
POINT (453472.9763921965 8452854.912510056),16499,,
POINT (453444.7108945938 8452660.69127739),2766,,
POINT (453527.68103929696 8452793.16035289),8008,,
POINT (453681.92232124653 8452771.34865658),16231,Residential,Masonry
POINT (453361.5696479665 8452975.995698169),11772,Residential,Masonry
POINT (453355.4224499625 8452965.240893662),8538,Residential,Masonry
POINT (448807.60123681807 8453034.388396416),14106,,
POINT (449853.56526226003 8453046.617842304),17704,,
POINT (449845.88804458105 8453024.440439787),17061,,
POINT (449865.6082432715 8453055.183942908),13638,,
POINT (448856.73666953825 8452481.046808798),10107,,
POINT (448728.4479887675 8452433.665484019),3606,,
POINT (448926.29676498816 8452476.90930242),16420,,
POINT (448737.27937044797 8452414.98815973),2144,,
POINT (449825.70442137803 8453020.508036833),17034,,
POINT (448839.42679874843 8452394.561553517),13820,,
POINT (448753.0655496068 8452435.080320047),12584,,
POINT (449831.612452256 8453037.671651596),7883,,
POINT (448852.4152992201 8452409.831297407),9850,,
POINT (448775.9137120326 8452420.871996285),19925,,
POINT (449827.84897769126 8453006.156701213),8993,,
POINT (448680.9485674752 8452438.394591365),8425,,
POINT (449763.67488632846 8453230.10161529),10699,,
POINT (449583.1201805883 8453095.459474493),10022,,
POINT (450574.8385501727 8453296.868780974),1553,,
POINT (448933.5881168819 8453417.339181859),3575,,
POINT (449161.7465372506 8453402.620215021),4660,,
POINT (448959.74518578156 8453152.697906654),1550,,
POINT (446241.25784351036 8452866.72065209),12703,,
POINT (445691.9743015486 8453115.442407375),723,,
POINT (449088.25745783973 8453417.03359035),6648,,
POINT (445487.01333946234 8453121.511710858),293,,
POINT (447240.9455932905 8452576.152027082),7748,,
POINT (447976.6871693817 8452477.890069846),12514,,
POINT (447186.7781688934 8452709.59969676),8354,,
POINT (448262.15815486055 8452461.210492766),12224,,
POINT (446135.97376289894 8452812.89085973),11370,,
POINT (447733.0313049069 8452472.568697186),11090,,
POINT (448438.4302473801 8452516.293300759),14871,,
POINT (446590.17117219494 8452832.977076927),8922,,
POINT (447834.515191549 8452408.866238981),10871,,
POINT (446727.4845331148 8452823.646002349),17527,,
POINT (446519.3036754161 8452723.337537874),2086,,
POINT (448736.44078585703 8452488.545764916),7023,,
POINT (448066.74787999946 8452403.869680237),11932,,
POINT (446889.2579001785 8452706.118926408),15143,,
POINT (446410.75822699186 8452845.980547458),7978,,
POINT (446855.9741891223 8452980.313761551),7462,,
POINT (446189.11557463626 8452794.313474957),2527,,
POINT (445577.59631516295 8453086.445458448),965,,
POINT (449066.4464679727 8453343.627732627),13640,,
POINT (445529.9124852151 8453106.998652779),11254,,
POINT (447141.6471266062 8452620.34943693),1119,,
POINT (447468.22816154524 8452365.342541363),10936,,
POINT (448263.96232955507 8452495.275637358),13126,,
POINT (447170.6125683299 8452722.816065129),5127,,
POINT (447792.99068169226 8452473.840548903),16407,,
POINT (448242.6985865059 8452493.083996141),11333,,
POINT (446159.8432920573 8452796.941481829),15159,,
POINT (447754.0027144992 8452486.453001706),12523,,
POINT (448539.65933176054 8452425.413447853),7590,,
POINT (446607.5240850244 8452845.116147103),1355,,
POINT (447960.3157478987 8452368.029443517),4308,,
POINT (446748.94900918374 8452834.603677358),13334,,
POINT (446346.126628437 8452759.038610313),6491,,
POINT (448738.32874630543 8452494.91451111),48,,
POINT (448068.6096313707 8452388.13258309),14368,,
POINT (446873.6380922829 8452706.84443249),9175,,
POINT (447727.8270238786 8452366.327726515),5902,,
POINT (445539.21680172114 8453194.048788315),14443,,
POINT (445518.42640898516 8453124.897073125),12544,,
POINT (445405.86198928836 8453301.7261514),10089,,
POINT (447599.49336405133 8452359.821831947),12080,,
POINT (447132.85025011876 8452629.331626108),5213,,
POINT (447226.83381403075 8452690.185635917),19391,,
POINT (448261.66400697257 8452482.12595232),3299,,
POINT (447023.86633447465 8452672.934534296),3589,,
POINT (447757.9561554418 8452462.267549092),1148,,
POINT (448416.87040910247 8452420.45920907),16589,,
POINT (446160.6490638289 8452811.523654412),14914,,
POINT (447737.05578342173 8452492.910543432),13529,,
POINT (447895.51836437243 8452387.227393081),4426,,
POINT (446607.54107884003 8452819.803908698),2236,,
POINT (448789.95985467744 8452699.631801054),11511,,
POINT (447946.4355758312 8452361.837574583),17721,,
POINT (446776.7390706469 8452744.332694728),14903,,
POINT (446324.1550715506 8452768.437507339),1706,,
POINT (448047.5276044724 8452478.479705269),10035,,
POINT (446879.5666083879 8452781.951108767),7461,,
POINT (446227.5802777891 8452862.993489482),3529,,
POINT (445670.6065439535 8453121.60545334),11003,,
POINT (449195.51762434095 8453427.67616475),11719,,
POINT (445494.07111652504 8453134.806064105),12258,,
POINT (447510.75980082003 8452477.870250355),2548,,
POINT (447169.45966742374 8452695.374057483),19098,,
POINT (448257.2426738509 8452473.266362498),8521,,
POINT (446931.7963593166 8452696.463177713),15321,,
POINT (447750.68423528393 8452474.189608378),13274,,
POINT (448450.0569420465 8452501.485578785),5938,,
POINT (447851.1729135049 8452395.90482638),9059,,
POINT (446677.6525832411 8452823.95995679),12505,,
POINT (446470.34071201907 8452747.777093923),980,,
POINT (448716.29084894084 8452486.459738038),3579,,
POINT (448077.14080487046 8452403.23750128),15077,,
POINT (446752.4399657068 8452739.769513695),4099,,
POINT (446399.55930120125 8452836.22100219),10859,,
POINT (446817.8462737591 8452808.468630921),19358,,
POINT (449053.6871884728 8453487.388531536),9224,,
POINT (447201.5703554455 8452577.592711426),18040,,
POINT (447940.30802547664 8452403.874645637),19045,,
POINT (449611.3282964513 8454839.992886093),12044,Outbuilding,Masonry
POINT (449545.29548321327 8454845.188229246),10204,Residential,Masonry
POINT (449206.3967261417 8455013.250629505),3019,Outbuilding,Masonry
POINT (449700.4317469912 8454799.351775547),8273,Residential,Masonry
POINT (449592.14184242167 8454840.91275758),4576,Residential,Masonry
POINT (449801.52459851356 8454733.3944133),12376,Residential,Masonry
POINT (449289.69840322627 8454918.660060734),402,Outbuilding,Timber
POINT (449664.17870075925 8454769.720254833),9094,Outbuilding,Timber
POINT (449337.94485240814 8454900.269212881),10346,Outbuilding,Masonry
POINT (449332.7535898702 8454871.033281602),13412,Residential,Masonry
POINT (449787.4401850779 8454722.307765925),5061,Outbuilding,Masonry
POINT (449670.74015691824 8454788.888806699),14413,Outbuilding,Timber
POINT (449481.94097864267 8454842.048110364),3854,Residential,Masonry
POINT (449632.22234317346 8454820.780349113),5851,Outbuilding,Masonry
POINT (449523.00487725594 8454825.742454609),16883,Residential,Masonry
POINT (449511.61397741886 8454838.519582955),17644,Residential,Masonry
POINT (439151.1990530078 8455226.792079104),1128,,
POINT (439232.0894981625 8454942.453021541),6219,,
POINT (440571.9431925066 8454681.524855059),7126,,
POINT (440962.63566998777 8454482.274186175),2933,,
POINT (439326.53319549246 8455720.651775546),10516,,
POINT (441188.946370148 8454378.540623099),18849,,
POINT (441345.2779194752 8454343.856806708),16774,,
POINT (441713.4678690832 8454180.096800888),9645,,
POINT (441975.7502954655 8454278.980838172),10202,,
POINT (440100.2579999875 8454914.480508829),594,,
POINT (439237.1997721885 8456076.34870605),7660,,
POINT (442121.75368861086 8453844.649877682),2758,,
POINT (440368.07779860497 8454617.570008961),5252,,
POINT (439335.7755707605 8455633.08279891),7339,,
POINT (440122.58907925343 8461934.518829161),1340,,
POINT (439699.4869072269 8461906.875462951),5744,,
POINT (439979.094485378 8461918.330243286),14060,,
POINT (439959.7217821567 8461908.997693323),3596,,
POINT (440215.8665514865 8462011.93401075),5593,,
POINT (439961.81628476724 8461917.723067537),13241,,
POINT (439997.7645380076 8461883.009585613),11710,,
POINT (440132.46854366513 8461937.057943223),2337,,
POINT (439957.3642187866 8461893.375474835),3908,,
POINT (439955.5235204341 8461900.97751924),17052,,
POINT (440161.23433931416 8461964.520300495),16083,,
POINT (439711.1036603324 8461905.391107585),13879,,
POINT (440088.13179508905 8461950.626556994),9396,,
POINT (440056.3983784246 8461944.593198946),10891,,
POINT (439686.56484192604 8461910.18942563),1474,,
POINT (439727.77878967894 8461911.615864715),19812,,
POINT (440217.7441914394 8461991.947525011),1366,,
POINT (440130.6285530936 8461922.098221788),6844,,
POINT (440067.84620286716 8461899.97842532),4026,,
POINT (440057.6725329724 8461911.593572125),10777,,
POINT (439998.3682986459 8461899.766812429),10099,,
POINT (439936.232569108 8461903.71962379),19645,,
POINT (439992.1507919955 8461844.148436522),3458,,
POINT (439801.26448544266 8461940.704698129),15388,Outbuilding,Masonry
POINT (439813.36514471966 8461937.151480367),13403,Residential,Masonry
POINT (440008.6293268665 8461921.683890881),13629,Residential,Masonry
POINT (439930.27061951015 8461937.72611219),6370,Residential,Masonry
POINT (439955.5441689165 8461954.65702201),1668,Residential,Masonry
POINT (439965.4703284126 8461932.0481718),17094,Residential,Masonry
POINT (439928.4257619342 8461923.919793433),1628,Residential,Masonry
POINT (440009.4009234972 8461947.554903066),17847,Residential,Masonry
POINT (439860.00446941267 8461955.376833554),12045,Residential,Masonry
POINT (439881.66068371217 8461951.135231165),10829,Residential,Masonry
POINT (439979.60708781704 8461937.111228446),15087,Residential,Masonry
POINT (439858.94967471855 8461933.324059824),10106,Residential,Masonry
POINT (440020.3199653891 8461940.018545477),18334,Outbuilding,Masonry
POINT (439692.6355498991 8461932.601261988),548,Residential,Masonry
POINT (439738.9993908616 8461931.466539674),10352,Residential,Masonry
POINT (440157.70130153355 8461975.846403811),19629,Residential,Masonry
POINT (440142.6879623679 8461984.789136939),14050,Outbuilding,Masonry
POINT (440144.26382997085 8461975.082556557),19289,Outbuilding,Masonry
POINT (440172.87472620985 8461980.064174127),17281,Outbuilding,Masonry
POINT (439947.3415119988 8461930.695786955),7532,Outbuilding,Masonry
POINT (439937.64771704684 8461928.729892999),17999,Outbuilding,Masonry
POINT (439855.3423222046 8461944.63612397),9255,Outbuilding,Masonry
POINT (439869.17776662484 8461951.539409174),13320,Outbuilding,Masonry
POINT (439851.1978606312 8461956.930025978),1803,Outbuilding,Masonry
POINT (439636.5180545121 8461931.593822343),5293,Residential,Masonry
POINT (439850.84104508476 8461975.15844467),9717,Fale,Masonry
POINT (439872.8351139165 8461927.57183337),18621,Residential,Masonry
POINT (438939.57647183037 8462081.480952783),4651,,
POINT (439364.07686717215 8462012.738387335),9767,,
POINT (439299.2215928601 8461941.111511236),17764,,
POINT (438871.2936095606 8461975.840032019),15968,,
POINT (439174.2176851346 8461958.148214947),13344,,
POINT (439274.5359303114 8461999.196287183),15241,,
POINT (439262.7905032356 8462025.137363987),11832,,
POINT (439351.80106457265 8462009.771040767),3038,,
POINT (439150.092435773 8462047.522045953),8726,,
POINT (439247.35251457366 8462057.749710128),12145,,
POINT (439250.778829676 8461981.248246124),1596,,
POINT (438957.90046063944 8462109.651492266),3913,,
POINT (439328.3483766915 8462020.209890192),12020,,
POINT (439339.5684548006 8462010.86854487),720,,
POINT (438943.21156097396 8462015.583248256),12042,,
POINT (439267.6986181234 8462044.649674267),1791,,
POINT (439132.1895644982 8462050.255777013),17605,,
POINT (439129.77570605336 8462037.094598092),12376,,
POINT (439109.6861200086 8462036.228304282),4391,,
POINT (438875.59884283715 8461959.934963401),5460,,
POINT (438882.24587351637 8461967.13248116),17093,,
POINT (438928.1017938811 8461984.773052672),16709,,
POINT (439282.6442912025 8462058.679276144),2041,Residential,Masonry
POINT (439307.36221356614 8462049.961481335),8408,Residential,Masonry
POINT (439301.27773137233 8462038.57201654),18351,Residential,Masonry
POINT (439303.70386472886 8462016.04725188),3268,Residential,Masonry
POINT (439279.27566355123 8462121.655956365),5805,Residential,Masonry
POINT (439306.8249243402 8462093.016775502),1311,Residential,Masonry
POINT (439339.53462497174 8462027.519230843),12040,Residential,Masonry
POINT (439209.45585583267 8462158.682149317),14385,Residential,Masonry
POINT (439181.3710214277 8462113.104092881),9461,Religious,Masonry
POINT (439252.2792532681 8462079.258645045),16159,Residential,Masonry
POINT (439134.84167427087 8462146.317801397),7794,Residential,Masonry
POINT (439179.5587573134 8462148.51933226),18218,Residential,Masonry
POINT (439207.9148664221 8462122.689405236),3994,Residential,Masonry
POINT (439226.2143651974 8462154.64834712),13442,Residential,Masonry
POINT (439182.45991833444 8462165.265016122),12323,Outbuilding,Masonry
POINT (439164.55399543967 8462127.986928212),9568,Residential,Masonry
POINT (439166.48016907193 8462147.254167724),6892,Residential,Masonry
POINT (439205.16703390534 8462102.555840699),12566,Outbuilding,Masonry
POINT (439188.7890685362 8462099.017315777),12556,Residential,Masonry
POINT (439300.01509184955 8462103.835865447),10167,Residential,Masonry
POINT (439326.4226893427 8462038.155432796),11495,Outbuilding,Masonry
POINT (439241.8199754842 8462108.572967693),10089,Residential,Masonry
POINT (439131.098693636 8462134.290438732),18318,Residential,Masonry
POINT (439296.18545411987 8462030.796410602),9826,Outbuilding,Masonry
POINT (439201.4016279204 8462091.230227489),592,Outbuilding,Masonry
POINT (439175.49868781114 8462129.691504186),10359,Outbuilding,Masonry
POINT (439122.29443220166 8462149.431556357),11147,Outbuilding,Masonry
POINT (439160.33156633406 8462148.687583813),5136,Residential,Masonry
POINT (439169.22740841575 8462158.691290233),8363,Outbuilding,Masonry
POINT (439177.5168871571 8462096.481838288),8803,Outbuilding,Masonry
POINT (439231.0835862269 8462100.165580258),18467,Outbuilding,Masonry
POINT (435771.9265994666 8458707.02704201),13406,,
POINT (436467.5845319543 8458098.525371464),5240,,
POINT (437119.94796255056 8459626.483369185),19366,,
POINT (436619.35670198005 8459289.546962347),5694,,
POINT (436745.49575631897 8459280.604830716),6098,,
POINT (437119.2521655856 8459637.53855548),1357,,
POINT (437126.83469292417 8459527.548644688),4526,,
POINT (437089.7142766856 8459621.152753845),12732,,
POINT (437111.1932998296 8459613.253161794),18203,,
POINT (437100.7107767757 8459665.266916847),16028,,
POINT (436739.1786659188 8459270.943200137),8769,,
POINT (436615.12872809696 8459294.677422823),15891,,
POINT (437107.6945367215 8459585.147065593),7862,,
POINT (437048.47399728955 8459698.63780925),3028,,
POINT (436732.1402144038 8459253.502537444),14642,,
POINT (437102.8293971281 8459678.315366443),11434,,
POINT (437011.8057628312 8459453.220168334),3982,,
POINT (437131.09100864595 8459615.862231757),14446,,
POINT (436655.8420953182 8459257.567156648),14181,,
POINT (437095.76816195826 8459692.217118481),12744,,
POINT (436625.7610925633 8460952.037649885),8668,,
POINT (436818.7893524899 8460811.392199082),9525,,
POINT (436602.8940632525 8461044.824605666),17959,,
POINT (436807.9339981419 8460698.091943972),9550,,
POINT (436611.77480749507 8461035.904465696),16032,,
POINT (436594.0172383019 8461014.890920866),9070,,
POINT (436849.92379021295 8460757.773190185),9017,,
POINT (436732.7171661789 8460869.852417853),14689,,
POINT (436549.34710944066 8461071.120513001),9216,,
POINT (436679.66583614907 8460988.734784983),960,,
POINT (436737.03427015716 8460748.23214132),9556,,
POINT (436690.4637910356 8460938.24474603),1550,,
POINT (437128.53734267654 8459778.705563882),3490,,
POINT (436948.98951057513 8459983.344286913),17698,,
POINT (436548.0552141724 8461045.198180987),4574,,
POINT (436880.75091039675 8460056.742558295),13668,,
POINT (436643.4064900837 8461226.14869336),14814,,
POINT (436718.4754623929 8460875.212695451),13135,,
POINT (436625.2298782801 8461029.539393751),18482,,
POINT (436759.3907241877 8460522.56602095),6846,,
POINT (436666.36064939614 8460873.677470075),10494,,
POINT (436818.8317554679 8460717.155463094),2146,,
POINT (436663.0552664186 8461002.070984535),8317,,
POINT (436594.30933423544 8460925.468234269),3728,,
POINT (436772.36912632873 8460778.073119048),1362,,
POINT (436647.10079673724 8461008.567937465),14494,,
POINT (436691.4390640795 8460876.3128188),232,,
POINT (436587.0432331822 8461056.708239289),946,,
POINT (436677.7417297988 8461013.32751917),3412,,
POINT (436999.58834862284 8460015.039140493),12040,,
POINT (436572.45954689995 8461068.804936878),14792,,
POINT (437043.9819095742 8459905.194739556),9735,,
POINT (436573.51477875595 8461017.087311499),10858,,
POINT (436635.8547489973 8461018.310696406),7094,,
POINT (436533.4986222232 8461638.366094034),957,,
POINT (436499.02499371406 8461561.4361049),12366,,
POINT (436565.0688652607 8461536.713942122),2319,,
POINT (436266.1884245097 8461637.765813706),18941,,
POINT (436144.9925564717 8461590.406253107),8631,,
POINT (436403.9650924133 8461634.35883545),18769,,
POINT (436252.84221175493 8461649.18600319),7154,,
POINT (436185.70502140245 8461681.95588425),15446,,
POINT (436162.69770128024 8461686.731792018),15381,,
POINT (436597.5519153088 8461632.352471689),10409,,
POINT (435715.3878236693 8460792.806539008),9938,,
POINT (435548.8183644822 8461791.027368858),7104,,
POINT (436909.38204523025 8458738.241027087),4101,,
POINT (436505.91045577993 8461371.690924525),1791,,
POINT (436525.44825592235 8461338.98488991),7636,,
POINT (435705.65620026283 8460799.020333156),12047,,
POINT (436602.74872870266 8461358.132303523),5356,,
POINT (435702.80888999946 8460829.237432435),13857,,
POINT (436599.8040127423 8461777.282848815),16251,,
POINT (435653.39091518125 8461802.505029397),12235,,
POINT (436655.0126528097 8461701.906563815),10655,,
POINT (436649.6270652491 8461611.909079535),18144,,
POINT (436487.6072256388 8461479.785037741),11558,,
POINT (436481.32545315323 8461421.46242412),13429,,
POINT (436502.76616316044 8461479.158842007),11006,,
POINT (435775.8187856991 8461807.054360818),15683,,
POINT (436501.67753276235 8461402.647286765),1972,,
POINT (451957.4237227439 8447635.72168096),4542,,
POINT (451903.8864324001 8447645.055324437),18928,,
POINT (451921.79415099893 8447666.124483418),486,,
POINT (452415.4880432545 8447456.232655887),10712,,
POINT (452379.6286924522 8447489.765812587),5553,,
POINT (452397.53307168727 8447543.47280737),11445,,
POINT (452390.23325784 8447543.879452078),3839,,
POINT (452355.3146597903 8447535.076922556),9094,,
POINT (452354.1671828613 8447548.012629958),17432,,
POINT (452401.38605897914 8447697.64907128),6641,,
POINT (452383.7759093056 8447480.549625216),2709,,
POINT (452419.203080065 8447418.359845214),13152,,
POINT (452431.6366326909 8447394.278799556),2382,,
POINT (452428.10271275387 8447407.283648225),16977,,
POINT (452270.9356517844 8447406.701980181),3215,,
POINT (452297.42805331916 8447452.29059719),11714,,
POINT (452345.3035334217 8447420.577468324),8166,,
POINT (452349.71758310497 8447438.173702626),8854,,
POINT (452191.75937526725 8447337.171314789),18449,,
POINT (452171.6671004735 8447349.655930469),15665,,
POINT (452130.037615162 8447342.307101915),6455,,
POINT (452166.8934931023 8447365.208396692),19775,,
POINT (452220.58916293626 8447368.395801019),8832,,
POINT (452258.8784077457 8447382.900169276),5328,,
POINT (452230.4100603238 8447375.68236501),1806,,
POINT (452264.3910771269 8447365.115630202),2040,,
POINT (452243.5906180446 8447379.304941019),2745,,
POINT (452318.8442586959 8447325.50155601),5703,,
POINT (452332.3316023311 8447330.650228534),5294,,
POINT (451825.9793316779 8447382.997640189),14954,,
POINT (451849.1558765344 8447288.229254931),5364,,
POINT (451838.42455063364 8447317.336812614),17817,,
POINT (451982.2007243423 8447253.51894108),14787,,
POINT (452030.7676703459 8447217.41670023),16413,,
POINT (452181.54722997145 8447236.714711366),14425,,
POINT (452274.440541394 8447262.071174145),18459,,
POINT (452252.54022835416 8447252.188723864),2466,,
POINT (452268.71181931475 8447253.662324153),9020,,
POINT (452309.2637533676 8447261.122175049),13045,,
POINT (452301.09183656157 8447206.87776713),10310,,
POINT (452293.9391245006 8447224.39924863),19434,,
POINT (452227.03543446 8447186.895085376),15979,,
POINT (452198.4556064728 8447192.216557724),1821,,
POINT (452183.8178841302 8447196.636484746),19822,,
POINT (452127.55401410256 8447179.37723728),7137,,
POINT (452446.8833406429 8447250.380418759),17630,,
POINT (452415.3106857673 8447254.423044989),5064,,
POINT (452425.4864553253 8447271.202832501),1132,,
POINT (452068.18244831177 8447657.794505978),15758,,
POINT (451953.6421774365 8447608.363479028),10744,,
POINT (451976.8176944449 8447589.391627245),19354,,
POINT (451910.3979328215 8447542.76876431),10881,,
POINT (451900.7782886671 8447545.479079442),10943,,
POINT (451891.1955612743 8447538.003388839),19627,,
POINT (451907.33199473773 8447531.039510082),6506,,
POINT (451918.2960787197 8447517.209722823),11050,,
POINT (451915.33649752295 8447503.360671874),1853,,
POINT (451912.108923384 8447425.631285168),10563,,
POINT (451903.58822448424 8447417.878825476),7604,,
POINT (451912.9859203607 8447415.76752696),14700,,
POINT (451923.6069215454 8447414.819819303),5997,,
POINT (451882.6897407816 8447462.79856844),19299,,
POINT (451934.3780452637 8447454.511915252),9929,,
POINT (452014.0832006929 8447453.083761001),13012,,
POINT (451997.0444056685 8447495.540475098),19224,,
POINT (450988.2210027978 8447746.294944365),15044,,
POINT (450802.9064209233 8447690.456485623),14411,,
POINT (450831.84583856823 8447530.698242493),11070,,
POINT (450944.5218057082 8447674.188516075),2879,,
POINT (451193.21036832 8447664.72026652),13810,,
POINT (451043.6430233238 8447620.520256389),7651,,
POINT (451084.3039422102 8447522.428568631),14570,,
POINT (451097.90521457617 8447527.061104937),14392,,
POINT (451114.011238737 8447540.443280175),19001,,
POINT (451119.1088084025 8447552.8963298),19618,,
POINT (451125.6742953837 8447564.66820785),9920,,
POINT (451131.98543876974 8447590.001921011),12413,,
POINT (451220.10248019785 8447544.762242204),7764,,
POINT (451232.8975308585 8447537.718219366),5822,,
POINT (451310.983290899 8447573.481404781),6220,,
POINT (451369.3495515229 8447552.786404632),3066,,
POINT (451370.8989711837 8447568.894479044),17871,,
POINT (451399.8980626894 8447556.08707406),10999,,
POINT (451463.1840450414 8447486.37856538),19118,,
POINT (451455.15360102814 8447487.72917134),86,,
POINT (451470.86036718305 8447516.213169703),1857,,
POINT (451495.48500859493 8447517.319237676),10367,,
POINT (451523.89083968016 8447548.049073804),13830,,
POINT (451570.63459135895 8447551.664788017),8244,,
POINT (451478.6607591775 8447597.731291674),2575,,
POINT (451378.2252246213 8447645.823365109),3973,,
POINT (451319.19551300706 8447691.540765377),7345,,
POINT (451468.92971582664 8447715.65901696),6913,,
POINT (451469.0905332724 8447737.988005528),7556,,
POINT (451530.3918311523 8447671.32260913),19872,,
POINT (451612.7347767977 8447684.844871853),18389,,
POINT (451608.94562822377 8447698.662532607),8559,,
POINT (451631.08044501767 8447690.149712428),18263,,
POINT (452645.6816774806 8447003.63923278),2688,Residential,Masonry
POINT (451792.0966263456 8447231.033108665),7748,Outbuilding,Masonry
POINT (452669.2956749778 8446992.194590647),15589,Residential,Masonry
POINT (452561.8201851714 8447232.827983651),4776,Religious,Masonry
POINT (452810.6900701909 8446944.559546772),5489,Outbuilding,Masonry
POINT (452572.3122378514 8447181.725434197),11248,Outbuilding,Masonry
POINT (452551.2766277936 8447210.174375938),18200,Outbuilding,Masonry
POINT (452856.9889730117 8446893.121488161),6412,Residential,Masonry
POINT (452699.7791504469 8446947.527654734),5021,Residential,Masonry
POINT (452794.5789503538 8446953.565566853),13087,Residential,Masonry
POINT (452559.3660609574 8447197.550724655),5761,Residential,Masonry
POINT (452757.36549284554 8446933.756986862),4495,Residential,Masonry
POINT (452634.8772189183 8447026.235022796),2948,Residential,Masonry
POINT (452625.9682400041 8447134.063745711),18084,Outbuilding,Masonry
POINT (452763.65809057467 8446975.801426744),4727,Residential,Masonry
POINT (452687.1387870394 8446965.388005856),14691,Residential,Masonry
POINT (452716.75446367246 8446940.449963694),19115,Residential,Masonry
POINT (452630.21247532545 8447050.53510113),18066,Residential,Masonry
POINT (452621.3836625762 8447147.290771004),7222,Residential,Masonry
POINT (452605.10523504333 8447141.353961058),3266,Outbuilding,Masonry
POINT (452768.67921890685 8446949.33487418),6742,Outbuilding,Masonry
POINT (452733.1216950219 8446937.521221343),9781,Outbuilding,Masonry
POINT (452727.5011800189 8446971.2078211),16122,Fale,Masonry
POINT (451911.6110632556 8447118.775377242),4111,Hotel,Masonry
POINT (451807.9471469414 8447131.195732538),3991,Tourist Fale,Timber
POINT (451921.5460440191 8447116.844792847),9557,Hotel,Masonry
POINT (451874.5037014687 8447127.868564941),4900,Hotel,Masonry
POINT (452000.1232037112 8447103.603548234),1576,Hotel,Masonry
POINT (451666.75543117407 8447202.63963258),1576,Residential,Masonry
POINT (452752.3016871636 8446909.421935607),3420,Residential,Masonry
POINT (452476.6688485478 8447035.894847764),13400,Residential,Masonry
POINT (452711.2395279748 8446925.243395245),7837,Residential,Masonry
POINT (451901.5287995031 8447132.652635548),11838,Fale,Masonry
POINT (451898.7750470818 8447117.679474441),10411,Fale,Masonry
POINT (451889.1695069885 8447121.71524735),14418,Fale,Masonry
POINT (451842.42234572355 8447125.697788307),3012,Tourist Fale,Timber
POINT (451949.56285290496 8447109.959573446),11145,Hotel,Masonry
POINT (451883.660606012 8447122.93248139),1599,Fale,Masonry
POINT (451940.31551788584 8447112.09928214),10097,Hotel,Masonry
POINT (451863.15127882257 8447138.079767812),1183,Tourist Fale,Timber
POINT (451899.20432072494 8447126.030753262),14558,Fale,Masonry
POINT (451822.689995082 8447128.768310754),7584,Tourist Fale,Timber
POINT (451958.6781087297 8447108.53646999),12102,Hotel,Masonry
POINT (451895.95349152 8447137.1233785),16177,Fale,Masonry
POINT (451894.75349600764 8447120.74145113),9328,Fale,Masonry
POINT (451848.6438832819 8447124.481882107),3273,Tourist Fale,Timber
POINT (451931.04735960416 8447114.123839468),4980,Hotel,Masonry
POINT (451855.73112878815 8447139.381877776),7198,Tourist Fale,Timber
POINT (451835.95314089174 8447126.581402587),2131,Tourist Fale,Timber
POINT (451815.58328911616 8447129.894048523),251,Tourist Fale,Timber
POINT (451848.3001893751 8447140.672900349),8220,Tourist Fale,Timber
POINT (451887.88564404816 8447138.335821642),6316,Fale,Masonry
POINT (451828.8458116471 8447128.03893532),3870,Tourist Fale,Timber
POINT (451857.2734557352 8447168.254416721),4326,Community,Masonry
POINT (452737.2486640481 8446920.834725918),19298,Residential,Masonry
POINT (452616.8515593963 8447013.074475715),7319,Outbuilding,Masonry
POINT (451910.68162284925 8447128.05056986),5383,Hotel,Masonry
POINT (451919.23057822563 8447125.841523198),8623,Hotel,Masonry
POINT (451929.1518642807 8447123.768597987),17321,Hotel,Masonry
POINT (451937.9174960239 8447121.77359658),8604,Hotel,Masonry
POINT (451947.26135129656 8447119.63405084),7641,Hotel,Masonry
POINT (451955.9512497109 8447117.703038877),11067,Hotel,Masonry
POINT (451964.85996252176 8447115.994788967),14901,Hotel,Masonry
POINT (451974.7821738382 8447113.725928685),11528,Hotel,Masonry
POINT (451796.623403085 8447177.919499021),748,Community,Masonry
POINT (451796.21418851014 8447146.878097892),9186,Hotel,Masonry
POINT (451748.85175322386 8447138.07298205),4476,Tourist Fale,Timber
POINT (451756.3787991648 8447137.357279059),48,Tourist Fale,Timber
POINT (451763.3360243848 8447135.35755812),17538,Tourist Fale,Timber
POINT (451740.6679006775 8447139.20038929),14869,Tourist Fale,Timber
POINT (451725.6915914365 8447142.245870015),14559,Tourist Fale,Timber
POINT (451712.30700723396 8447147.231038537),7491,Tourist Fale,Timber
POINT (451719.40353069047 8447145.80669353),19583,Tourist Fale,Timber
POINT (451800.69928185095 8447132.741487322),7033,Tourist Fale,Timber
POINT (451977.22473062517 8447105.03609405),11249,Hotel,Masonry
POINT (451968.2368244393 8447106.87172867),11956,Hotel,Masonry
POINT (452461.09587185504 8447025.895291517),6110,Outbuilding,Masonry
POINT (452471.7355518126 8447021.060942048),1136,Outbuilding,Masonry
POINT (452344.2248761105 8447083.614943678),10806,Residential,Masonry
POINT (452351.90250492864 8447095.064510066),13096,Outbuilding,Masonry
POINT (451756.9830008864 8447194.876976514),9628,Residential,Masonry
POINT (451847.7332150812 8447171.726673866),1020,Community,Masonry
POINT (451831.88408181316 8447196.728738403),10250,Residential,Masonry
POINT (451818.88569835364 8447203.445431527),9930,Residential,Masonry
POINT (451834.08159592206 8447206.545101427),15991,Outbuilding,Timber
POINT (451716.94867089216 8447222.512812095),10816,Residential,Masonry
POINT (451721.97010343574 8447237.32400634),14639,Residential,Masonry
POINT (451753.20762664767 8447225.166620994),1881,Residential,Masonry
POINT (451744.5267709078 8447237.34789921),1178,Outbuilding,Masonry
POINT (451680.8300818727 8447195.612218088),2436,Residential,Timber
POINT (451554.7436378219 8447281.527307246),2069,Outbuilding,Masonry
POINT (451546.6906284299 8447257.65749101),13326,Residential,Masonry
POINT (451514.5887445238 8447250.870586034),12219,Residential,Masonry
POINT (451546.3340483538 8447291.503046928),17659,Outbuilding,Masonry
POINT (451465.884181802 8447221.342346437),408,Residential,Masonry
POINT (451418.9129802091 8447252.979499575),15777,Residential,Masonry
POINT (451436.2585415817 8447269.810807645),15559,Residential,Masonry
POINT (451370.92864918575 8447265.215882847),12897,Residential,Masonry
POINT (451369.68841414596 8447273.679982487),13432,Outbuilding,Masonry
POINT (451343.0862433404 8447209.900322972),11149,Residential,Masonry
POINT (451223.05603450467 8447228.760567661),12500,Residential,Masonry
POINT (451279.1578596843 8447293.385264082),9417,Outbuilding,Masonry
POINT (451270.77696888713 8447274.90266605),8199,Residential,Masonry
POINT (451755.25388399913 8447247.005541552),4634,Outbuilding,Masonry
POINT (451805.4355222493 8447224.749989402),18473,Outbuilding,Masonry
POINT (451800.9730798854 8447210.836748252),12155,Residential,Masonry
POINT (451733.1606963406 8447141.042813702),422,Tourist Fale,Timber
POINT (448640.5669492386 8447479.225814978),16321,Hotel,Masonry
POINT (448581.13485941116 8447504.527314713),534,Hotel,Masonry
POINT (448558.4374432353 8447530.489187477),6191,Hotel,Masonry
POINT (448596.4197628771 8447466.80460628),10074,Hotel,Timber
POINT (448583.0708218399 8447472.357408157),16976,Hotel,Timber
POINT (448568.0058219533 8447477.381957388),5796,Hotel,Timber
POINT (448555.8197397543 8447483.141913475),11540,Hotel,Timber
POINT (448543.4517232267 8447487.979792722),5552,Hotel,Timber
POINT (448531.92050992395 8447492.617487699),5292,Hotel,Timber
POINT (448518.5308074434 8447497.649670552),12430,Hotel,Timber
POINT (448683.9162193497 8447517.814650025),14142,Outbuilding,Masonry
POINT (448664.7562009138 8447488.863285748),11472,Hotel,Masonry
POINT (448667.0266415277 8447538.32573675),11443,Residential,Masonry
POINT (448614.46753684897 8447553.377051849),14407,Residential,Masonry
POINT (448599.6578528412 8447563.854733478),13729,Outbuilding,Masonry
POINT (448642.27973445243 8447562.478791302),2572,Outbuilding,Timber
POINT (448509.92940221314 8447509.467296429),14920,Hotel,Timber
POINT (448157.26758784504 8447587.40484685),11344,Residential,Masonry
POINT (448146.4938565677 8447615.037697947),17747,Outbuilding,Masonry
POINT (447329.1438206314 8447821.993403096),4100,Residential,Timber
POINT (451540.3975602371 8447211.763234936),3372,Residential,Masonry
POINT (451634.0543980842 8447223.667680021),15626,Residential,Masonry
POINT (451634.57605422934 8447234.213153709),4548,Outbuilding,Timber
POINT (452790.60852340393 8447484.413766222),7790,Outbuilding,Timber
POINT (452823.5743492555 8447554.356834656),13615,Residential,Timber
POINT (452820.2048424777 8447525.415369652),10364,Residential,Masonry
POINT (452994.2035388517 8446912.479909003),18819,Residential,Masonry
POINT (452968.31946549984 8446932.222530957),11653,Residential,Masonry
POINT (452915.85756669956 8446878.788258763),5962,Residential,Masonry
POINT (452938.36812824884 8446884.729158979),13841,Outbuilding,Masonry
POINT (452533.2852433262 8447101.307935003),7508,Residential,Masonry
POINT (452543.5418567427 8447154.897010682),1769,Commercial,Masonry
POINT (451782.1773250602 8447144.661582341),8652,Hotel,Masonry
POINT (451771.32044385583 8447133.846249826),8762,Tourist Fale,Timber
POINT (451682.16386900644 8447153.220338738),15487,Tourist Fale,Timber
POINT (451689.4159358253 8447152.496717138),14688,Tourist Fale,Timber
POINT (451696.88020090864 8447152.326136243),10494,Tourist Fale,Timber
POINT (451728.0490212522 8447149.149127966),17894,Tourist Fale,Timber
POINT (451720.9011421717 8447150.469260067),16780,Tourist Fale,Timber
POINT (451770.07541806565 8447140.34905901),10204,Tourist Fale,Timber
POINT (451842.78139028425 8447141.133622726),16643,Tourist Fale,Timber
POINT (451647.7971239358 8447157.225169592),11671,Tourist Fale,Timber
POINT (451640.92990943353 8447157.717205456),19346,Tourist Fale,Timber
POINT (451633.70555629506 8447158.123185739),5972,Tourist Fale,Timber
POINT (451543.9607363224 8447166.930850888),15040,Tourist Fale,Timber
POINT (451563.5203588255 8447166.053149987),17815,Tourist Fale,Timber
POINT (451571.2005902104 8447165.795643993),9319,Tourist Fale,Timber
POINT (451888.67064642784 8447195.034827523),17826,Hotel,Masonry
POINT (451869.49557330593 8447202.593026053),9107,Hotel,Masonry
POINT (448132.7198712849 8447628.056399196),8267,Residential,Masonry
POINT (448139.6300863073 8447584.196897121),13967,Residential,Timber
POINT (452915.7049743336 8446929.02430267),12638,Outbuilding,Masonry
POINT (452951.206168753 8446879.874303943),16127,Outbuilding,Masonry
POINT (452934.05155860493 8446869.858789634),4476,Fale,Timber
POINT (452525.25771669735 8447079.229332557),1817,Outbuilding,Timber
POINT (451720.25303849403 8447190.228686884),14148,Outbuilding,Timber
POINT (451731.00068406115 8447187.545529438),10086,Outbuilding,Masonry
POINT (451419.16603183496 8447269.146003379),8538,Outbuilding,Masonry
POINT (451232.5061333284 8447183.374152653),2988,Hotel,Timber
POINT (451207.46199657174 8447233.99032366),6484,Outbuilding,Masonry
POINT (451156.0741299072 8447181.666664165),2800,Tourist Fale,Timber
POINT (451164.02532448055 8447181.790457252),14742,Tourist Fale,Timber
POINT (451172.35633332835 8447180.94213439),3223,Tourist Fale,Timber
POINT (451179.73116191436 8447180.912463117),14889,Tourist Fale,Timber
POINT (451189.2149049812 8447180.37104622),7774,Tourist Fale,Timber
POINT (451196.97107998433 8447180.476966133),3715,Tourist Fale,Timber
POINT (451205.32106926705 8447180.53656547),969,Tourist Fale,Timber
POINT (451415.897417626 8447172.929548578),8727,Tourist Fale,Timber
POINT (451422.4156336708 8447172.015889186),17543,Tourist Fale,Timber
POINT (450848.64561863814 8447243.818440754),9705,Outbuilding,Masonry
POINT (450837.0603376748 8447215.494682983),18497,Community,Masonry
POINT (452789.69010088884 8446932.490631593),7898,Residential,Masonry
POINT (452721.3494572192 8447219.335488243),7094,Residential,Masonry
POINT (452480.2914032497 8447079.283978662),444,Residential,Masonry
POINT (452893.961186432 8446897.43684598),5239,Residential,Masonry
POINT (451028.3898270321 8447230.741047325),558,Outbuilding,Masonry
POINT (452457.17394868936 8447116.23013879),13520,Residential,Masonry
POINT (452779.0016671892 8447464.064516123),18567,Residential,Masonry
POINT (452723.46779526473 8447176.422395265),4338,Residential,Masonry
POINT (452901.40462139767 8446932.797670556),17412,Residential,Masonry
POINT (452509.98926512024 8447092.870370433),15202,Residential,Masonry
POINT (451909.29880437476 8447153.9517421),3785,Fale,Masonry
POINT (452749.8730129473 8446925.393523678),11909,Outbuilding,Masonry
POINT (452676.7905203795 8446974.607753908),15806,Residential,Masonry
POINT (452627.8017603094 8447012.376937132),2561,Outbuilding,Masonry
POINT (451757.90903468727 8447262.004814677),5760,Outbuilding,Masonry
POINT (451431.0911907349 8447293.578168852),2540,Outbuilding,Masonry
POINT (451437.9251874559 8447286.275757536),5478,Residential,Masonry
POINT (451459.33274976216 8447269.121891024),16837,Outbuilding,Masonry
POINT (452618.3991476335 8447089.475637378),9095,Outbuilding,Masonry
POINT (452471.892304801 8447203.817195566),4282,Residential,Masonry
POINT (452483.67056208575 8447213.33799973),17067,Outbuilding,Masonry
POINT (452533.63153936656 8447179.361477915),13374,Outbuilding,Masonry
POINT (433806.01419578947 8462554.535486028),3876,,
POINT (436172.1362946083 8463365.693167925),1746,,
POINT (436257.0374438297 8464007.010759514),14346,,
POINT (436599.7874127077 8461827.88787646),1503,,
POINT (436186.09161949245 8463564.457859239),7898,,
POINT (436183.2882428721 8463597.539900508),6834,,
POINT (436247.35963792563 8463822.79272643),1592,,
POINT (436182.0736443924 8463541.284261357),4433,,
POINT (436587.5230808801 8461936.20703578),19991,,
POINT (436270.91048090556 8462575.15039689),3232,,
POINT (436220.95111636264 8463827.070054438),18698,,
POINT (436247.19053366716 8463152.821878063),9413,,
POINT (436592.17635112867 8461810.695144633),17807,,
POINT (436175.9920322606 8462701.178844165),3007,,
POINT (436235.6016538066 8463084.897369646),8289,,
POINT (436187.0999429609 8463506.334595468),971,,
POINT (436242.01210388314 8463167.872633632),7954,,
POINT (436363.4742950715 8463982.458320828),11478,,
POINT (436296.00714652473 8464002.17633271),1512,,
POINT (436192.2419044596 8463674.983324971),8164,,
POINT (436185.3198356682 8462610.216791786),11573,,
POINT (436609.26503430033 8461813.599567015),19974,,
POINT (436255.09787861584 8462487.92763956),2161,,
POINT (436191.03517575096 8463650.68433109),10565,,
POINT (436170.52286818856 8463849.5888089),4217,,
POINT (436128.94345236855 8463974.89269961),15203,,
POINT (436078.38396301883 8463410.430760026),12387,,
POINT (436174.2117504979 8463492.227389432),17082,,
POINT (435797.15860536695 8463882.475102346),5349,,
POINT (436594.21572703065 8461884.60690489),8621,,
POINT (436183.46252863394 8463439.365689822),17494,,
POINT (435765.9733762563 8463732.766277295),16741,,
POINT (436590.8142701063 8461904.91532092),9801,,
POINT (436188.2227737453 8463478.051027952),9574,,
POINT (436342.7167790693 8463965.03713575),12193,,
POINT (436293.0552200747 8462689.758066585),1204,,
POINT (436277.7935015253 8462591.05348503),11241,,
POINT (436133.9972947131 8463446.436763627),11903,,
POINT (436262.5145513815 8463196.539752217),6151,,
POINT (436350.5162048225 8463937.424084207),15060,,
POINT (436342.07572907995 8463923.477728883),5956,,
POINT (436312.924519511 8463900.4772282),15285,,
POINT (432513.0576147735 8461804.535859397),12824,,
POINT (431881.0052967686 8459927.211496573),1834,,
POINT (432129.5153079952 8460332.714425424),4228,,
POINT (443980.60566195915 8457655.795257779),19830,,
POINT (443961.92018581537 8457672.349874644),2259,,
POINT (443979.922512004 8457640.566016275),1146,,
POINT (444193.290913692 8457538.396925226),16100,,
POINT (444739.88281946984 8457517.308709223),15226,Residential,Masonry
POINT (444749.1806952371 8457518.113545123),5926,Residential,Masonry
POINT (444029.4497745219 8457614.69154194),15647,Outbuilding,Masonry
POINT (444028.8937180852 8457734.31511205),18518,Residential,Masonry
POINT (444055.6875971044 8457730.12982701),14243,Outbuilding,Masonry
POINT (444074.1572679627 8457741.289441168),19666,Outbuilding,Masonry
POINT (444361.8884789814 8457446.079098294),5090,Residential,Masonry
POINT (444320.2567980007 8457454.641113691),11627,Residential,Masonry
POINT (444340.4820569908 8457452.600189203),14429,Residential,Masonry
POINT (444251.39449382987 8457491.057512777),19391,Residential,Masonry
POINT (444274.69034179824 8457569.2390848),19275,Residential,Masonry
POINT (444266.08529682097 8457500.672004139),13440,Residential,Masonry
POINT (444269.88235188 8457534.765890539),11600,Residential,Masonry
POINT (444266.92881860805 8457553.315466462),3459,Residential,Masonry
POINT (444090.2772223316 8457755.041073376),11709,Outbuilding,Masonry
POINT (444101.1997833134 8457751.994061109),4137,Residential,Masonry
POINT (444083.46947979147 8457719.788188046),13995,Residential,Masonry
POINT (444223.5118731059 8457580.272535704),5488,Outbuilding,Masonry
POINT (444181.06682057405 8457588.008258808),1336,Religious,Masonry
POINT (444190.3052771836 8457607.141211886),13922,Religious,Masonry
POINT (444446.3118859621 8457525.295658523),16979,Religious,Masonry
POINT (444724.42917998106 8457518.202358874),1881,Residential,Masonry
POINT (444692.43040777126 8457512.807792015),11092,Residential,Masonry
POINT (444661.0446839019 8457493.577242196),11694,Residential,Masonry
POINT (444797.5656508306 8457534.108751597),14721,Residential,Masonry
POINT (444728.437814127 8457502.535148745),9409,Residential,Masonry
POINT (444236.1464269861 8457570.244723132),8856,Residential,Masonry
POINT (444354.508647474 8457509.06362213),15664,Outbuilding,Masonry
POINT (444247.58489864017 8457588.621860433),7496,Residential,Masonry
POINT (444383.0339636231 8457439.303433714),9987,Outbuilding,Masonry
POINT (444352.6628594655 8457539.062083386),8889,Residential,Masonry
POINT (444364.71107933955 8457533.32781306),11672,Residential,Masonry
POINT (444344.67797708686 8457522.654496925),11106,Outbuilding,Masonry
POINT (444378.98394275206 8457532.261926591),12100,Outbuilding,Masonry
POINT (444299.8191392988 8457488.002287842),55,Residential,Masonry
POINT (444492.57976133603 8457499.964579862),10051,Residential,Masonry
POINT (444322.95357407455 8457523.926980827),8333,Residential,Masonry
POINT (444298.211127225 8457548.178391784),1350,Residential,Masonry
POINT (444281.32201923453 8457497.84894161),10809,Residential,Masonry
POINT (444396.31485420495 8457504.004352668),17767,Residential,Masonry
POINT (444320.41243598674 8457504.898982132),1464,Outbuilding,Masonry
POINT (444399.0789877504 8457550.816525165),6186,Residential,Masonry
POINT (444479.6324954632 8457520.53494359),411,Residential,Masonry
POINT (444571.8744331717 8457509.126814194),8916,Residential,Masonry
POINT (444310.01702977315 8457531.930261727),9601,Residential,Masonry
POINT (444408.8136897394 8457520.428454481),9156,Residential,Masonry
POINT (444558.1926046679 8457513.551490072),766,Outbuilding,Masonry
POINT (444288.16830318916 8457532.568355173),3771,Residential,Masonry
POINT (444421.8558483105 8457513.86907202),4825,Residential,Masonry
POINT (444630.33067093435 8457457.100376533),8818,Residential,Masonry
POINT (444601.6166910022 8457458.32125783),4003,Outbuilding,Masonry
POINT (444431.56564564735 8457535.902283978),14207,Residential,Masonry
POINT (444636.6556339292 8457498.209444577),17216,Outbuilding,Masonry
POINT (444300.8791728221 8457569.122754758),3017,Residential,Masonry
POINT (444279.47207714047 8457544.994618401),17134,Residential,Masonry
POINT (444373.2093112611 8457512.720215626),1656,Residential,Masonry
POINT (444598.6789134507 8457497.352675194),344,Residential,Masonry
POINT (444768.33460288926 8457528.495712938),274,Residential,Masonry
POINT (444703.19483017887 8457492.691990899),7043,Residential,Masonry
POINT (444464.1248508027 8457521.91168646),2650,Residential,Masonry
POINT (444417.9256173493 8457546.060828349),16010,Residential,Masonry
POINT (444377.2879970609 8457557.915201291),12817,Residential,Masonry
POINT (444337.74211416097 8457568.728468835),16564,Residential,Masonry
POINT (444393.41899479827 8457445.82245371),6582,Residential,Masonry
POINT (444370.0943394003 8457450.349086553),9910,Residential,Masonry
POINT (444365.3336089865 8457435.283447132),2141,Residential,Masonry
POINT (444375.57707958954 8457420.895346314),5582,Residential,Masonry
POINT (444211.7609351441 8457638.75108429),478,Residential,Masonry
POINT (444111.3262305739 8457739.158085022),8269,Residential,Masonry
POINT (444069.88024344004 8457738.496350037),15938,Residential,Masonry
POINT (444610.0524736381 8457448.373128055),19805,Outbuilding,Masonry
POINT (444588.1149932509 8457486.967331572),6373,Outbuilding,Masonry
POINT (444399.0578807721 8457484.015555942),9668,Outbuilding,Masonry
POINT (444419.54501220904 8457485.332732776),13913,Outbuilding,Masonry
POINT (444426.14647915645 8457491.654429246),14323,Outbuilding,Masonry
POINT (444353.8133489426 8457480.581806974),8315,Outbuilding,Masonry
POINT (444260.67935045104 8457479.892633544),15906,Outbuilding,Masonry
POINT (444266.76002480666 8457487.660311757),9176,Outbuilding,Masonry
POINT (444297.9075051673 8457519.048737487),19003,Outbuilding,Masonry
POINT (444323.7575483407 8457512.597864106),18068,Outbuilding,Masonry
POINT (444355.3304375133 8457515.76223964),1144,Outbuilding,Masonry
POINT (444361.4425025942 8457513.789425671),11813,Outbuilding,Masonry
POINT (444357.52509499283 8457519.51783377),8510,Outbuilding,Masonry
POINT (444309.8536322198 8457562.600142868),1274,Outbuilding,Masonry
POINT (444260.75903950294 8457536.305410365),19472,Outbuilding,Masonry
POINT (444273.04015290894 8457510.846646449),11692,Outbuilding,Masonry
POINT (444198.9530773336 8457640.780182367),10912,Outbuilding,Masonry
POINT (444171.1965285444 8457593.04093121),19099,Outbuilding,Masonry
POINT (444171.7730048417 8457586.529339943),17689,Outbuilding,Masonry
POINT (444179.6272467758 8457611.087225832),18697,Outbuilding,Masonry
POINT (444095.74761024554 8457738.66292246),15825,Outbuilding,Masonry
POINT (444031.6511305492 8457601.024163097),14370,Outbuilding,Masonry
POINT (444049.49328371196 8457612.059626173),12210,Outbuilding,Masonry
POINT (442700.24381376547 8459585.096057668),10311,,
POINT (442685.386051543 8459577.457477104),5476,,
POINT (442725.4784792514 8459591.096532878),5698,,
POINT (442546.32246536866 8459458.362820828),6941,,
POINT (442708.6877560716 8459609.71983838),18835,,
POINT (442525.79783207364 8459445.384883665),10275,,
POINT (442636.6641565128 8459516.198364425),8311,,
POINT (442544.860625318 8459486.85637745),12340,,
POINT (442607.9314016604 8459490.226470962),3508,,
POINT (442463.2287614148 8459466.368752362),4241,,
POINT (442649.61089850793 8459527.602503343),16091,,
POINT (442632.7136730694 8459485.694293806),15001,,
POINT (442593.67125315947 8459478.833495835),16429,,
POINT (442620.05418993585 8459502.237598866),4989,,
POINT (442573.1718776038 8459489.062744543),15744,,
POINT (442644.6690881827 8459543.511991866),1812,,
POINT (442598.7423437133 8459505.380163202),5400,,
POINT (442520.4079041175 8459462.61070172),8047,,
POINT (442691.6910417367 8459602.00832658),1078,,
POINT (442519.9086725714 8459487.661498416),3039,Residential,Masonry
POINT (442496.4943889233 8459474.51561296),1672,Outbuilding,Masonry
POINT (442495.6228555714 8459500.866353834),5907,Residential,Masonry
POINT (442626.25474385626 8459529.719213545),13052,Residential,Masonry
POINT (442248.6166349145 8459306.729144797),4685,Outbuilding,Masonry
POINT (442233.97480497195 8459319.829122394),16084,Outbuilding,Timber
POINT (441729.87869001593 8458672.113394015),18443,,
POINT (441749.01742710645 8458713.329736311),9550,,
POINT (441741.44890930376 8458720.572798839),12016,Residential,Masonry
POINT (441719.9597343131 8458709.744517801),13184,,
POINT (441829.57226198853 8459027.76661387),13301,Residential,Masonry
POINT (440930.27073770587 8458402.61680378),7752,,
POINT (440851.7327025987 8458384.8321759),3379,,
POINT (441332.10886719683 8458569.974959858),9641,Outbuilding,Masonry
POINT (441831.2550458243 8459044.13280963),2297,Residential,Masonry
POINT (441249.6411532745 8458592.908964276),1551,Religious,Masonry
POINT (441383.80113712145 8458658.499896172),16254,Residential,Masonry
POINT (441382.30827895075 8458575.631076742),10669,Outbuilding,Masonry
POINT (440794.1324118266 8458429.21247112),3079,Residential,Masonry
POINT (441234.09005608934 8458602.906839445),16601,Religious,Masonry
POINT (441348.1350605386 8458582.86906635),15967,Residential,Masonry
POINT (441223.59241524286 8458562.258971317),16124,Outbuilding,Masonry
POINT (441399.21060295013 8458667.198766597),14034,Residential,Masonry
POINT (441372.61945657805 8458588.779956691),6438,Residential,Masonry
POINT (441181.1183855181 8458480.342424035),11517,Residential,Masonry
POINT (441319.3538478413 8458626.88551342),16579,Residential,Masonry
POINT (441051.4842474503 8458381.666689964),4826,Outbuilding,Masonry
POINT (441386.93284268747 8458602.973243536),14466,Residential,Masonry
POINT (441181.6607719732 8458536.911794426),2742,Residential,Masonry
POINT (441023.34507895116 8458430.320565013),18889,Residential,Masonry
POINT (441508.9922112722 8458637.911316318),14976,Outbuilding,Masonry
POINT (441404.41315837565 8458605.656797482),8737,Religious,Masonry
POINT (441195.8157369967 8458550.973421156),8339,Residential,Masonry
POINT (441463.63160120166 8458632.083012044),10673,Residential,Masonry
POINT (441044.39415040537 8458396.722140046),18543,Residential,Masonry
POINT (441571.7696874955 8458608.036773428),19049,Outbuilding,Masonry
POINT (440993.43910635763 8458417.262419043),15223,Outbuilding,Masonry
POINT (441428.19598759577 8458618.265975622),13561,Residential,Masonry
POINT (441208.46645384026 8458555.32783336),14216,Residential,Masonry
POINT (441512.2119829283 8458603.021857051),9255,Outbuilding,Masonry
POINT (441496.7838476526 8458641.770569555),6291,Residential,Masonry
POINT (441107.70868858066 8458461.769725142),6238,Residential,Masonry
POINT (441426.67581777374 8458599.471034806),17036,Residential,Masonry
POINT (441252.9080881956 8458543.698842958),1540,Residential,Masonry
POINT (441565.8776579703 8458620.487077149),5859,Residential,Masonry
POINT (441215.3002476175 8458511.911442315),19985,Residential,Masonry
POINT (441269.9800201969 8458548.712764496),497,Residential,Masonry
POINT (441222.5403000383 8458627.526685594),14038,Outbuilding,Masonry
POINT (441319.70510361914 8458567.685053116),9889,Residential,Masonry
POINT (441224.22783314495 8458530.649954991),1849,Residential,Masonry
POINT (441181.9960931279 8458499.752125748),5887,Residential,Masonry
POINT (441371.9504008333 8458641.86127623),18273,Outbuilding,Masonry
POINT (441255.1431920847 8458614.050176013),1565,Religious,Masonry
POINT (442140.9541980151 8447709.645209571),3493,,
POINT (442410.2373227965 8447762.811246762),19535,,
POINT (442246.2186330755 8447653.222355414),8757,,
POINT (442683.7297110287 8447929.389696747),11842,,
POINT (442288.800973952 8447658.609300401),7464,,
POINT (442660.5631290078 8447866.028744943),17997,,
POINT (442264.55167175294 8447872.6812813),3480,,
POINT (442407.96310561476 8447822.28672905),9359,,
POINT (442289.1266744232 8448104.87261397),6789,,
POINT (442171.53964149806 8447716.266677408),16253,,
POINT (442155.0801333437 8447806.036759758),1083,,
POINT (442189.64634268807 8447635.729910523),14355,,
POINT (442732.4443826513 8447904.087413574),8704,,
POINT (442683.1003921384 8447941.807343828),4621,,
POINT (442317.8071569519 8447832.097806597),8188,,
POINT (441593.47365911596 8447623.106564382),7261,,
POINT (442295.50270500744 8447644.42508979),18821,,
POINT (442733.0371165405 8447917.852299673),6363,,
POINT (442318.6383195039 8447803.291272968),18642,,
POINT (442300.35938018025 8448073.751938848),4178,,
POINT (442379.06916350615 8447749.396389473),18122,,
POINT (441964.42656295473 8447595.984885285),9863,,
POINT (441490.2731485396 8447382.349098701),15379,,
POINT (441345.67751493683 8447476.404125089),18664,,
POINT (441857.27842342784 8447415.974436924),11924,,
POINT (441515.78533444036 8447472.763553051),6764,,
POINT (441845.87553122867 8447371.173902176),15135,,
POINT (441463.2408029177 8447480.153493285),2112,,
POINT (441844.53758016496 8447524.737403134),7320,,
POINT (441725.67478317936 8447535.520502966),593,,
POINT (441691.03199669503 8447785.215605099),6454,,
POINT (441278.8971707499 8447482.134243239),13402,,
POINT (441846.6206763108 8447652.332330499),3594,,
POINT (441829.09267292963 8447370.49210471),19203,,
POINT (441436.9481140263 8447483.462927518),2177,,
POINT (441977.91342154203 8447605.934355063),12673,,
POINT (441815.0764454165 8447510.51887078),18709,,
POINT (441779.7769438533 8447551.428731337),8709,,
POINT (441323.93150461646 8447477.427112801),19098,,
POINT (441866.6080931205 8447479.635149805),3685,,
POINT (441515.40055676247 8447454.035290597),4214,,
POINT (441888.2102914315 8447639.966393081),6649,,
POINT (441935.45664184453 8447572.323218802),9454,,
POINT (441805.68580697564 8447580.053993575),4618,,
POINT (441277.2448171668 8447519.427821323),776,,
POINT (441771.2125753452 8447453.232814351),7737,,
POINT (441883.3140255936 8447649.240130475),1633,,
POINT (441818.9785849015 8447378.855967555),8132,,
POINT (441448.72201739444 8447469.725749098),17044,,
POINT (441757.54327461054 8447471.964940317),6836,,
POINT (441852.5023495098 8447507.485327195),780,,
POINT (441610.50837926875 8447476.30701036),18024,,
POINT (441878.59840052563 8447624.266888216),15641,,
POINT (441849.1199598106 8447616.843335498),10687,,
POINT (441499.3052829912 8447478.225380367),13900,,
POINT (441802.91225910425 8447558.137735117),2097,,
POINT (441823.9699517538 8447498.374839054),1832,,
POINT (441271.53829940665 8447505.362892007),12432,,
POINT (441764.49850442004 8447398.869770272),18600,,
POINT (441655.4973027271 8447490.074682903),18650,,
POINT (441813.87031944655 8447390.10231851),12787,,
POINT (441486.95683858095 8447453.924969934),1141,,
POINT (441778.6392978826 8447484.837236684),9803,,
POINT (441780.62680241454 8447823.941658514),17470,,
POINT (441532.93321158167 8447488.535967052),18339,,
POINT (441838.2057268806 8447602.430754883),12280,,
POINT (441863.4058077851 8447380.557590688),14564,,
POINT (441488.2905897682 8447476.386256872),5260,,
POINT (441795.1163690572 8447496.66485673),7736,,
POINT (441324.610203437 8447498.728116887),14512,,
POINT (441879.8589270099 8447392.689542314),1538,,
POINT (441686.1072005183 8447518.576545065),201,,
POINT (441787.1565522392 8447800.228019388),11146,,
POINT (441838.18951389956 8447674.254831556),13169,,
POINT (441204.58186123584 8447401.713434577),8704,,
POINT (441911.8209425446 8447827.323596887),616,,
POINT (441687.5648820261 8447766.728751332),9540,,
POINT (441434.52920922544 8447469.951418016),11445,,
POINT (442449.41573843185 8447755.827606991),10624,Religious,Masonry
POINT (442441.6612319124 8447688.209137214),18699,Residential,Masonry
POINT (442520.588821611 8447799.303092003),2031,Outbuilding,Masonry
POINT (442460.1501832945 8447777.389794042),6588,Outbuilding,Masonry
POINT (442540.89575564535 8447809.009385915),4826,Residential,Masonry
POINT (442152.4355835951 8447628.462139847),1854,Residential,Masonry
POINT (442786.75009532954 8447885.384438641),5901,Residential,Masonry
POINT (442178.2468997372 8447628.947589753),10280,Residential,Masonry
POINT (442431.94383602665 8447779.070912464),15798,Religious,Masonry
POINT (442497.5833090238 8447810.177128898),1353,Outbuilding,Masonry
POINT (442532.92811550695 8447820.730706966),1274,Residential,Masonry
POINT (442518.22415826237 8447819.583964208),9909,Residential,Masonry
POINT (442422.4771623151 8447684.365365857),14680,Residential,Masonry
POINT (442574.19980890123 8447833.059095751),10938,Residential,Masonry
POINT (442194.9138993773 8447564.630144421),19732,Residential,Masonry
POINT (442165.78856923024 8447625.774288438),10576,Outbuilding,Masonry
POINT (441368.71998722083 8447407.817986494),12852,Residential,Masonry
POINT (441274.39221668243 8447405.475185383),6343,Hotel,Timber
POINT (441264.597300263 8447403.799083794),14206,Hotel,Timber
POINT (441304.1381783716 8447400.10877536),16468,Hotel,Timber
POINT (441255.45008348126 8447401.260955572),8487,Hotel,Timber
POINT (441303.3937259201 8447406.142160019),10894,Hotel,Timber
POINT (441953.92336920905 8447400.842263933),16027,Residential,Timber
POINT (441247.06177831796 8447394.892193759),4604,Hotel,Timber
POINT (441287.35497752926 8447407.667242793),6495,Hotel,Timber
POINT (441311.681942047 8447387.275512774),11975,Hotel,Timber
POINT (441276.6937197101 8447385.729820862),4332,Hotel,Timber
POINT (441299.7764301269 8447388.405361367),13978,Hotel,Timber
POINT (441287.60576630506 8447387.548615545),14401,Hotel,Timber
POINT (441316.5329018565 8447413.987428369),18531,Hotel,Masonry
POINT (442395.87639803434 8447689.928935448),2815,Outbuilding,Masonry
POINT (442601.67772689654 8447787.636859462),18797,Residential,Masonry
POINT (442174.5844533576 8447580.14581866),19313,Residential,Masonry
POINT (441428.18608079065 8447379.777140541),715,Tourist Fale,Masonry
POINT (441418.9774336656 8447400.595006872),19347,Outbuilding,Masonry
POINT (441385.3856831055 8447395.992219113),15739,Outbuilding,Masonry
POINT (441254.20566158736 8447402.95942609),14493,Hotel,Masonry
POINT (441413.02468007477 8447404.207003474),9350,Outbuilding,Masonry
POINT (441246.9126463842 8447394.912745873),15081,Hotel,Masonry
POINT (441231.13153683825 8447415.766012345),12088,Hotel,Masonry
POINT (441393.77648151194 8447393.158019021),7917,Outbuilding,Masonry
POINT (441408.76279613073 8447406.407626841),15145,Outbuilding,Masonry
POINT (441245.47157305316 8447325.3146081),11399,Tourist Fale,Masonry
POINT (441228.54628451134 8447347.403908458),14098,Tourist Fale,Masonry
POINT (441230.66989962885 8447356.605437752),9819,Tourist Fale,Masonry
POINT (441239.2407866062 8447331.073606662),15344,Tourist Fale,Masonry
POINT (442549.84863468993 8447821.574916225),15437,Residential,Masonry
POINT (442603.26693583175 8447810.793078763),3098,Outbuilding,Masonry
POINT (442597.50084987935 8447799.739244452),1330,Outbuilding,Masonry
POINT (442795.548222759 8448018.749960236),9042,,
POINT (443170.1155631798 8448387.885555897),7888,,
POINT (443174.9458436614 8448369.298918476),10605,,
POINT (443135.49167073576 8448426.800446846),12165,,
POINT (443142.0517323423 8448436.348792275),1400,,
POINT (443142.45311758155 8448451.219053218),10403,,
POINT (443106.04544619337 8448448.699963287),3127,,
POINT (443082.6841816558 8448441.39801969),1730,,
POINT (443095.89963796106 8448452.818812717),1766,,
POINT (442991.761969188 8448486.156323405),14173,,
POINT (443074.9468696335 8448540.865502877),2326,,
POINT (443079.23619341565 8448526.657027625),5042,,
POINT (443078.1744954038 8448532.022385359),10985,,
POINT (443044.4367417216 8448570.073243301),6099,,
POINT (443035.5335878105 8448555.100863244),16900,,
POINT (442979.92869276286 8448534.194273802),12591,,
POINT (442971.4958115882 8448546.006217036),9181,,
POINT (442981.114388671 8448566.530852266),14475,,
POINT (443015.06662559585 8448664.15042449),8762,,
POINT (443023.5612461011 8448648.576978605),1502,,
POINT (443011.29848114104 8448654.315193703),16848,,
POINT (442952.630217463 8448657.864216836),12207,,
POINT (442940.0497709303 8448665.639609003),18027,,
POINT (442934.8031616421 8448681.238517199),4328,,
POINT (442983.3480150417 8448807.990932385),9308,,
POINT (442988.64900337707 8448809.2318503),2337,,
POINT (442966.1956605822 8448809.765459271),8827,,
POINT (443305.0222827987 8447739.470840003),11365,Outbuilding,Masonry
POINT (443325.0812616953 8447830.11098693),17421,Outbuilding,Timber
POINT (443220.52143999847 8447848.479923164),7999,Outbuilding,Masonry
POINT (443268.0335974568 8447836.191746883),11107,Residential,Masonry
POINT (443263.37320698565 8447851.103390593),12495,Outbuilding,Masonry
POINT (443295.2667985525 8447795.68175046),5897,Residential,Masonry
POINT (443312.4479658128 8447814.69593811),16937,Outbuilding,Timber
POINT (443319.1458347705 8447823.74586712),2338,Residential,Timber
POINT (443368.7441994714 8448156.338802515),15433,,
POINT (443429.72229758045 8448213.598424688),4620,,
POINT (443453.450054452 8448200.632995315),9286,,
POINT (444358.9669805898 8448227.924855484),17469,,
POINT (443894.06793971546 8447933.44577513),8647,,
POINT (443520.83462806366 8447881.967095045),18139,,
POINT (443404.0109217469 8448209.504485559),6623,,
POINT (443405.14031884016 8448191.258010605),15474,,
POINT (443372.1120587112 8448199.320102496),9254,,
POINT (443453.98847870703 8448218.43788541),13767,,
POINT (443380.8572813686 8448201.158101872),94,,
POINT (443402.4884138426 8447811.04604727),6465,,
POINT (443518.2140718023 8447903.626381056),8920,,
POINT (443434.18478454073 8447829.180693533),9723,,
POINT (443464.0915660765 8447797.254462328),5949,,
POINT (443446.73387107754 8447816.930429246),14651,,
POINT (443468.1287838841 8447828.152945666),4037,,
POINT (443416.4971935576 8447832.966721682),11323,,
POINT (443525.91891437856 8447829.340985002),17916,,
POINT (443413.4605307252 8447856.413117306),19285,,
POINT (445171.3079126336 8449572.36731495),10417,,
POINT (445182.24366746336 8449507.199750438),15418,,
POINT (445126.24526860163 8449419.585875046),17587,,
POINT (444880.1969346015 8449061.474784693),18272,,
POINT (444621.5243621958 8448618.956939157),17279,,
POINT (444380.8330100289 8448619.849568693),1136,,
POINT (444398.1542184297 8448609.986968078),6353,,
POINT (444484.1352683801 8448494.311500864),17260,,
POINT (444434.7642357146 8448478.261052208),10472,,
POINT (444375.5873684443 8448408.365713198),8411,,
POINT (444435.6345635292 8448319.120841222),15408,,
POINT (444431.8347214026 8448340.143095486),804,,
POINT (444382.81194663706 8448264.385988615),10693,,
POINT (444307.66557333054 8448159.959528524),14905,,
POINT (444317.92821803375 8448172.890828596),13970,,
POINT (444178.67450727767 8448052.534091549),11571,,
POINT (444154.4188067421 8448058.88842835),8881,,
POINT (444124.001346662 8448031.636225179),16582,,
POINT (443998.68870016723 8447964.523966188),10080,,
POINT (444025.22547740216 8447964.010722585),8620,,
POINT (443874.39592850575 8447930.34439936),18005,,
POINT (443187.87994197855 8448647.690697536),17580,,
POINT (443202.96264055395 8448621.32181483),3222,,
POINT (443247.81198126846 8448582.05096673),16353,,
POINT (443227.7575879455 8448566.574787939),18167,,
POINT (443199.65410517785 8448576.657117404),941,,
POINT (443198.9110827586 8448563.615720399),3505,,
POINT (443219.5133658097 8448498.247195687),12100,,
POINT (443218.29805959173 8448491.210329078),10207,,
POINT (443209.6269472574 8448484.090506436),3373,,
POINT (443440.7540969674 8448378.361601453),18229,,
POINT (443455.6236623974 8447981.714446153),12126,,
POINT (443455.8211871989 8447996.434844125),11961,,
POINT (443401.61062265746 8447838.71806803),14401,,
POINT (443323.73823636706 8448391.412102867),3422,,
POINT (443293.55544678494 8448440.937241206),3387,,
POINT (443431.7868034045 8448266.775150055),10837,,
POINT (443438.49300019204 8448241.527788615),3109,,
POINT (443434.02791161 8447746.574656535),5288,Residential,Masonry
POINT (443518.521227843 8447732.738552954),11518,Outbuilding,Masonry
POINT (443487.8794017844 8447735.864295216),6580,Outbuilding,Masonry
POINT (443520.9629204672 8447775.966098689),4125,Residential,Masonry
POINT (443496.23443778895 8447781.936497642),14504,Residential,Masonry
POINT (443588.2393019698 8447746.184376642),14298,Residential,Masonry
POINT (443689.4477062906 8447754.46482517),18873,Fale,Timber
POINT (443666.3139709729 8447737.02846602),8602,Outbuilding,Masonry
POINT (443574.67147094454 8447762.614395114),4896,Residential,Masonry
POINT (443754.1885107806 8447747.760738),4220,Residential,Masonry
POINT (443368.26045689016 8447773.778390747),15876,Outbuilding,Masonry
POINT (443380.3046657342 8447756.37745399),5615,Fale,Masonry
POINT (443718.0997889352 8447700.987093624),7284,Outbuilding,Masonry
POINT (443710.589226505 8447689.735085513),13827,Residential,Masonry
POINT (415836.7753683177 8460221.81683816),1811,,
POINT (415263.21486462635 8460525.690921534),4776,,
POINT (414796.4368893994 8461273.719742406),19146,,
POINT (415359.23883496504 8461738.473580807),3136,,
POINT (415267.31914700166 8460543.912359502),4437,,
POINT (414907.09894155816 8461293.815364424),1779,,
POINT (415520.024351064 8461708.6413924),11224,,
POINT (415439.7497167173 8461608.341451641),9681,,
POINT (414444.90651250485 8461417.547777541),6501,,
POINT (414801.5411641058 8461295.712560283),5214,,
POINT (415461.06665752525 8461612.571653742),3319,,
POINT (415244.868539724 8461073.238160647),18685,,
POINT (414449.2001297043 8461532.964806871),9215,,
POINT (414894.26838802 8461232.038853291),5149,,
POINT (414608.45459523523 8461366.63911616),3272,,
POINT (413896.6216493341 8460605.813343808),3322,,
POINT (414411.7230534843 8461433.196247844),344,,
POINT (413899.5563577737 8460589.861361763),11856,,
POINT (414380.7418646779 8461439.618265757),15473,,
POINT (414758.10525355185 8461515.856585499),13195,,
POINT (413868.81804949563 8460676.975454474),4666,,
POINT (414775.6470947495 8461495.138436483),6478,,
POINT (435679.2687061514 8460775.640742479),8221,,
POINT (436705.8437366264 8460258.261696506),12960,,
POINT (435511.1803412462 8458944.033584373),387,,
POINT (436481.8595180342 8458063.140409835),4541,,
POINT (436497.8306445878 8458067.43249938),2911,,
POINT (436481.80657890433 8458091.04841704),12349,,
POINT (435129.6499333573 8461707.083404893),11466,,
POINT (435206.57859716413 8461667.958856214),17903,,
POINT (435288.610607676 8461682.522833426),12209,,
POINT (435276.36128254386 8461654.430822866),3944,,
POINT (435317.4450366226 8461710.278080517),12937,,
POINT (435150.01048644923 8461813.3086651),11092,,
POINT (435264.7989850257 8461634.397652118),9294,,
POINT (435333.7362428925 8461736.575864062),15637,,
POINT (435095.45482993906 8461486.573042834),13901,,
POINT (435283.4056797443 8461307.122279841),3888,,
POINT (435449.5892970625 8461434.66003377),15677,,
POINT (435455.8480179446 8461388.740171203),11013,,
POINT (435342.7995110675 8461474.370574355),11243,,
POINT (435369.64017855667 8461759.773209227),13663,,
POINT (435132.7191076044 8461438.319772128),11278,,
POINT (435395.39153787395 8461772.974279275),12774,,
POINT (435132.27633049275 8461538.780081697),15991,,
POINT (434952.89577431337 8461646.116125615),18130,,
POINT (435039.67496610794 8461356.258494722),17127,,
POINT (435285.251852555 8461290.37282707),1857,,
POINT (435191.7035080635 8461245.653918803),3832,,
POINT (435154.1419738566 8461444.147820331),12025,,
POINT (435230.69932203455 8461477.092931807),18469,,
POINT (435242.799426148 8461490.872474601),18015,,
POINT (435202.607870382 8461437.976180624),11436,,
POINT (435012.7856780352 8461565.601599833),9674,,
POINT (435043.61432528455 8461531.473402878),3992,,
POINT (434956.8825992643 8461618.90819106),16438,,
POINT (435079.44596232433 8461509.42838974),11083,,
POINT (434981.07323868136 8461584.923957994),9525,,
POINT (432703.65979203687 8461576.478234189),15547,,
POINT (432714.8346297767 8461547.412320664),19346,,
POINT (432704.01526137034 8461647.125448676),7461,,
POINT (432770.718102414 8461731.621823592),6376,,
POINT (432681.1106390971 8461378.946971528),11959,,
POINT (432702.3222952162 8461592.18005624),1536,,
POINT (432704.0657073499 8461353.267087838),12613,,
POINT (432717.11075254116 8461572.285231778),12395,,
POINT (432680.0061803413 8461358.461386118),10369,,
POINT (433199.8793060329 8461563.001590753),4491,,
POINT (433310.9509722193 8461480.95607266),7634,,
POINT (433283.97490800184 8461530.137657471),8989,,
POINT (433167.88828620507 8461538.871451449),19071,,
POINT (432899.0409651908 8461511.55350148),4947,,
POINT (433314.3198152464 8461514.345061947),13051,,
POINT (433128.4531821685 8461635.263721317),18131,,
POINT (432930.92178392946 8461370.027544571),16895,,
POINT (433193.8686131519 8461539.072322814),10680,,
POINT (433268.5643475078 8461402.646908144),3741,,
POINT (433332.97351433506 8461467.2007138),14010,,
POINT (433157.41094566445 8461418.7208236),5930,,
POINT (433215.4590029962 8461569.295079974),18823,,
POINT (433136.66457116976 8461548.819267726),18776,,
POINT (433022.5573266566 8461554.163667735),13633,,
POINT (433065.9513897252 8461438.209694955),6756,,
POINT (433231.42854937515 8461397.888765598),10156,,
POINT (433132.7677511983 8461438.322626043),11789,,
POINT (433117.2879700947 8461545.485852923),8541,,
POINT (433058.388145714 8461420.46631646),18329,,
POINT (433189.64082798694 8461413.952268666),6575,,
POINT (433311.8835444732 8461428.89415484),3213,,
POINT (433250.7617971806 8461547.758685533),8819,,
POINT (433424.31267494295 8461647.497984841),8288,,
POINT (433703.5560446348 8461632.714532185),8351,,
POINT (433234.7679459155 8461547.390928391),12225,,
POINT (433293.4087480231 8461545.850790426),5332,,
POINT (433150.14705528686 8461484.371271553),13660,,
POINT (433723.3652865021 8461710.064332113),12807,,
POINT (433211.44775200495 8461547.321942016),3236,,
POINT (432908.4564163136 8461572.485106068),16414,,
POINT (433146.9733004103 8461474.133348772),16875,,
POINT (433601.4192186391 8461685.847339595),16684,,
POINT (432893.8952240439 8461558.973609578),19440,,
POINT (432886.13106328633 8461500.883455139),11235,,
POINT (433173.00690711587 8461488.694149919),17388,,
POINT (433230.2764412946 8461561.36715396),734,,
POINT (432994.18789512437 8461472.554832835),14293,,
POINT (433135.67525204946 8461523.756260328),13609,,
POINT (433031.8555291356 8461468.774205428),5416,,
POINT (433018.206079621 8461534.81061565),6965,,
POINT (433103.7346467426 8461510.447356645),10636,,
POINT (432792.2702702703 8460400.038372822),7253,,
POINT (432824.31215312146 8460452.360815827),966,,
POINT (432853.50125092035 8460411.476019572),6530,,
POINT (432857.9996337208 8460430.315406742),16797,,
POINT (432831.20522837323 8460477.336442687),6305,,
POINT (432849.83473226894 8460385.98736505),8743,,
POINT (432871.40374840325 8460404.42554558),19306,,
POINT (432885.7375940783 8460464.682964481),9145,,
POINT (432731.17662578396 8460294.951414606),3398,,
POINT (432742.0224226051 8460419.820486898),17475,,
POINT (432724.6101791852 8460356.920433944),5076,,
POINT (432729.03031169885 8461120.531703595),11377,,
POINT (432866.9936135441 8460450.703925785),1636,,
POINT (432839.35359438095 8460500.542536035),836,,
POINT (432856.68851985206 8460568.576315604),550,,
POINT (432829.307872009 8461017.210450258),2262,,
POINT (432801.8959285877 8461136.977726746),16558,,
POINT (432815.3421188932 8460429.944906324),16359,,
POINT (432800.835721897 8461121.954562556),6528,,
POINT (432882.50066707283 8460502.988849077),5575,,
POINT (432822.5865735165 8460319.99855675),19479,,
POINT (432846.2030340537 8460521.15430916),8637,,
POINT (432802.5014019681 8461108.44047333),15117,,
POINT (432846.16464142135 8460556.278142598),18691,,
POINT (432843.3254151841 8460543.209144862),4577,,
POINT (432855.6207282096 8460546.964829076),3537,,
POINT (432836.8905961783 8460554.698095618),8203,,
POINT (420615.7359875498 8462337.664413396),19548,,
POINT (420314.6339847983 8462092.35327923),18654,,
POINT (420265.7547156301 8462222.125181241),11316,,
POINT (419858.6831367367 8463230.487310493),15271,,
POINT (432641.58629599895 8462066.3017578),15657,,
POINT (432916.7456544691 8462177.773670003),14745,,
POINT (432986.32914520614 8462918.625671437),18262,,
POINT (433918.3108930102 8463835.483323924),11191,,
POINT (433526.26394474466 8464008.797982968),3368,,
POINT (433214.1897112813 8462613.537411436),18513,,
POINT (433284.6319360628 8463207.26565621),18796,,
POINT (433927.64143795666 8463925.039564135),2712,,
POINT (433188.21690599725 8462465.65297999),10781,,
POINT (432658.2725037402 8462054.858899662),9917,,
POINT (432754.8951748627 8462167.01520671),3040,,
POINT (433119.4444025119 8462347.92927071),16188,,
POINT (432925.48517990933 8462190.937264683),3493,,
POINT (433106.91500135604 8462332.130596876),1626,,
POINT (432646.8906920045 8462076.56623847),8384,,
POINT (433239.70168828085 8463129.546509244),18485,,
POINT (432916.99960727413 8462083.762491547),18793,,
POINT (432804.03469190735 8462285.785065044),442,,
POINT (427849.16309574974 8462858.117633156),7914,,
POINT (415773.0501587855 8462092.829060458),17961,,
POINT (415545.9155062747 8462292.093815353),985,,
POINT (415425.7199565425 8461789.258665169),8263,,
POINT (415493.0770568167 8461621.988230368),3318,,
POINT (415487.56373445335 8461632.034085326),3145,,
POINT (415474.26571570965 8461601.038777297),18153,,
POINT (415557.18059426127 8461508.642887302),15122,,
POINT (415527.0763030809 8461486.62984002),15490,,
POINT (415488.7932190116 8461468.991366008),2940,,
POINT (415541.4459001473 8461316.126106037),9055,,
POINT (415519.7598548902 8461193.380925577),18381,,
POINT (415489.85437406716 8461202.091797696),2076,,
POINT (415511.27743176604 8461198.146072824),14115,,
POINT (415509.082156999 8461138.132269982),17665,,
POINT (414889.4976809621 8461086.449862268),9403,,
POINT (414869.7482815164 8461086.905009406),17984,,
POINT (414856.26604869263 8461087.586336225),19350,,
POINT (414847.56642307853 8461110.536723785),2523,,
POINT (414845.6349625438 8461264.873830274),1815,,
POINT (414830.6159791773 8461266.805237273),12258,,
POINT (414742.5477179538 8461306.614205685),12226,,
POINT (414601.01326232165 8461349.720581934),18163,,
POINT (414438.9458664935 8461442.188388074),13985,,
POINT (414512.2463982432 8461390.633041129),2647,,
POINT (414947.34516636893 8461586.334582392),14378,,
POINT (414922.1883266629 8461677.41957005),16741,,
POINT (414032.064723084 8461309.9674685),2365,,
POINT (413376.14768446155 8460801.626699891),7888,,
POINT (413269.07779843785 8460625.055180918),14354,,
POINT (413640.51203635836 8461461.859250145),9345,,
POINT (413543.302162459 8461259.581114724),12082,,
POINT (413519.31867043284 8461242.007778106),6891,,
POINT (413523.31339234964 8460964.537023595),17788,,
POINT (413433.18705967354 8461130.526275212),18604,,
POINT (413486.70689918374 8461130.706738655),6516,,
POINT (412837.8274505148 8460697.769408658),13939,,
POINT (413496.5135665004 8461418.395592649),14135,,
POINT (413485.29256055644 8461445.012852434),6822,,
POINT (410445.9157781698 8453177.126786597),1728,Residential,Masonry
POINT (410476.3505120184 8453147.716846954),1729,Outbuilding,Masonry
POINT (410488.5446924189 8453135.789185286),1730,Residential,Masonry
POINT (410298.2369752497 8453045.554928686),1743,Outbuilding,Masonry
POINT (410300.5014570412 8453036.414245276),1744,Outbuilding,Masonry
POINT (410291.6642207425 8453104.655052353),1747,Outbuilding,Masonry
POINT (410324.20205839403 8453120.256063765),1748,Residential,Masonry
POINT (410234.4898910234 8453266.12420445),1749,Residential,Masonry
POINT (410304.2206480107 8453288.184658803),1752,Outbuilding,Masonry
POINT (410292.7461536439 8453327.206078557),1753,Residential,Masonry
POINT (410521.49800212117 8453400.97007017),1754,Residential,Masonry
POINT (410502.33385469066 8453389.718210084),1755,Outbuilding,Masonry
POINT (410370.82552902796 8453353.015353462),1756,Outbuilding,Masonry
POINT (410302.4831030263 8453357.022741776),1760,Residential,Masonry
POINT (410272.76294615294 8453393.229362587),1761,Outbuilding,Masonry
POINT (410344.99570929253 8453382.991652198),1762,Residential,Masonry
POINT (410363.07553124585 8453380.057349758),1763,Outbuilding,Masonry
POINT (410437.3552421527 8453447.906383002),1764,Residential,Masonry
POINT (410481.4442247975 8453502.20132904),1765,Residential,Masonry
POINT (410480.27214835346 8453479.91019065),1766,Outbuilding,Masonry
POINT (410376.6885301825 8453396.05338466),1767,Outbuilding,Masonry
POINT (410335.0951945817 8453429.686401717),1768,Residential,Masonry
POINT (410312.6897010474 8453434.418915303),1769,Residential,Masonry
POINT (410279.7463223676 8453416.49576308),1770,Residential,Masonry
POINT (410354.7440900014 8453459.782774827),1772,Outbuilding,Masonry
POINT (410291.3295312069 8453465.93013245),1774,Residential,Masonry
POINT (410295.51755683066 8453514.102355633),1776,Residential,Masonry
POINT (410470.2807157006 8453532.964029983),1781,Outbuilding,Masonry
POINT (410445.452820592 8453589.843857158),1782,Residential,Masonry
POINT (410441.96583105513 8453600.082933728),1783,Outbuilding,Masonry
POINT (410408.22485716105 8453510.686632102),1784,Outbuilding,Masonry
POINT (410368.5725168725 8453601.653858537),1785,Outbuilding,Masonry
POINT (410382.5663804541 8453596.408031356),1786,Residential,Masonry
POINT (410405.96591143357 8453551.421726054),1787,Residential,Masonry
POINT (410406.6385723217 8453625.143327033),1788,Residential,Masonry
POINT (410424.85316239926 8453709.859434452),1789,Residential,Masonry
POINT (410425.3677173606 8453724.814694354),1790,Residential,Masonry
POINT (410455.2035855454 8453702.788772555),1791,Residential,Masonry
POINT (410466.7122784274 8453689.066446587),1792,Residential,Masonry
POINT (410489.5044628915 8453681.608018616),1793,Residential,Masonry
POINT (410499.24927500036 8453686.599948004),1794,Outbuilding,Masonry
POINT (410454.41578123847 8453727.85039551),1795,Outbuilding,Masonry
POINT (410491.2133100181 8453728.303230722),1796,Outbuilding,Masonry
POINT (410491.12012700725 8453705.973788742),1797,Outbuilding,Masonry
POINT (410540.4781764559 8453697.445251433),1798,Outbuilding,Masonry
POINT (410529.26657974615 8453704.654162453),1799,Outbuilding,Masonry
POINT (410504.49277274776 8453733.287983911),1800,Outbuilding,Masonry
POINT (410386.1255791544 8453648.643812614),1801,Residential,Masonry
POINT (410298.33143644343 8453756.572424965),1816,Outbuilding,Masonry
POINT (410287.97373515746 8453766.914295508),1817,Outbuilding,Masonry
POINT (410024.04923108156 8454267.193016915),1936,Outbuilding,Masonry
POINT (410065.61532605573 8454016.624994228),1941,Outbuilding,Masonry
POINT (410070.51712963876 8454032.084434774),1942,Outbuilding,Masonry
POINT (410240.6138424507 8453131.541832823),1745,Residential,Masonry
POINT (410229.1116745369 8453133.016094228),1746,Outbuilding,Masonry
POINT (410235.7071009906 8452967.716849392),1722,Residential,Masonry
POINT (410232.4709173802 8452986.071823362),1723,Residential,Masonry
POINT (410295.5309725911 8452982.97256451),1724,Residential,Masonry
POINT (410312.7970506493 8452993.097828276),1725,Outbuilding,Masonry
POINT (410227.85083163757 8453043.818555152),1741,Residential,Masonry
POINT (410240.3107817202 8453024.404686144),1742,Outbuilding,Masonry
POINT (410221.95660397393 8453262.53455073),1750,Outbuilding,Masonry
POINT (410217.5099182594 8453251.91418033),1751,Outbuilding,Masonry
POINT (410229.20244276983 8453386.103259364),1757,Outbuilding,Masonry
POINT (410210.6560120207 8453433.831547422),1758,Residential,Masonry
POINT (410199.57194700034 8453463.252160236),1759,Residential,Masonry
POINT (410273.98007161205 8453441.996118285),1771,Residential,Masonry
POINT (410277.30311009014 8453467.965182306),1773,Residential,Masonry
POINT (410256.93551212444 8453491.120529203),1775,Religious,Reinforced Concrete
POINT (410288.09780980565 8453536.60697048),1777,Residential,Masonry
POINT (410165.04077209166 8453516.197472267),1778,Fale,Masonry
POINT (410152.7632282296 8453530.693694863),1779,Residential,Masonry
POINT (410097.11932107643 8453620.618577555),1780,Residential,Masonry
POINT (410312.2547258269 8453590.0873496),1802,Outbuilding,Masonry
POINT (410282.69144544855 8453584.078660138),1803,Residential,Masonry
POINT (410216.55615367024 8453581.978633454),1804,Residential,Masonry
POINT (410193.6497040651 8453612.552729312),1805,Residential,Masonry
POINT (410202.36907674174 8453602.880732745),1806,Outbuilding,Masonry
POINT (410215.09687740507 8453618.973712483),1807,Outbuilding,Masonry
POINT (410230.24763857346 8453591.397718875),1808,Outbuilding,Masonry
POINT (410244.52274073946 8453615.133691523),1809,Outbuilding,Masonry
POINT (410292.1470255058 8453597.561689617),1810,Outbuilding,Masonry
POINT (410252.667598539 8453648.692263838),1811,Residential,Masonry
POINT (410273.4697212332 8453652.569574041),1812,Outbuilding,Masonry
POINT (410227.80348949024 8453644.34349136),1813,Outbuilding,Masonry
POINT (410173.8240423346 8453657.75076167),1814,Residential,Masonry
POINT (410182.929966569 8453677.599025866),1815,Outbuilding,Masonry
POINT (410033.34881937486 8453830.305753434),1948,Residential,Masonry
POINT (410046.74150240404 8453853.431202168),1950,Outbuilding,Masonry
POINT (410062.09639524284 8453728.54060833),1951,Residential,Masonry
POINT (410098.1665978416 8453775.885944827),1952,Residential,Masonry
POINT (410125.5115273299 8453754.92118838),1953,Residential,Masonry
POINT (410141.2167351285 8453769.25053322),1954,Outbuilding,Masonry
POINT (410145.3804861331 8453721.770484205),1955,Residential,Masonry
POINT (410159.2965876779 8453732.54851297),1956,Residential,Masonry
POINT (410115.83266611287 8453737.711564375),1957,Outbuilding,Masonry
POINT (411195.95565957756 8453260.633107046),550,Residential,Masonry
POINT (411063.1299656243 8453127.828427115),551,Outbuilding,Masonry
POINT (411083.9476239667 8453555.908786884),552,Residential,Masonry
POINT (410978.1143117702 8453498.024765799),553,Residential,Masonry
POINT (411058.6433362509 8453521.851913542),554,Outbuilding,Masonry
POINT (410799.36440630886 8453360.043353949),555,Outbuilding,Masonry
POINT (410606.25498516223 8453090.709267054),556,Outbuilding,Masonry
POINT (410549.3414270382 8453012.312648758),557,Residential,Masonry
POINT (410617.1645199925 8452963.928735783),558,Residential,Masonry
POINT (410656.11116732686 8452941.032686815),559,Outbuilding,Masonry
POINT (410542.1300829508 8452949.698611083),560,Residential,Masonry
POINT (410497.80195621506 8452908.044396017),561,Residential,Masonry
POINT (410523.9887761342 8452892.876565164),562,Outbuilding,Masonry
POINT (410529.84453260247 8452904.419672245),563,Outbuilding,Masonry
POINT (410459.3350846273 8452905.930999625),564,Outbuilding,Masonry
POINT (410380.56031170004 8452886.932854956),565,Residential,Masonry
POINT (410377.67674269446 8452870.457144614),566,Outbuilding,Masonry
POINT (410410.3844475642 8452855.722954333),567,Outbuilding,Masonry
POINT (410461.6724546735 8452777.049329914),568,Outbuilding,Masonry
POINT (410479.97226246254 8452825.097895723),569,Outbuilding,Masonry
POINT (410475.1302006525 8452778.500379095),570,Outbuilding,Masonry
POINT (410836.5502117099 8452893.904919075),571,Outbuilding,Masonry
POINT (410663.47610584093 8452819.0915019),572,Outbuilding,Masonry
POINT (410571.3388592388 8452716.00399309),573,Residential,Masonry
POINT (410559.10019208 8452726.772003267),574,Outbuilding,Masonry
POINT (410553.0635244999 8452677.41840095),575,Outbuilding,Masonry
POINT (410510.383071974 8452676.312303243),576,Outbuilding,Masonry
POINT (410505.63442361646 8452707.145566354),577,Outbuilding,Masonry
POINT (410532.8342918333 8452635.81832236),578,Residential,Masonry
POINT (410996.9531689155 8452907.579870917),580,Residential,Masonry
POINT (410907.1012372394 8452828.923490033),581,Residential,Masonry
POINT (410745.9683759926 8452776.162839215),582,Outbuilding,Masonry
POINT (410668.3119619951 8452736.769192152),583,Outbuilding,Masonry
POINT (410731.5718524513 8452761.989501521),584,Outbuilding,Masonry
POINT (411065.47538042034 8452550.618504023),588,Outbuilding,Masonry
POINT (411086.3797356901 8452445.006471539),589,Residential,Masonry
POINT (411081.0038118988 8452483.251324825),590,Outbuilding,Masonry
POINT (410975.82599738654 8452485.385304952),591,Residential,Masonry
POINT (411005.51524758583 8452531.97408816),592,Outbuilding,Masonry
POINT (410932.9911237891 8452548.013614845),593,Outbuilding,Masonry
POINT (410893.0239764062 8452457.458419846),594,Outbuilding,Masonry
POINT (410500.3200240062 8452574.826769587),618,Residential,Masonry
POINT (410403.1866247709 8452955.890184814),1726,Residential,Masonry
POINT (410410.015065941 8452963.214712061),1727,Outbuilding,Masonry
POINT (410760.9576877578 8453467.038015524),1731,Residential,Masonry
POINT (410806.8017939871 8453506.798379913),1732,Outbuilding,Masonry
POINT (410820.16777434124 8453501.984762903),1733,Residential,Masonry
POINT (410820.47512246243 8453488.153427923),1734,Residential,Masonry
POINT (410830.66845892067 8453508.624775413),1735,Residential,Masonry
POINT (410841.51162802737 8453512.715433706),1736,Residential,Masonry
POINT (410844.8524427762 8453520.091385005),1737,Outbuilding,Masonry
POINT (410856.47156156535 8453501.16634714),1738,Residential,Masonry
POINT (410881.1907404542 8453506.898464805),1739,Residential,Masonry
POINT (410846.0263111543 8453483.504091373),1740,Outbuilding,Masonry
POINT (410307.1692040394 8452882.99049329),597,Residential,Masonry
POINT (410300.6138544243 8452857.314396232),598,Outbuilding,Masonry
POINT (410374.80524593015 8452808.240913143),602,Outbuilding,Masonry
POINT (410817.8895590543 8452305.500970736),649,Residential,Masonry
POINT (410790.0980305567 8452033.295993688),428,Fale,Masonry
POINT (410820.1321632825 8452015.680465305),429,Residential,Masonry
POINT (410879.5474473109 8451993.843631892),430,Residential,Masonry
POINT (410863.08542290644 8451979.588509584),431,Outbuilding,Masonry
POINT (410935.2699715632 8451932.364463018),432,Residential,Masonry
POINT (410926.92253389297 8451993.653093288),433,Residential,Masonry
POINT (410933.13951487426 8451975.321879707),434,Residential,Masonry
POINT (410954.8197266267 8451958.462618027),435,Residential,Masonry
POINT (410969.8228586455 8452040.626703894),538,Residential,Masonry
POINT (410971.5914046807 8452068.04000826),539,Residential,Masonry
POINT (410945.6621486572 8452096.351589885),541,Residential,Masonry
POINT (410939.1499753216 8452055.63966106),542,Religious,Reinforced Concrete
POINT (410910.8390814519 8452055.295843726),543,Residential,Masonry
POINT (410920.45191171084 8452080.852690235),544,Residential,Masonry
POINT (410897.0246268644 8452092.11956834),545,Residential,Masonry
POINT (410761.3741952829 8452136.546615155),546,Residential,Masonry
POINT (410773.8548812043 8452161.82502936),547,Residential,Masonry
POINT (410675.88795691327 8452142.607826514),548,Residential,Masonry
POINT (410762.3014514686 8452188.027589774),549,Residential,Masonry
POINT (410522.2472988669 8452626.11931721),579,Outbuilding,Masonry
POINT (410632.92838628805 8452704.970882509),585,Outbuilding,Masonry
POINT (410624.8367130828 8452643.992041586),586,Outbuilding,Masonry
POINT (410822.20669036283 8452454.662821364),595,Residential,Masonry
POINT (410753.19032658817 8452409.011081478),596,Outbuilding,Masonry
POINT (410295.7510383936 8452831.383780181),599,Residential,Masonry
POINT (410346.83520299784 8452779.763435258),600,Residential,Masonry
POINT (410316.024985083 8452780.451910162),601,Residential,Masonry
POINT (410390.7849608594 8452748.342024691),603,Outbuilding,Masonry
POINT (410341.1799658865 8452734.760033155),604,Residential,Masonry
POINT (410303.6787801034 8452688.524977291),605,Residential,Masonry
POINT (410360.2085564511 8452686.8400912),606,Residential,Masonry
POINT (410365.4018255273 8452611.660530675),607,Residential,Masonry
POINT (410373.6302015251 8452701.136380667),608,Fale,Masonry
POINT (410413.0064105231 8452581.768001623),609,Residential,Masonry
POINT (410409.73727177904 8452555.618069654),610,Residential,Masonry
POINT (410423.32275610336 8452531.310388613),611,Residential,Masonry
POINT (410435.9857766423 8452511.480121305),612,Residential,Masonry
POINT (410438.4014389593 8452546.85181895),613,Residential,Masonry
POINT (410455.6258551772 8452530.566596482),614,Residential,Masonry
POINT (410455.5587105359 8452590.279631961),615,Residential,Masonry
POINT (410483.1888778455 8452571.664280374),616,Residential,Masonry
POINT (410468.72778214706 8452577.962260548),617,Outbuilding,Masonry
POINT (410493.49751677184 8452516.894427994),619,Residential,Masonry
POINT (410468.29305381683 8452487.534440637),620,Residential,Masonry
POINT (410479.4096417305 8452462.8135367),621,Residential,Masonry
POINT (410495.78683784354 8452472.605706964),622,Residential,Masonry
POINT (410513.12254735426 8452481.400318047),623,Residential,Masonry
POINT (410524.88778172317 8452532.437598523),624,Residential,Masonry
POINT (410509.69189196726 8452450.199877167),625,Residential,Masonry
POINT (410560.25013131235 8452516.157206533),626,Residential,Masonry
POINT (410531.3336964572 8452412.531053536),627,Residential,Masonry
POINT (410541.7253816815 8452431.617443167),628,Residential,Masonry
POINT (410552.18817234517 8452425.758249722),629,Outbuilding,Masonry
POINT (410530.9613361009 8452448.15695127),630,Residential,Masonry
POINT (410617.3191653786 8452470.058799548),631,Residential,Masonry
POINT (410596.22121580574 8452489.24967288),632,Residential,Masonry
POINT (410611.9791700981 8452495.530127632),633,Outbuilding,Masonry
POINT (410628.7808493579 8452494.956180613),634,Outbuilding,Masonry
POINT (410640.0260307383 8452483.910463808),635,Residential,Masonry
POINT (410576.97708880005 8452405.820442593),636,Outbuilding,Masonry
POINT (410611.23652473383 8452384.094216462),637,Residential,Masonry
POINT (410592.90435049345 8452360.40942705),638,Residential,Masonry
POINT (410618.26208032575 8452357.920140648),639,Residential,Masonry
POINT (410633.6113961868 8452370.265469454),640,Residential,Masonry
POINT (410637.31308138755 8452386.379773714),641,Residential,Masonry
POINT (410682.8365223564 8452369.428215528),642,Residential,Masonry
POINT (410720.67550122674 8452360.333921796),643,Residential,Masonry
POINT (410750.2691977012 8452324.099379487),644,Residential,Masonry
POINT (410739.49009879644 8452369.85006322),645,Outbuilding,Masonry
POINT (410687.8438082868 8452258.403338075),646,Residential,Masonry
POINT (410690.44256553357 8452278.441344513),647,Residential,Masonry
POINT (410709.6742370115 8452286.936760362),648,Outbuilding,Masonry
POINT (410781.15150331054 8452288.531419296),650,Residential,Masonry
POINT (410748.17020741757 8452242.141108235),651,Residential,Masonry
POINT (410747.1395232299 8452261.805529248),652,Outbuilding,Masonry
POINT (410717.54219890793 8452237.042906921),653,Religious,Reinforced Concrete
POINT (410742.86871913396 8452212.073370479),654,Residential,Masonry
POINT (410762.8109934867 8452225.86748252),655,Residential,Masonry
POINT (410227.36815378274 8452779.256496258),656,Residential,Masonry
POINT (410222.23831897683 8452761.745219426),657,Residential,Masonry
POINT (410221.7001405275 8452716.31829012),658,Residential,Masonry
POINT (410232.9250991666 8452683.687342329),659,Residential,Masonry
POINT (410235.5634122043 8452668.621682912),660,Outbuilding,Masonry
POINT (410240.0488426601 8452649.886390505),661,Outbuilding,Masonry
POINT (410249.7429511688 8452641.461868335),662,Residential,Masonry
POINT (410239.81700820674 8452631.506263038),663,Residential,Masonry
POINT (410266.5614700488 8452618.75757181),664,Outbuilding,Masonry
POINT (410277.4925135728 8452597.620637331),665,Commercial - not verified,Masonry
POINT (410326.38450792345 8452556.46089876),666,Residential,Masonry
POINT (410329.52582201984 8452535.414843904),667,Residential,Masonry
POINT (410345.9621215927 8452525.932018146),668,Residential,Masonry
POINT (410418.307959512 8452455.605082018),669,Residential,Masonry
POINT (410427.33729176264 8452445.342415825),670,Residential,Masonry
POINT (410477.2522678909 8452380.395018307),671,Residential,Masonry
POINT (410551.33177994355 8452324.351330623),672,Residential,Masonry
POINT (410588.20418453345 8452282.88965859),673,Residential,Masonry
POINT (411653.37759322475 8452379.622334762),491,Residential,Masonry
POINT (411671.15689645486 8452365.667112697),492,Outbuilding,Masonry
POINT (411782.1938785765 8452486.500642497),493,Residential,Masonry
POINT (411777.52330078895 8452531.635250414),494,Residential,Masonry
POINT (411827.0265500026 8452610.215489281),495,Outbuilding,Masonry
POINT (411735.19905513694 8452586.589133585),496,Outbuilding,Masonry
POINT (411750.24451604695 8452551.14278901),497,Residential,Masonry
POINT (411735.1625942423 8452531.05238656),498,Residential,Masonry
POINT (411723.62487673596 8452522.902336953),499,Outbuilding,Masonry
POINT (411686.9099688116 8452488.821832197),500,Outbuilding,Masonry
POINT (411633.2659787084 8452448.98379728),501,Residential,Masonry
POINT (411632.1742241414 8452436.769805284),502,Outbuilding,Masonry
POINT (411329.9565611525 8452734.5301473),587,Residential,Timber
POINT (411547.79542503424 8452282.588139508),486,Outbuilding,Masonry
POINT (411540.54459782736 8452263.353717113),488,Outbuilding,Masonry
POINT (411544.8455500649 8452274.792140543),489,Outbuilding,Masonry
POINT (411577.6843057196 8452342.847235665),490,Outbuilding,Masonry
POINT (411460.23745464114 8452290.359909806),503,Residential,Masonry
POINT (411446.55636556627 8452297.49775407),504,Outbuilding,Masonry
POINT (411148.95284859004 8452255.42779096),525,Outbuilding,Masonry
POINT (411037.91161818104 8452213.476532755),526,Outbuilding,Masonry
POINT (411179.272332587 8452042.838258356),9,Residential,Masonry
POINT (411252.848943105 8452036.601663962),10,Residential,Masonry
POINT (411271.0725164539 8452050.080244072),11,Residential,Masonry
POINT (410982.53308307554 8451972.370805988),436,Outbuilding,Masonry
POINT (411014.1067509796 8451983.351814745),437,Outbuilding,Masonry
POINT (411049.4499564801 8451988.914576456),438,Residential,Masonry
POINT (411068.6469614208 8451978.402464146),439,Residential,Masonry
POINT (411145.56485074846 8451983.198175361),440,Residential,Masonry
POINT (411167.5581407181 8451981.556184981),441,Residential,Masonry
POINT (411230.6310053994 8451978.218587196),442,Residential,Masonry
POINT (411275.70162938186 8451994.189652078),443,Residential,Masonry
POINT (411255.7926554171 8451990.718845394),444,Outbuilding,Masonry
POINT (411370.13289018266 8451997.330313802),445,Outbuilding,Masonry
POINT (411332.4825120941 8452006.832554527),446,Outbuilding,Masonry
POINT (411341.16695679125 8451993.935857015),447,Outbuilding,Masonry
POINT (411492.0793374467 8451973.350479146),448,Residential,Masonry
POINT (411514.7688777825 8451959.177256461),449,Residential,Masonry
POINT (411523.6547659246 8452110.311196076),472,Residential,Masonry
POINT (411513.9329226633 8452123.116817752),474,Residential,Masonry
POINT (411510.1037112221 8452091.862828169),475,Outbuilding,Masonry
POINT (411455.9842278333 8452086.63898519),476,Residential,Masonry
POINT (411419.31094789004 8452087.782361519),477,Residential,Masonry
POINT (411432.15201583586 8452130.136081796),478,Residential,Masonry
POINT (411350.85366179445 8452062.314404704),479,Residential,Masonry
POINT (411458.1172623157 8452177.375558982),480,Residential,Masonry
POINT (411494.43804703 8452206.706819864),481,Residential,Masonry
POINT (411494.78228333493 8452191.52978864),482,Fale,Masonry
POINT (411506.48457683827 8452251.545789976),483,Residential,Masonry
POINT (411509.8162779035 8452216.77409969),484,Outbuilding,Masonry
POINT (411521.7350824902 8452240.38579469),485,Outbuilding,Masonry
POINT (411526.95393556356 8452274.876018489),487,Outbuilding,Masonry
POINT (411374.0174309485 8452168.318789255),505,Residential,Masonry
POINT (411365.20790030895 8452151.872151688),506,Outbuilding,Masonry
POINT (411361.33688096935 8452139.16250691),507,Outbuilding,Masonry
POINT (411327.2101503071 8452081.086669324),508,Outbuilding,Masonry
POINT (411323.15189468244 8452070.059020897),509,Residential,Masonry
POINT (411308.0447222227 8452052.573924739),510,Outbuilding,Masonry
POINT (411291.89501663385 8452049.197327843),511,Residential,Masonry
POINT (411256.49941430206 8452104.330201847),512,Residential,Masonry
POINT (411248.3881940418 8452066.125482274),513,Outbuilding,Masonry
POINT (411249.36154138006 8452075.270644017),514,Outbuilding,Masonry
POINT (411220.10752662976 8452115.65713727),515,Residential,Masonry
POINT (411231.2611672154 8452051.988210067),516,Residential,Masonry
POINT (411227.33221513435 8452065.899340704),517,Outbuilding,Masonry
POINT (411211.1398210381 8452055.430267986),518,Residential,Masonry
POINT (411159.08439151174 8452047.379829867),519,Residential,Masonry
POINT (411152.25867814024 8452064.300565751),520,Outbuilding,Masonry
POINT (411175.66464216245 8452079.193556877),521,Outbuilding,Masonry
POINT (411170.15100853797 8452070.27556896),522,Fale,Timber
POINT (411122.39898022386 8452056.2509393),523,Residential,Masonry
POINT (411114.24483277317 8452102.408505829),524,Outbuilding,Masonry
POINT (411015.51245174 8452167.00195197),527,Residential,Masonry
POINT (411060.42680291506 8452154.35270463),528,Residential,Masonry
POINT (411114.8759780105 8452174.370142076),529,Outbuilding,Masonry
POINT (411074.16659251595 8452112.560552215),530,Residential,Masonry
POINT (411077.89027059136 8452063.534993624),531,Residential,Masonry
POINT (411091.3057710698 8452037.961507604),532,Religious,Masonry
POINT (411072.4221368883 8452036.735384334),533,Residential,Masonry
POINT (411051.2270013809 8452045.26483182),534,Residential,Masonry
POINT (411042.7384960247 8452024.457963256),535,Residential,Masonry
POINT (411010.9957526093 8452048.941627262),536,Residential,Masonry
POINT (411016.4785776859 8452056.16330806),537,Outbuilding,Masonry
POINT (410981.8223060523 8452089.83894557),540,Outbuilding,Masonry
POINT (412003.48602152354 8451856.96121764),460,Residential,Masonry
POINT (411978.362935085 8451868.778674725),461,Outbuilding,Masonry
POINT (411942.1200149043 8451915.863952018),462,Residential,Masonry
POINT (453106.52527496626 8448851.470226796),12829,Residential,Masonry
POINT (453039.81339628476 8448937.714963244),16652,Outbuilding,Masonry
POINT (453111.3638790666 8448927.434883483),7973,Outbuilding,Masonry
POINT (453129.9787457156 8448898.168601139),9521,Outbuilding,Masonry
POINT (453098.8586176611 8448834.299694786),8896,Outbuilding,Masonry
POINT (453116.682165149 8448937.01240796),10625,Outbuilding,Masonry
POINT (453072.8064461507 8448872.5621596),1850,Fale,Masonry
POINT (453112.41945021634 8448912.19644557),6848,Fale,Masonry
POINT (453106.4818445175 8449139.247502878),2895,Residential,Masonry
POINT (453173.16956204065 8449187.466603583),1371,Residential,Masonry
POINT (453169.4546303069 8449235.03179001),12074,Residential,Masonry
POINT (453216.1217068695 8449197.889918623),16112,Residential,Masonry
POINT (453351.3494977975 8449413.154569345),11727,Residential,Masonry
POINT (453337.78056017 8449415.671727998),14220,Residential,Masonry
POINT (453147.20209534833 8449127.465479469),2173,Outbuilding,Masonry
POINT (453151.77644782304 8449207.89951529),7896,Outbuilding,Masonry
POINT (453159.818523748 8449238.396798389),7657,Outbuilding,Masonry
POINT (453179.9133259267 8449227.482550496),2180,Outbuilding,Masonry
POINT (453211.8662796943 8449208.521093093),5422,Outbuilding,Masonry
POINT (453225.3292698358 8449217.872203257),4447,Outbuilding,Masonry
POINT (453228.9652670949 8449210.104088422),2038,Outbuilding,Masonry
POINT (453290.20681138255 8449307.25720429),19349,Outbuilding,Masonry
POINT (453305.06818340224 8449293.477597905),7724,Outbuilding,Masonry
POINT (453330.4946845753 8449405.720427405),11851,Outbuilding,Masonry
POINT (453342.9664628151 8449396.157118505),3005,Outbuilding,Masonry
POINT (453322.2073385294 8449405.849714817),9501,Outbuilding,Masonry
POINT (453234.2179663722 8449540.60865458),17197,Outbuilding,Masonry
POINT (453222.66326321097 8449546.234274302),16829,Residential,Masonry
POINT (453153.85558968474 8449163.559942637),17380,Fale,Masonry
POINT (453134.3133467829 8449232.140630294),18071,Fale,Masonry
POINT (453172.26491662767 8449224.663864153),4675,Fale,Masonry
POINT (453385.8987541881 8449372.620423408),2635,Fale,Masonry
POINT (453336.4331679236 8449392.470230445),15050,Fale,Masonry
POINT (453327.19175812893 8449416.544653967),4637,Fale,Masonry
POINT (453296.34474270843 8449433.310149562),10057,Fale,Masonry
POINT (453231.4135090862 8449530.782329557),2606,Fale,Masonry
POINT (453295.5476580426 8449499.696047034),12647,Outbuilding,Masonry
POINT (453634.9748590913 8449213.024384629),17324,Residential,Masonry
POINT (454114.547438329 8449428.295416838),944,Industrial,Steel
POINT (454076.41194347094 8449418.36655309),19620,Industrial,Steel
POINT (454048.80161151756 8449439.734273383),2657,Industrial,Steel
POINT (453936.03602914605 8449852.842721296),10631,Fale,Timber
POINT (453978.91089867434 8449738.224852528),1969,Fale,Timber
POINT (454133.8224087013 8449934.71924901),15055,Residential,Masonry
POINT (454142.69791907945 8449937.437635936),13881,Outbuilding,Masonry
POINT (454057.97176379245 8450036.963163),3752,Fale,Timber
POINT (454044.3565761386 8450022.943814497),5972,Fale,Timber
POINT (454174.99485490617 8450207.297524536),11782,Residential,Masonry
POINT (453998.4870431308 8450036.429671545),19734,Residential,Masonry
POINT (454031.1948031421 8450004.479266396),7815,Residential,Timber
POINT (454040.8658652369 8449999.060181607),11439,Outbuilding,Timber
POINT (454023.9334565179 8450058.272861795),2343,Outbuilding,Masonry
POINT (454076.0696579928 8450079.181534018),11897,Outbuilding,Timber
POINT (454004.4636315049 8450140.432489324),17305,Outbuilding,Timber
POINT (454026.14722073043 8449905.513930965),4546,Residential,Masonry
POINT (453994.70893452823 8449902.841441508),5630,Outbuilding,Timber
POINT (454001.37755203684 8449905.702014804),8655,Outbuilding,Timber
POINT (454023.1973017907 8449888.309370495),3459,Residential,Timber
POINT (454003.706631008 8449818.412284913),18713,Fale,Timber
POINT (454019.40042894875 8449836.147603001),13242,Residential,Masonry
POINT (454013.6568405329 8449859.604086183),9560,Outbuilding,Timber
POINT (454042.48039202194 8449846.547745224),5581,Residential,Masonry
POINT (454010.0790348685 8449824.614205446),19759,Outbuilding,Timber
POINT (453995.1221227299 8449826.206639092),10144,Outbuilding,Timber
POINT (454023.6187375892 8449811.17527594),1085,Residential,Masonry
POINT (454035.029477763 8449875.21078639),10009,Residential,Masonry
POINT (454052.0989373632 8449865.111221546),510,Residential,Masonry
POINT (454054.2733013226 8449888.095469119),3326,Commercial,Masonry
POINT (454068.9179288323 8449900.083445903),1517,Commercial,Masonry
POINT (454072.9531249759 8449917.641078455),15811,Residential,Masonry
POINT (454053.8370485222 8449916.584202042),5181,Outbuilding,Masonry
POINT (454058.6000291049 8449957.439064361),6897,Residential,Timber
POINT (454054.00724961597 8449975.75748198),7592,Outbuilding,Timber
POINT (454014.572027524 8449949.821305221),11354,Outbuilding,Masonry
POINT (454055.5829000307 8450011.274791906),889,Residential,Masonry
POINT (454077.71010180656 8450029.582077576),12330,Residential,Masonry
POINT (454072.63579991105 8450036.934981553),10247,Outbuilding,Timber
POINT (454120.6890277652 8450016.372792764),6512,Residential,Masonry
POINT (454114.32053687464 8450047.420692114),11310,Residential,Masonry
POINT (454080.26251819474 8450057.304505574),18586,Residential,Masonry
POINT (454060.90472567943 8450062.505268307),2329,Fale,Timber
POINT (454090.96458588686 8450074.371018495),1562,Residential,Masonry
POINT (454094.5395656451 8449984.797149235),5825,Religious,Masonry
POINT (454073.36060008756 8449951.587414805),8394,Residential,Masonry
POINT (454144.3362487365 8450131.326526375),7228,Residential,Masonry
POINT (454130.68324193533 8450139.400882699),5690,Residential,Masonry
POINT (454123.83960376977 8450124.08265553),16404,Outbuilding,Timber
POINT (454128.58250865364 8450108.559445307),14162,Residential,Masonry
POINT (454147.8035018613 8450105.881617479),14147,Residential,Masonry
POINT (454063.80157087906 8450144.25233367),5568,Residential,Timber
POINT (454050.6263639667 8450152.95629619),14048,Outbuilding,Timber
POINT (454076.18469201087 8450154.000526441),19882,Outbuilding,Timber
POINT (454033.3650478773 8450145.095275255),13064,Residential,Timber
POINT (454170.1073757378 8450179.485194998),7605,Residential,Masonry
POINT (453555.8372009662 8449860.855344215),16744,Outbuilding,Timber
POINT (453542.25611376483 8449863.65151217),13762,Residential,Masonry
POINT (454007.558501375 8450066.839616802),446,Outbuilding,Masonry
POINT (454002.50082764484 8449962.604394607),16236,Residential,Masonry
POINT (453536.2138327046 8449876.547438782),1757,Outbuilding,Masonry
POINT (453520.36103870656 8449876.426773623),487,Outbuilding,Masonry
POINT (453399.57275227713 8450119.527008645),15392,Residential,Masonry
POINT (453412.05489043397 8450114.929740222),5010,Residential,Masonry
POINT (453506.78872835066 8450057.523709878),16425,Residential,Masonry
POINT (453519.8495219379 8450066.834430002),1657,Residential,Masonry
POINT (453568.3543957717 8450119.52882135),5098,Residential,Masonry
POINT (453542.739110372 8450134.537397515),7270,Residential,Masonry
POINT (453570.44086093747 8450149.355474686),3760,Residential,Masonry
POINT (453536.90668906324 8450116.235017322),18311,Residential,Masonry
POINT (453394.1239496945 8450266.87720126),8414,Residential,Masonry
POINT (453506.768762438 8450041.580682753),18837,Outbuilding,Masonry
POINT (453515.5947090917 8450079.141437232),1750,Outbuilding,Masonry
POINT (453556.96584790584 8450176.090955503),406,Outbuilding,Masonry
POINT (454165.6306470645 8449999.322748061),6777,Outbuilding,Masonry
POINT (454162.24844460964 8449992.96299245),6416,Outbuilding,Masonry
POINT (454156.30110642186 8450003.748411704),18634,Residential,Masonry
POINT (453985.4820096283 8450290.575403364),4655,Residential,Masonry
POINT (454006.38396813185 8450342.069070423),2850,Residential,Masonry
POINT (453973.3836075507 8450291.488547353),12283,Residential,Timber
POINT (453974.4801996905 8450313.502375795),10297,Residential,Masonry
POINT (453938.3873572446 8450308.332817378),4433,Outbuilding,Timber
POINT (453960.0431962905 8450289.586847015),9018,Outbuilding,Timber
POINT (454160.5712611965 8450307.62315125),18410,Residential,Masonry
POINT (454162.8199482803 8450294.420678053),10483,Residential,Masonry
POINT (454136.2233809749 8450318.308259249),3171,Outbuilding,Timber
POINT (454052.21318809676 8450405.426890802),181,Residential,Masonry
POINT (454067.6106637872 8450414.557843981),1236,Residential,Masonry
POINT (454068.25555839867 8450396.088795751),9754,Fale,Timber
POINT (454033.81875360594 8450415.26629746),16214,Residential,Masonry
POINT (453889.82448497345 8450447.173657699),8329,Fale,Timber
POINT (454004.7420332927 8450356.67297776),12136,Outbuilding,Masonry
POINT (453700.7494592926 8450536.670186475),4849,Outbuilding,Masonry
POINT (453633.8237199472 8450492.45259257),5142,Residential,Masonry
POINT (453677.2309080125 8450473.797158804),9969,Residential,Masonry
POINT (454124.3314297433 8450433.354256578),18010,Residential,Masonry
POINT (454147.865602259 8450435.620484669),6575,Residential,Masonry
POINT (453954.18732556544 8450324.161085473),13290,Residential,Timber
POINT (453972.5364765066 8450340.71007527),1697,Residential,Masonry
POINT (453955.10906461114 8450351.541994818),11417,Residential,Timber
POINT (453947.2291219751 8450337.227178814),1396,Residential,Timber
POINT (453937.33288592316 8450353.379187433),1531,Outbuilding,Timber
POINT (454172.6889779745 8450330.795239145),14122,Religious,Masonry
POINT (454147.54515551723 8450340.988405783),10338,Residential,Masonry
POINT (454137.05907747004 8450339.02288585),9559,Residential,Masonry
POINT (454146.28375185624 8450320.699823784),19305,Residential,Masonry
POINT (454127.55149692966 8450417.6114624),19794,Outbuilding,Timber
POINT (454138.90704473894 8450431.128855832),13938,Residential,Masonry
POINT (454088.83387323207 8450417.792720197),10903,Residential,Masonry
POINT (454100.6727799646 8450380.221141474),7550,Outbuilding,Masonry
POINT (454091.72798651684 8450398.130618894),6896,Residential,Masonry
POINT (454000.18606540386 8450426.978476794),2560,Fale,Timber
POINT (454030.6089725035 8450430.750861458),18417,Fale,Timber
POINT (454026.4062223938 8450409.609317653),17268,Outbuilding,Masonry
POINT (454007.21599369234 8450489.010150345),17247,Residential,Masonry
POINT (454001.25151088147 8450476.410596576),7712,Residential,Masonry
POINT (453987.0907564582 8450475.393163363),9172,Residential,Masonry
POINT (454003.1512230792 8450457.451524843),429,Residential,Timber
POINT (454028.70520597236 8450457.259610789),4482,Residential,Masonry
POINT (454035.1372530807 8450494.605471535),10986,Fale,Timber
POINT (454008.78605926 8450532.836558871),12413,Residential,Masonry
POINT (454027.5422494481 8450520.75914386),8251,Residential,Masonry
POINT (454012.8110107559 8450509.940052945),16258,Residential,Masonry
POINT (454058.13192609843 8450543.87827977),19558,Residential,Masonry
POINT (454074.1911052011 8450546.844443556),5419,Residential,Masonry
POINT (454041.4715691237 8450541.049261604),16082,Residential,Masonry
POINT (454092.2624952442 8450549.74836746),3010,Residential,Masonry
POINT (454094.4407330072 8450568.488799226),10369,Residential,Masonry
POINT (454082.72201111045 8450571.695503943),19142,Residential,Timber
POINT (454119.70902147354 8450468.196043827),3718,Residential,Masonry
POINT (454118.01376058895 8450490.684038216),4930,Residential,Masonry
POINT (454149.1404849129 8450467.841707485),15062,Residential,Masonry
POINT (454160.30471814616 8450497.680755522),7717,Residential,Masonry
POINT (454111.2075168862 8450528.619731799),15405,Residential,Masonry
POINT (454149.9705609666 8450547.633375388),8784,Residential,Masonry
POINT (454155.1932718544 8450529.021843774),13442,Residential,Masonry
POINT (454048.31951309467 8450554.311796762),8551,Outbuilding,Timber
POINT (454040.89062503126 8450554.768525708),4690,Outbuilding,Timber
POINT (454149.15336052945 8450562.356248412),16623,Outbuilding,Masonry
POINT (454124.53465245763 8450549.389915155),14436,Residential,Masonry
POINT (454112.2984238908 8450547.58045354),13097,Residential,Masonry
POINT (454123.7393884529 8450541.890191717),15861,Outbuilding,Masonry
POINT (454124.5556025917 8450534.091116931),9580,Outbuilding,Timber
POINT (454143.2034723266 8450580.314263718),10482,Residential,Masonry
POINT (454122.9290865961 8450512.034614755),2242,Residential,Masonry
POINT (454102.13753260183 8450568.106071025),5956,Outbuilding,Masonry
POINT (454119.8294722455 8450560.47158631),1663,Fale,Masonry
POINT (454128.0739664495 8450525.024933416),13761,Residential,Timber
POINT (454078.9211841588 8450562.253098384),14850,Fale,Timber
POINT (454058.69705863483 8450557.430857768),9109,Fale,Timber
POINT (454140.97418890515 8450515.285416232),848,Fale,Timber
POINT (453987.19457218994 8450460.040046882),841,Fale,Timber
POINT (453751.23612588627 8450480.141506802),13177,Outbuilding,Timber
POINT (454029.86767711095 8450484.695827762),8518,Fale,Timber
POINT (453466.5760998557 8450521.78498471),7728,Residential,Masonry
POINT (453610.3032089537 8450556.473175751),6059,Residential,Masonry
POINT (453683.1407849367 8450541.870400595),4633,Residential,Masonry
POINT (453683.2106241478 8450424.61418145),10328,Outbuilding,Masonry
POINT (453672.5239527087 8450429.946960976),5623,Outbuilding,Masonry
POINT (453686.67946058605 8450403.670932913),13407,Outbuilding,Masonry
POINT (453691.895185867 8450392.821166115),15837,Outbuilding,Masonry
POINT (453662.2369281781 8450552.190644246),8494,Outbuilding,Masonry
POINT (453655.0910753735 8450483.124476645),10255,Outbuilding,Masonry
POINT (453598.672035264 8450557.173172351),1630,Outbuilding,Masonry
POINT (453718.6949064326 8450417.950882846),11948,Fale,Masonry
POINT (453613.91648406 8450492.938783657),9986,Fale,Masonry
POINT (454144.6042005713 8450374.740711331),11999,Residential,Masonry
POINT (453653.6295217554 8450606.466235023),17954,,
POINT (453563.9798754219 8450635.000970349),11909,Residential,Masonry
POINT (453551.72819329664 8450642.535420442),15660,Residential,Masonry
POINT (453697.7138270058 8450684.849502146),19174,Outbuilding,Masonry
POINT (454038.7827518622 8450576.49883922),12132,Residential,Masonry
POINT (454062.4232536507 8450583.309132947),8577,Residential,Masonry
POINT (454057.5085275795 8450600.103268398),3717,Residential,Masonry
POINT (454137.42865669203 8450606.929342424),16968,Residential,Masonry
POINT (453995.3899232438 8450631.72629382),14307,Residential,Masonry
POINT (454057.4576481214 8450644.410262344),1606,Residential,Masonry
POINT (454033.15475749737 8450639.512968194),19850,Residential,Masonry
POINT (453993.7145124886 8450648.451351212),13325,Residential,Masonry
POINT (453982.6585359985 8450634.519132372),7847,Outbuilding,Timber
POINT (454040.8302734901 8450680.087730095),10536,Residential,Masonry
POINT (453993.67691224447 8450571.710608475),1043,Residential,Masonry
POINT (453976.82990407426 8450570.84715293),10482,Outbuilding,Timber
POINT (454173.3300157614 8450663.607348524),11309,Residential,Masonry
POINT (454143.7015488863 8450664.48031755),15668,Residential,Masonry
POINT (454179.48461946717 8450676.272355823),8414,Outbuilding,Timber
POINT (454090.0212472456 8450692.203264937),18851,Residential,Masonry
POINT (454093.8552941394 8450679.159470323),2574,Residential,Masonry
POINT (454101.355023514 8450726.927033817),15156,Community,Masonry
POINT (454162.29876731866 8450745.906991884),18611,Residential,Masonry
POINT (454164.03769916616 8450722.720400317),18525,Residential,Masonry
POINT (454111.59136372205 8450804.39937536),12517,Residential,Masonry
POINT (454082.57535558863 8450797.046561372),8145,Outbuilding,Masonry
POINT (454082.6830837373 8450779.09834007),2930,Outbuilding,Timber
POINT (454095.97834148176 8450780.194652146),12936,Outbuilding,Timber
POINT (454043.9956901233 8450660.766005684),5622,Residential,Masonry
POINT (454169.3488688686 8450692.924225017),15832,Commercial - not verified,Masonry
POINT (454052.33991607244 8450621.456360007),8690,Residential,Masonry
POINT (454041.3028512112 8450762.135267071),9079,Education,Masonry
POINT (454091.239180249 8450762.9801875),10602,Residential,Masonry
POINT (454115.5118145807 8450774.68251709),15025,Religious,Masonry
POINT (454085.7807604294 8450613.042645644),8379,Fale,Masonry
POINT (454172.11838345695 8450641.498146107),19172,Outbuilding,Timber
POINT (454049.7650223777 8450570.75700235),5345,Outbuilding,Timber
POINT (453768.4368940413 8450614.67564006),2049,Outbuilding,Masonry
POINT (453437.3521675732 8450581.083729956),18577,Residential,Masonry
POINT (453459.77016325726 8450576.538022758),9750,Residential,Masonry
POINT (453529.3645250825 8450601.38966137),17385,Residential,Masonry
POINT (453504.4931032386 8450622.45677384),8794,Residential,Masonry
POINT (453473.2713249752 8450606.99489581),12992,Fale,Masonry
POINT (453512.8862237095 8450603.837411635),5926,Fale,Masonry
POINT (453549.0578896329 8450632.441069428),13673,Outbuilding,Masonry
POINT (453470.3292397168 8450658.933780884),17245,Residential,Masonry
POINT (453570.2742775497 8450689.619916474),1670,Residential,Masonry
POINT (453577.9954664755 8450677.32731565),10932,Outbuilding,Masonry
POINT (453686.69034188753 8450687.234536745),1475,Outbuilding,Masonry
POINT (453746.7045285421 8450681.996305574),4002,Residential,Masonry
POINT (453754.75632959063 8450686.653122403),1957,Residential,Masonry
POINT (453654.27863991674 8450828.072759906),4002,Outbuilding,Masonry
POINT (453658.07839275635 8450817.502929756),6097,Residential,Masonry
POINT (453645.1065763045 8450800.094003689),12104,Outbuilding,Masonry
POINT (454194.44443175924 8450672.957495129),5870,Outbuilding,Masonry
POINT (454192.2866128903 8450660.998071374),13317,Residential,Masonry
POINT (454186.28387982515 8450679.981665378),10455,Outbuilding,Timber
POINT (454166.89835459006 8450712.41763107),13914,Residential,Masonry
POINT (454156.77954146726 8450821.114788814),13197,Residential,Masonry
POINT (453788.8931238995 8451677.45632212),4944,,
POINT (453643.316020346 8450967.580543095),16552,,
POINT (453665.86245656613 8450954.413379392),15832,,
POINT (453799.1014008872 8451677.39858639),10043,,
POINT (453554.2439070929 8450973.985648047),3566,,
POINT (453854.4239836473 8451733.388053548),19587,,
POINT (453844.6681243049 8451654.5591639),3325,,
POINT (453751.64959806524 8450923.138710244),8435,Outbuilding,Masonry
POINT (453577.6117278067 8450990.460303042),6300,Outbuilding,Masonry
POINT (453714.09635630203 8450987.962743174),11661,Residential,Masonry
POINT (454056.0173125208 8450784.744726326),13026,Education,Masonry
POINT (454020.07340349304 8450850.134401212),4225,Education,Masonry
POINT (454015.9958574313 8450828.725339497),7000,Education,Masonry
POINT (454044.86939094175 8450834.979098866),13958,Education,Masonry
POINT (454040.65720558085 8450864.600410093),7614,Education,Masonry
POINT (454086.7479196035 8450826.551570836),17719,Outbuilding,Timber
POINT (454103.0269143598 8450821.98076541),15186,Residential,Masonry
POINT (453909.2552731443 8451872.139877994),13789,Religious,Masonry
POINT (453934.5667573861 8451885.719634725),18694,Residential,Masonry
POINT (454020.20135003806 8451815.98783232),14281,Residential,Masonry
POINT (453916.3819902537 8451852.88475571),11113,Fale,Timber
POINT (454111.31161298184 8451856.513830826),16045,Residential,Masonry
POINT (454130.8744238991 8451849.575156659),13125,Residential,Masonry
POINT (454121.11023047025 8451858.657721704),646,Outbuilding,Timber
POINT (454071.32691081957 8451789.829329766),6459,Religious,Masonry
POINT (454069.52784926933 8451820.931179468),7355,Residential,Masonry
POINT (454122.4232991748 8451801.369828397),9002,Residential,Masonry
POINT (454093.74907988246 8451787.348875979),16728,Residential,Masonry
POINT (454108.97645256063 8451786.866210744),18745,Residential,Masonry
POINT (454024.9032627435 8451753.161194326),15649,Residential,Masonry
POINT (454110.4018617123 8451747.022254914),18935,Residential,Masonry
POINT (454094.3514086562 8451756.78691761),12451,Residential,Masonry
POINT (454057.6960578683 8451759.658654712),16844,Commercial,Timber
POINT (454024.9836132596 8451731.552105583),7866,Residential,Masonry
POINT (454090.6148398898 8451681.526509514),10342,Residential,Masonry
POINT (454101.716805948 8451698.315142177),14412,Residential,Masonry
POINT (454037.5610176156 8451675.909609217),14748,Residential,Masonry
POINT (454017.23053896666 8451714.316407185),4137,Residential,Masonry
POINT (454106.11763420556 8451713.133987326),5105,Residential,Masonry
POINT (454096.0021692547 8451716.060256114),8204,Outbuilding,Masonry
POINT (454091.68164722685 8451660.473873382),1345,Residential,Masonry
POINT (454040.5390631382 8451659.977246014),18117,Residential,Masonry
POINT (454033.14723909466 8451695.781731607),14285,Residential,Masonry
POINT (453949.9881817295 8451752.570340535),8755,Residential,Masonry
POINT (453904.6178484357 8451820.899549859),14958,Residential,Masonry
POINT (454019.0068080098 8451795.124598118),19962,Residential,Masonry
POINT (454115.31244324264 8451620.711443901),17483,Residential,Masonry
POINT (454092.9595497189 8451646.532509686),3279,Residential,Masonry
POINT (454110.27576090413 8451633.775827779),3244,Outbuilding,Timber
POINT (454097.61757466785 8451621.886927912),1018,Residential,Masonry
POINT (454038.6784314611 8451581.718657298),11004,Outbuilding,Masonry
POINT (454028.44129400665 8451554.95834407),9259,Outbuilding,Masonry
POINT (454042.0565282471 8451551.245472182),11320,Residential,Masonry
POINT (454048.3800134852 8451568.576609148),17406,Residential,Masonry
POINT (454053.3587167721 8451551.642490415),4143,Residential,Masonry
POINT (454051.5050278676 8451535.227120401),13325,Residential,Masonry
POINT (453995.738940441 8451699.652732786),14050,Outbuilding,Timber
POINT (454012.9829036843 8451728.083467383),3483,Outbuilding,Timber
POINT (454022.1722952089 8451706.286643354),18738,Outbuilding,Timber
POINT (454025.1975907013 8451675.862536276),5996,Outbuilding,Timber
POINT (454034.33091949293 8451711.438484794),11982,Residential,Masonry
POINT (454028.61348656676 8451643.614740957),15497,Outbuilding,Timber
POINT (454052.060127794 8451517.310106045),3523,Residential,Masonry
POINT (454032.15201405145 8451519.829369323),1938,Residential,Masonry
POINT (454038.2768262767 8451511.524250742),4698,Outbuilding,Masonry
POINT (454041.1763672299 8451477.896576911),10866,Residential,Masonry
POINT (454027.36820545857 8451477.87518782),11891,Residential,Masonry
POINT (454100.5089527152 8451434.963626623),15750,Residential,Masonry
POINT (454031.8962076447 8451461.523321781),186,Residential,Masonry
POINT (454012.32203196315 8451445.696970167),9056,Outbuilding,Timber
POINT (454030.97450172645 8451444.55336282),9364,Residential,Masonry
POINT (454103.1951409181 8451356.703333814),9216,Residential,Masonry
POINT (454035.99123393773 8451363.611693112),14338,Outbuilding,Masonry
POINT (454046.4094508317 8451410.932246951),16368,Residential,Masonry
POINT (454063.6424614794 8451409.958440693),15320,Residential,Masonry
POINT (454036.12604191725 8451306.641352693),17557,Residential,Masonry
POINT (454030.2669471826 8451287.265252909),792,Outbuilding,Masonry
POINT (454035.318979622 8451272.840310285),8831,Residential,Masonry
POINT (454049.4623795116 8451290.366448198),2511,Residential,Masonry
POINT (454104.6746656435 8451309.366919793),19442,Residential,Masonry
POINT (454103.1150149264 8451327.721012667),8053,Residential,Masonry
POINT (454048.36644829536 8451252.329346592),14876,Residential,Masonry
POINT (454062.30099467287 8451216.27211978),17414,Residential,Masonry
POINT (454047.5326080426 8451233.664758744),18309,Residential,Masonry
POINT (454032.5150116174 8451192.798996355),8253,Residential,Masonry
POINT (454043.0630730098 8451221.290851101),2669,Outbuilding,Masonry
POINT (454041.3236681769 8451181.05107093),4654,Outbuilding,Masonry
POINT (454021.2410892296 8451182.215328403),11049,Outbuilding,Masonry
POINT (454047.56680826255 8451211.333615365),19800,Outbuilding,Masonry
POINT (454041.2761918726 8451210.005163252),15701,Outbuilding,Masonry
POINT (454028.21278399375 8451224.2661984),19528,Outbuilding,Timber
POINT (454051.78615919326 8451163.586422492),14145,Residential,Masonry
POINT (454064.01053804957 8451160.78199832),14882,Residential,Masonry
POINT (454040.5370769651 8451156.18368548),14666,Outbuilding,Masonry
POINT (454034.3402233366 8451159.644433478),14098,Outbuilding,Masonry
POINT (454068.7915529389 8451034.664356561),17105,Residential,Masonry
POINT (454063.78050771577 8451063.085337222),1951,Residential,Masonry
POINT (454049.5920546035 8451061.128917605),13643,Residential,Masonry
POINT (454045.77263850736 8451028.533066323),4354,Residential,Masonry
POINT (454033.0661151564 8451005.89109626),18328,Residential,Masonry
POINT (454038.5209001801 8450988.643285515),3224,Residential,Masonry
POINT (454007.99465417804 8450978.86197271),4274,Residential,Masonry
POINT (454002.323861363 8451013.210466746),8633,Outbuilding,Timber
POINT (454029.9690452713 8451032.292065773),9514,Outbuilding,Timber
POINT (453989.8575672401 8451006.364786465),7709,Outbuilding,Timber
POINT (454016.99328621605 8450932.826337786),2867,Residential,Timber
POINT (454102.0568165711 8450968.110531785),10801,Residential,Masonry
POINT (453902.81015298405 8450813.056346336),11314,Outbuilding,Timber
POINT (453757.23810232553 8450910.199562814),11367,Outbuilding,Timber
POINT (454084.9940010172 8451012.413602147),12293,Religious,Masonry
POINT (454077.50533629657 8450977.560946241),5576,Residential,Masonry
POINT (454007.3939325064 8451000.550112404),5119,Residential,Masonry
POINT (453973.2096190957 8450855.766532196),17777,Fale,Masonry
POINT (454066.58051218913 8450947.56502024),3007,Outbuilding,Timber
POINT (454105.21265588165 8450944.042841068),7985,Outbuilding,Masonry
POINT (454064.25207179936 8451113.121610181),13706,Residential,Masonry
POINT (454046.0770380641 8451118.428893453),5036,Outbuilding,Timber
POINT (454048.76923984813 8451105.108393298),5721,Outbuilding,Timber
POINT (454042.9154550118 8451105.505091546),14080,Outbuilding,Timber
POINT (454031.67055171257 8451122.64757439),16941,Outbuilding,Timber
POINT (454058.5509638329 8451318.389165385),7575,Fale,Masonry
POINT (454069.05758179235 8451140.105890589),11990,Residential,Timber
POINT (454142.1247397992 8451784.594700355),5865,Residential,Masonry
POINT (453962.6812165025 8451635.045054877),7809,Outbuilding,Masonry
POINT (453930.8262404754 8451754.933592606),15266,Outbuilding,Masonry
POINT (454144.50870195887 8451761.291558383),18395,Outbuilding,Masonry
POINT (454005.3333245064 8451484.535004653),19773,Residential,Masonry
POINT (454008.5960401601 8451472.914901787),18726,Residential,Masonry
POINT (453848.97293392767 8451876.647215635),16332,Residential,Masonry
POINT (453738.98084596836 8450918.418274455),4996,Outbuilding,Masonry
POINT (453879.08213152614 8451878.282305116),5153,Residential,Masonry
POINT (453578.2184914624 8450904.516884994),18479,Residential,Masonry
POINT (453716.02576729475 8450916.157734089),5516,Residential,Masonry
POINT (453573.0819075274 8450972.969412738),9400,Residential,Masonry
POINT (453708.44302811514 8450971.193465235),6810,Residential,Masonry
POINT (453733.68555116263 8450975.576606948),16018,Residential,Masonry
POINT (454041.3065216647 8451645.200323058),4417,Outbuilding,Masonry
POINT (453870.8403038062 8451609.432494594),4040,Outbuilding,Masonry
POINT (453879.30218748865 8451654.310086412),14034,Outbuilding,Masonry
POINT (453915.2945688196 8451708.737909192),8977,Outbuilding,Masonry
POINT (453909.8185066649 8451731.419809304),17019,Residential,Masonry
POINT (453902.2821144554 8451731.294750124),6172,Outbuilding,Masonry
POINT (453862.3489031865 8451803.177256832),7415,Residential,Masonry
POINT (453885.07041193737 8451707.84492849),1967,Outbuilding,Masonry
POINT (453870.44786788133 8451779.586410834),10185,Outbuilding,Masonry
POINT (453878.35481662105 8451778.864453152),7599,Outbuilding,Masonry
POINT (453861.28917399247 8451814.038820494),4305,Outbuilding,Masonry
POINT (453894.09213478793 8451834.552761672),12523,Outbuilding,Masonry
POINT (453875.5588533529 8451837.320368942),6232,Outbuilding,Masonry
POINT (453876.3784606821 8451831.43814522),4278,Outbuilding,Masonry
POINT (453892.1403937013 8451860.411232766),14001,Fale,Masonry
POINT (453903.96432786953 8451856.796148242),1063,Fale,Masonry
POINT (454105.38342949055 8451446.435124904),2719,Outbuilding,Timber
POINT (453861.0964853716 8452144.133987416),14765,,
POINT (453792.2579469484 8452184.936545419),4477,,
POINT (453846.78297235165 8452130.52640468),5261,,
POINT (453763.2383420834 8451966.577346195),13179,,
POINT (453742.474373307 8451964.708077071),796,,
POINT (453906.2621068748 8452054.271038145),13927,Religious,Masonry
POINT (453907.97647792235 8452144.107923176),9001,Outbuilding,Masonry
POINT (453956.3725035018 8452094.863151219),11748,Residential,Masonry
POINT (453902.8349676273 8452170.527508188),3361,Residential,Masonry
POINT (453867.6736915911 8452059.32501403),12470,Residential,Masonry
POINT (453961.8184610946 8451946.51096802),11332,Residential,Masonry
POINT (453952.50359086436 8452015.343153963),4544,Fale,Timber
POINT (453946.065287809 8451953.984732669),3271,Fale,Timber
POINT (453984.1439510366 8451901.723298214),11987,Residential,Masonry
POINT (454036.27576195565 8451910.082942119),1893,Residential,Masonry
POINT (454052.4066483008 8451908.984326411),1106,Fale,Timber
POINT (454071.8260962102 8451892.889605783),6462,Residential,Masonry
POINT (453992.5329084999 8452036.115751032),15415,Residential,Masonry
POINT (453885.61380996084 8451964.682601895),15765,Residential,Masonry
POINT (413646.50252687087 8451527.318711335),1118,Outbuilding,Masonry
POINT (413630.007776547 8451584.395406816),1120,Outbuilding,Masonry
POINT (413598.46031200286 8451563.52732233),1121,Outbuilding,Masonry
POINT (413617.372819764 8451579.085683992),1123,Outbuilding,Masonry
POINT (413558.67379156256 8451602.792382939),1124,Residential,Masonry
POINT (413555.9803716116 8451591.420418695),1125,Outbuilding,Masonry
POINT (413285.1325078019 8451385.635704972),1138,Outbuilding,Masonry
POINT (413360.39379240444 8451034.354347866),1139,Residential,Masonry
POINT (413317.24876815826 8451046.047855332),1140,Residential,Masonry
POINT (413261.4026890843 8451087.014222607),1141,Outbuilding,Masonry
POINT (413248.301616248 8451074.245688105),1142,Fale,Timber
POINT (413242.40104893385 8451087.00090749),1143,Outbuilding,Masonry
POINT (413153.1909690282 8451068.521765439),1144,Outbuilding,Masonry
POINT (413303.70386422577 8451450.431552015),1145,Outbuilding,Masonry
POINT (413647.53166300367 8451626.884719424),1194,Outbuilding,Masonry
POINT (413661.54865007155 8451624.405894713),1195,Outbuilding,Masonry
POINT (413663.30950473534 8451616.916739462),1196,Outbuilding,Masonry
POINT (413864.0396455439 8451618.723156134),1202,Fale,Masonry
POINT (412499.74901451444 8451692.195971224),1682,Outbuilding,Masonry
POINT (412670.88463960483 8451755.119376514),1684,Outbuilding,Masonry
POINT (412439.6873972237 8451316.890355945),1720,Fale,Masonry
POINT (414193.9638832483 8451286.812623203),987,Tourist Fale,Masonry
POINT (414196.7509037697 8451292.269440854),988,Tourist Fale,Masonry
POINT (414199.3588205448 8451297.785812445),989,Tourist Fale,Masonry
POINT (414202.29649594077 8451302.871387541),990,Tourist Fale,Masonry
POINT (414204.47116503323 8451308.35151883),991,Tourist Fale,Masonry
POINT (414555.17274625547 8451463.8187485),1001,Residential,Masonry
POINT (414549.07814257673 8451506.575687982),1002,Outbuilding,Masonry
POINT (414568.6842555768 8451550.29286609),1003,Outbuilding,Masonry
POINT (414511.28986594593 8451545.719269155),1004,Residential,Masonry
POINT (414509.87676564226 8451535.436013103),1005,Residential,Masonry
POINT (414506.7550280277 8451568.76185372),1006,Outbuilding,Masonry
POINT (414492.04024377203 8451561.304032218),1007,Outbuilding,Masonry
POINT (414462.3275833226 8451545.22440577),1008,Residential,Masonry
POINT (414444.07831711596 8451534.213866927),1009,Outbuilding,Masonry
POINT (414456.9827424011 8451529.962879537),1010,Fale,Masonry
POINT (414443.13399427594 8451468.191137215),1011,Outbuilding,Masonry
POINT (414361.2647455016 8451542.287778774),1020,Residential,Masonry
POINT (414678.0701544268 8451564.192872932),1039,Outbuilding,Masonry
POINT (414900.46051083057 8451632.08237161),1042,Residential,Masonry
POINT (414892.97131567914 8451617.043000098),1043,Residential,Masonry
POINT (414915.04948782007 8451610.069525922),1044,Outbuilding,Masonry
POINT (414868.9290925238 8451630.372656092),1045,Outbuilding,Masonry
POINT (414792.9513785328 8451627.084727388),1046,Outbuilding,Masonry
POINT (414827.4052489458 8451680.28173391),1047,Residential,Reinforced Concrete
POINT (414847.74287433893 8451703.516124472),1048,Outbuilding,Masonry
POINT (414694.81653851 8451637.19495357),1049,Residential,Masonry
POINT (414636.88653202413 8451629.224818261),1050,Residential,Masonry
POINT (414613.63546542416 8451626.348737251),1051,Residential,Masonry
POINT (414625.6407177208 8451649.369842615),1052,Outbuilding,Masonry
POINT (414578.6582461713 8451644.185180705),1053,Outbuilding,Masonry
POINT (414542.87188782834 8451650.073093357),1054,Outbuilding,Masonry
POINT (414523.8069083016 8451634.272024542),1055,Residential,Masonry
POINT (414462.9909231539 8451637.488023836),1056,Residential,Masonry
POINT (414461.7221360426 8451628.158676462),1057,Residential,Masonry
POINT (414455.05442691623 8451637.14300656),1058,Outbuilding,Masonry
POINT (414448.8547063635 8451638.979596978),1059,Outbuilding,Masonry
POINT (414454.0409322649 8451606.170534164),1060,Outbuilding,Masonry
POINT (414288.6623083181 8451639.561688745),1061,Residential,Masonry
POINT (414330.5481847333 8451604.08572199),1064,Residential,Masonry
POINT (414332.6384618366 8451616.681927342),1065,Outbuilding,Masonry
POINT (414358.3079742962 8451600.024155635),1066,Outbuilding,Masonry
POINT (414353.9538454816 8451587.55094459),1067,Outbuilding,Masonry
POINT (414508.7223521211 8451704.053398179),1068,Outbuilding,Masonry
POINT (414498.2166424933 8451712.715453917),1069,Outbuilding,Masonry
POINT (414595.7694413617 8451759.55933035),1070,Residential,Masonry
POINT (414577.7541020341 8451757.277131682),1071,Outbuilding,Masonry
POINT (414578.082711821 8451742.035777185),1072,Residential,Masonry
POINT (414645.8826526212 8451710.37774652),1073,Outbuilding,Masonry
POINT (414634.65921972675 8451820.160769315),1074,Outbuilding,Masonry
POINT (414611.8074770651 8451798.069567323),1075,Outbuilding,Masonry
POINT (414611.335587313 8451810.291000888),1076,Outbuilding,Masonry
POINT (414616.7514776126 8451845.339244276),1077,Fale,Timber
POINT (414661.3832399208 8451827.204755615),1078,Outbuilding,Masonry
POINT (414647.1668372537 8451836.105118556),1079,Outbuilding,Masonry
POINT (414657.8089793249 8451847.926776106),1080,Residential,Masonry
POINT (413712.23983435263 8461415.258668205),11638,,
POINT (413826.47621682216 8460736.721453067),3914,,
POINT (414085.0091442132 8461277.58995881),19931,,
POINT (415464.6456025769 8461705.85222228),13020,,
POINT (415511.10044869967 8461614.130528124),7633,,
POINT (414193.97150335804 8461415.858301902),8538,,
POINT (413891.16432172805 8460621.867946895),18360,,
POINT (415119.81616792054 8460981.995513642),13619,,
POINT (414017.5827569994 8460831.291613288),5672,,
POINT (415477.8331862732 8460993.86211649),16865,,
POINT (414773.146702071 8461466.880306214),18053,,
POINT (413806.4716629992 8461383.159385944),873,,
POINT (413856.60347865365 8461390.092396619),2170,,
POINT (415828.79273015086 8462583.928805517),14725,,
POINT (415800.6123878309 8462590.378947033),2905,,
POINT (415727.2685024833 8462076.10238979),5622,,
POINT (415777.9063155796 8462134.556283537),18747,,
POINT (415359.97879236523 8462036.569612468),2909,,
POINT (415634.34693496476 8462333.821492534),16345,,
POINT (415714.0649935336 8462640.883573651),4768,,
POINT (415570.7495868072 8462286.925187552),9611,,
POINT (415675.0155527569 8462130.500880565),10599,,
POINT (415789.3580455237 8462602.84679507),10721,,
POINT (415669.6273208379 8462354.017303474),12856,,
POINT (415740.91929689277 8462625.728760937),4224,,
POINT (415624.6495939154 8461880.524719339),3399,,
POINT (415424.1485698393 8462323.680836184),5971,,
POINT (415709.87645944057 8462134.660398964),8995,,
POINT (415545.05164847017 8461929.2000029),18032,,
POINT (415778.68711591995 8462497.558976717),16730,,
POINT (415727.77371024585 8462087.473791324),4282,,
POINT (415705.7508791542 8462079.96644675),16078,,
POINT (415746.3525271584 8462131.781931855),11971,,
POINT (415775.4730240106 8462115.582558736),14176,,
POINT (415770.0960321305 8462077.912438419),18190,,
POINT (415745.21558806626 8462116.03365778),13355,,
POINT (415708.7753678012 8462102.027991246),121,,
POINT (414688.9431718163 8451889.994644515),1081,Outbuilding,Masonry
POINT (414700.24543811067 8451804.575051887),1082,Residential,Masonry
POINT (414697.31586315256 8451791.6236361),1083,Outbuilding,Masonry
POINT (414749.97459704237 8451788.950395782),1084,Outbuilding,Masonry
POINT (414764.6165089632 8451822.924462555),1085,Residential,Masonry
POINT (414779.86503689986 8451806.601331849),1086,Outbuilding,Masonry
POINT (414663.5060630443 8451871.116193747),1087,Outbuilding,Masonry
POINT (414754.6430597145 8451898.504252076),1088,Fale,Masonry
POINT (414802.68019836646 8451903.639345217),1089,Residential,Masonry
POINT (414789.11395406595 8451883.644284837),1090,Outbuilding,Masonry
POINT (414819.86173728656 8451918.656113662),1091,Outbuilding,Masonry
POINT (414803.3848356135 8451947.730962211),1092,Residential,Masonry
POINT (414864.97866987356 8451901.316550272),1093,Outbuilding,Masonry
POINT (414830.7864781905 8451887.10368666),1094,Outbuilding,Masonry
POINT (414825.18692846934 8451966.551586071),1095,Outbuilding,Masonry
POINT (414848.2080115618 8451946.302868646),1096,Outbuilding,Masonry
POINT (414794.6871514939 8451975.20446873),1097,Fale,Masonry
POINT (414785.5025914471 8451979.849304035),1098,Fale,Masonry
POINT (414718.4390205104 8451990.942733759),1099,Outbuilding,Masonry
POINT (414753.52403809415 8452030.862634357),1100,Residential,Masonry
POINT (414759.755522207 8452039.237604985),1101,Outbuilding,Masonry
POINT (414827.78041918087 8452037.25460041),1102,Outbuilding,Masonry
POINT (414653.45209856017 8452060.074621305),1103,Residential,Masonry
POINT (414631.87855374336 8452051.285426397),1104,Outbuilding,Masonry
POINT (414709.475673755 8452063.750902979),1105,Outbuilding,Masonry
POINT (415277.7294324954 8452638.668652564),9080,,
POINT (415026.7367111296 8452986.923083447),15381,,
POINT (415051.1310935534 8452947.418384047),11228,,
POINT (415054.3580030987 8452883.078841759),18203,,
POINT (415410.4255926906 8453121.733654749),14429,,
POINT (415242.97605080355 8453123.880568387),5611,,
POINT (415265.9656567423 8452641.593298683),3227,,
POINT (415040.57657483703 8452996.962238345),3715,,
POINT (415273.92344448896 8452661.777492076),8512,,
POINT (414826.565850833 8451203.376702933),926,Commercial,Masonry
POINT (414816.45222201536 8451211.184049552),927,Commercial,Masonry
POINT (414804.49824167177 8451216.792483808),928,Commercial,Masonry
POINT (414828.9171978262 8451223.384169208),930,Commercial,Masonry
POINT (414469.5636582166 8451408.118152956),1000,Residential,Masonry
POINT (414308.36053421797 8451459.02566782),1013,Residential,Masonry
POINT (414330.69999134756 8451466.058287524),1014,Residential,Masonry
POINT (414339.1591458277 8451450.604728058),1015,Outbuilding,Masonry
POINT (414352.2977505697 8451483.520891424),1016,Residential,Masonry
POINT (414290.86810959084 8451533.19108832),1018,Residential,Masonry
POINT (414302.63300276594 8451528.466406912),1019,Residential,Masonry
POINT (414279.6352347227 8451611.49034033),1062,Residential,Masonry
POINT (414269.8723181641 8451591.9805856),1063,Residential,Masonry
POINT (414799.837358777 8451082.38285623),923,Hotel,Masonry
POINT (414806.5558762612 8451167.002102232),924,Hotel - not verified,Masonry
POINT (414734.2690687836 8451178.288964478),933,Tourist Fale,Timber
POINT (414728.4578551714 8451178.92039886),934,Tourist Fale,Timber
POINT (414722.73274770664 8451178.378293093),935,Tourist Fale,Timber
POINT (414624.019077141 8451216.56028155),936,Commercial,Masonry
POINT (414617.0206239148 8451176.313530233),937,Tourist Fale,Timber
POINT (414650.61738967296 8451195.67569834),938,Commercial,Masonry
POINT (414625.13914525014 8451175.76498754),939,Tourist Fale,Timber
POINT (414630.40655516775 8451175.30495946),940,Tourist Fale,Timber
POINT (414635.6151091553 8451175.798895583),941,Tourist Fale,Timber
POINT (414679.8740292416 8451175.611583712),942,Tourist Fale,Timber
POINT (414686.6712047068 8451177.77710768),943,Tourist Fale,Timber
POINT (414692.87607803027 8451177.564607786),944,Tourist Fale,Timber
POINT (414699.90953678096 8451177.80602992),945,Tourist Fale,Timber
POINT (414705.5480056196 8451178.407020358),946,Tourist Fale,Timber
POINT (414586.09990596847 8451172.553394793),947,Hotel,Masonry
POINT (414566.64564882533 8451175.467441581),948,Hotel,Masonry
POINT (414536.2980701342 8451182.88130448),949,Hotel,Masonry
POINT (414544.8323786118 8451209.962398672),950,Hotel,Masonry
POINT (414559.4923947893 8451211.069713164),951,Hotel,Masonry
POINT (414493.279230523 8451177.950342026),952,Hotel,Timber
POINT (414495.3550520788 8451192.927826056),953,Hotel,Timber
POINT (414514.142108153 8451194.49356832),954,Hotel,Timber
POINT (414493.11399345496 8451213.120550148),955,Hotel,Timber
POINT (414512.2690959768 8451243.13883954),956,Hotel,Timber
POINT (414515.157940924 8451221.934254909),957,Hotel,Masonry
POINT (414473.54616104794 8451234.49263567),958,Hotel,Masonry
POINT (414483.4949568797 8451265.165118327),959,Hotel,Masonry
POINT (414536.43711192213 8451275.456414519),960,Commercial,Masonry
POINT (414550.5071755286 8451289.444880305),961,Commercial,Masonry
POINT (414545.456490186 8451327.207382578),962,Commercial,Masonry
POINT (414472.0354804918 8451292.514245685),963,Hotel,Masonry
POINT (414442.4878530741 8451353.679667212),964,Commercial,Masonry
POINT (414434.9093839973 8451333.844817601),965,Commercial,Masonry
POINT (414428.6725174828 8451364.451518275),966,Commercial,Masonry
POINT (414420.68551878637 8451314.662205895),967,Hotel,Masonry
POINT (414428.13485762355 8451296.733238075),968,Hotel,Masonry
POINT (414430.0536346083 8451246.648037428),969,Hotel,Masonry
POINT (414460.17172376905 8451257.557490846),970,Hotel,Masonry
POINT (414403.04997605993 8451196.591511132),972,Tourist Fale,Timber
POINT (414377.6235814496 8451212.46638651),973,Commercial,Masonry
POINT (414371.97569477913 8451190.759257179),974,Tourist Fale,Timber
POINT (414355.5501849889 8451188.183643386),975,Tourist Fale,Timber
POINT (414337.7832810285 8451187.604664065),976,Tourist Fale,Timber
POINT (414325.55499806156 8451185.930326443),977,Tourist Fale,Timber
POINT (414314.38180488336 8451184.598772807),978,Tourist Fale,Timber
POINT (414302.84332304366 8451183.654634984),979,Tourist Fale,Timber
POINT (414280.0675448934 8451126.733772695),980,Tourist Fale,Timber
POINT (414353.62871118746 8451278.081032539),986,Hotel,Masonry
POINT (414241.27923372557 8451308.454268306),992,Tourist Fale,Masonry
POINT (414237.6985794804 8451312.858474432),993,Tourist Fale,Masonry
POINT (414232.74096129334 8451316.588326316),994,Tourist Fale,Masonry
POINT (414228.84337608604 8451321.227206793),995,Tourist Fale,Masonry
POINT (414253.122495145 8451326.605244476),996,Residential,Masonry
POINT (414223.8539021856 8451324.575084368),997,Tourist Fale,Masonry
POINT (414228.6451953703 8451348.256516345),998,Hotel,Masonry
POINT (414219.5157782573 8451329.205185097),999,Tourist Fale,Masonry
POINT (414280.3629913575 8451453.306256263),1012,Outbuilding,Masonry
POINT (414262.0085092715 8451536.153442636),1017,Residential,Masonry
POINT (417966.4843362024 8451010.532175854),53,Residential,Masonry
POINT (417963.0103210088 8451025.690653855),54,Residential,Masonry
POINT (417937.88661871915 8451019.395971043),55,Residential,Masonry
POINT (417910.264221206 8451019.305881042),56,Residential,Masonry
POINT (417891.2704176632 8451027.991956716),57,Residential,Masonry
POINT (417861.04739225266 8451029.04938148),58,Residential,Masonry
POINT (417804.3375684011 8451031.218540434),59,Residential,Masonry
POINT (417783.02300100104 8451024.389387729),60,Outbuilding,Masonry
POINT (417797.000771482 8451057.971705593),61,Outbuilding,Masonry
POINT (417760.2079098357 8451035.8737198),62,Residential,Masonry
POINT (417737.0091069282 8451042.013534773),63,Residential,Masonry
POINT (417688.4182050799 8451032.269287344),64,Outbuilding,Masonry
POINT (417642.0650606181 8451073.610357434),65,Residential,Masonry
POINT (417621.3491604629 8451084.33565815),66,Residential,Masonry
POINT (417608.86145201215 8451045.77780897),67,Outbuilding,Masonry
POINT (417606.4565358201 8450984.730696693),68,Outbuilding,Masonry
POINT (417500.6516042585 8451088.77356401),69,Residential,Masonry
POINT (417293.76192064234 8451181.722506084),70,Residential,Masonry
POINT (417295.184518991 8451164.934514958),71,Outbuilding,Masonry
POINT (417269.88481076865 8451160.227404725),72,Residential,Masonry
POINT (417269.74838454503 8451170.366305033),73,Outbuilding,Masonry
POINT (417119.56850156735 8451632.45994907),74,Residential,Masonry
POINT (417111.56380064 8451615.547647994),75,Outbuilding,Masonry
POINT (417318.6358105021 8451642.890051372),76,Residential,Masonry
POINT (417311.3039917799 8451628.184566861),77,Outbuilding,Masonry
POINT (417387.2118331604 8451627.736275429),78,Residential,Masonry
POINT (417368.6408679607 8451601.394126382),79,Outbuilding,Masonry
POINT (417299.5493388682 8451503.24631271),80,Residential,Masonry
POINT (417307.90008215123 8451430.047995295),81,Residential,Masonry
POINT (417171.93187674996 8451290.334195508),82,Residential,Masonry
POINT (417176.1323438451 8451303.926537486),83,Outbuilding,Masonry
POINT (417154.98018241307 8451313.122323213),84,Outbuilding,Masonry
POINT (417119.9435948937 8451132.346416127),85,Residential,Masonry
POINT (417146.9546080174 8451102.064778833),86,Residential,Masonry
POINT (417187.3656734 8451058.499612994),87,Outbuilding,Masonry
POINT (417289.9522535824 8451068.104230983),88,Residential,Masonry
POINT (417303.54350554926 8451057.540189547),89,Outbuilding,Masonry
POINT (417450.3496859776 8451034.297836801),90,Residential,Masonry
POINT (417459.61747057614 8451018.175944593),91,Outbuilding,Masonry
POINT (417661.2635800483 8450972.374560822),92,Residential,Masonry
POINT (417672.61959231447 8450981.830700295),93,Outbuilding,Masonry
POINT (417671.5616474531 8450963.171177877),94,Outbuilding,Masonry
POINT (417740.4081307417 8450953.042138863),95,Outbuilding,Masonry
POINT (417752.9813960404 8450948.880656267),96,Outbuilding,Masonry
POINT (417809.23764321144 8450936.86802115),97,Residential,Masonry
POINT (417839.92530288897 8450952.278769718),98,Residential,Masonry
POINT (417836.1716843456 8450975.306640023),99,Residential,Masonry
POINT (417850.63090311433 8450972.803759038),100,Residential,Masonry
POINT (417872.82753086725 8450965.232909905),101,Outbuilding,Masonry
POINT (417867.6766344389 8450956.44604074),102,Outbuilding,Masonry
POINT (417951.16975963884 8450957.472898323),103,Outbuilding,Masonry
POINT (417975.76504482963 8450945.136264307),104,Residential,Masonry
POINT (417962.3883227611 8450929.693555487),105,Residential,Masonry
POINT (415315.6094645483 8451876.227156438),144,Residential,Masonry
POINT (415342.67567843455 8451867.640232088),145,Outbuilding,Masonry
POINT (415293.1961232877 8451809.493002638),146,Outbuilding,Masonry
POINT (415271.77970989083 8451696.568328094),147,Outbuilding,Masonry
POINT (415261.4533973309 8451710.460921073),148,Outbuilding,Masonry
POINT (415239.39373462327 8451570.4619646),149,Outbuilding,Masonry
POINT (415253.47797527956 8451583.752175262),150,Outbuilding,Masonry
POINT (415318.03341020003 8451527.016632678),151,Residential,Masonry
POINT (415326.0617425388 8451534.231032185),152,Residential,Masonry
POINT (415332.41374600615 8451514.851245359),153,Residential,Masonry
POINT (415319.6398739269 8451500.297058614),154,Outbuilding,Masonry
POINT (415440.0514825631 8451498.973773452),155,Residential,Masonry
POINT (415546.06258269673 8451464.891164027),156,Residential,Masonry
POINT (415569.4102969432 8451466.826436415),157,Residential,Masonry
POINT (415590.76656039775 8451438.675794138),158,Residential,Masonry
POINT (415645.75951758464 8451432.429846954),159,Residential,Masonry
POINT (415665.1246762431 8451426.238464218),160,Residential,Masonry
POINT (415674.41559801117 8451441.698624074),161,Residential,Masonry
POINT (415731.2785204101 8451410.693434328),162,Residential,Masonry
POINT (415746.5286224739 8451420.077288514),163,Outbuilding,Masonry
POINT (415753.1039982778 8451403.617129253),164,Residential,Masonry
POINT (415754.11028452206 8451429.39592398),165,Outbuilding,Masonry
POINT (415831.81747356063 8451403.365141083),166,Residential,Masonry
POINT (415849.7348864502 8451517.844806243),167,Outbuilding,Masonry
POINT (415879.4878376374 8451680.55810968),168,Outbuilding,Masonry
POINT (415871.72587266436 8451695.494270446),169,Residential,Masonry
POINT (415688.9649630896 8451641.316398803),170,Residential,Masonry
POINT (415737.3105264969 8451765.647593055),171,Outbuilding,Masonry
POINT (415355.16928323987 8451428.750346256),172,Residential,Masonry
POINT (415369.6531213431 8451420.525796149),173,Outbuilding,Masonry
POINT (415307.22348043654 8451446.739494486),174,Residential,Masonry
POINT (415288.904420286 8451467.02080442),175,Residential,Masonry
POINT (415259.3399006853 8451472.580557816),176,Outbuilding,Masonry
POINT (415234.606503007 8451496.07167715),177,Residential,Masonry
POINT (415168.1570882252 8451504.971827617),178,Residential,Masonry
POINT (415191.07680879964 8451472.736319343),179,Residential,Masonry
POINT (415269.68797811685 8451313.480524905),180,Residential,Masonry
POINT (415266.71449917415 8451301.59324674),181,Outbuilding,Masonry
POINT (415184.09588843933 8451245.500628794),182,Residential,Masonry
POINT (415199.38872844464 8451243.088609517),183,Outbuilding,Masonry
POINT (415181.4026286371 8451146.197355876),184,Residential,Masonry
POINT (415205.02764258365 8451171.399500862),185,Fale,Timber
POINT (415195.2708662819 8451148.495438354),186,Outbuilding,Masonry
POINT (415196.04391404014 8451137.695441145),187,Outbuilding,Masonry
POINT (415712.47058112046 8451343.24642332),188,Residential,Masonry
POINT (415458.4019132244 8451351.291478422),189,Outbuilding,Masonry
POINT (415385.5581870693 8451155.366373977),190,Outbuilding,Masonry
POINT (415811.1222680776 8451094.280395182),244,Outbuilding,Masonry
POINT (415814.5084044665 8451139.460137354),245,Residential,Masonry
POINT (415828.38977326866 8451166.153984465),246,Residential,Masonry
POINT (415810.2584135042 8451163.472305698),247,Outbuilding,Masonry
POINT (415868.38156396 8451090.986988537),290,Fale,Masonry
POINT (416046.45042297646 8451135.489480143),298,Outbuilding,Masonry
POINT (416101.2790349869 8451160.490455523),299,Outbuilding,Masonry
POINT (416095.5343181029 8451183.607378442),300,Residential,Masonry
POINT (416079.66730646096 8451187.22429635),301,Residential,Masonry
POINT (415914.31765150133 8451299.651614381),302,Residential,Masonry
POINT (415927.63737402577 8451277.346544709),303,Outbuilding,Masonry
POINT (415948.11677098763 8451218.984592289),304,Residential,Masonry
POINT (415972.5039869206 8451194.95995135),305,Outbuilding,Masonry
POINT (415975.3150803678 8451178.127473515),306,Outbuilding,Masonry
POINT (416011.4105580601 8451220.00088247),307,Residential,Masonry
POINT (416121.6618428494 8451252.323628549),308,Residential,Masonry
POINT (416094.53852357215 8451272.239635227),309,Outbuilding,Masonry
POINT (416105.0884753418 8451249.812288953),310,Outbuilding,Masonry
POINT (415930.7251725603 8451480.394682568),311,Residential,Masonry
POINT (415923.4639236322 8451343.269939275),312,Residential,Masonry
POINT (417017.3445142572 8451226.811940465),313,Outbuilding,Masonry
POINT (416997.8389984949 8451223.770126875),314,Outbuilding,Masonry
POINT (417018.87617203046 8451241.638271753),315,Outbuilding,Masonry
POINT (416013.6748782042 8451327.346743712),316,Residential,Masonry
POINT (416058.56881060236 8451361.06644789),317,Outbuilding,Masonry
POINT (416100.51174516336 8451326.731403982),318,Residential,Masonry
POINT (416087.212990514 8451335.661540385),319,Outbuilding,Masonry
POINT (416149.2821188722 8451380.787243027),320,Residential,Masonry
POINT (416547.80446240684 8451042.96044136),324,Residential,Masonry
POINT (416568.5656108942 8451132.488090016),325,Residential,Masonry
POINT (416271.9574962781 8451103.574519942),327,Residential,Masonry
POINT (416334.14399381884 8451148.28789436),328,Residential,Masonry
POINT (416347.7410443679 8451138.32905618),329,Outbuilding,Masonry
POINT (416359.8331058518 8451151.339984534),330,Outbuilding,Masonry
POINT (416177.2147403196 8451257.140481567),331,Residential,Masonry
POINT (416235.2722793366 8451274.64622386),332,Residential,Masonry
POINT (416264.60764601413 8451276.762615662),333,Residential,Masonry
POINT (416264.30260935036 8451253.97663706),334,Residential,Masonry
POINT (416256.3173746784 8451242.877102802),335,Outbuilding,Masonry
POINT (416282.75018371665 8451276.262436375),336,Residential,Masonry
POINT (416282.11971855024 8451261.313917127),337,Outbuilding,Masonry
POINT (416276.9012820799 8451247.54160758),338,Fale,Masonry
POINT (416337.8390777264 8451220.066386258),339,Outbuilding,Masonry
POINT (416349.96004558506 8451273.253715634),340,Outbuilding,Masonry
POINT (416341.38964548794 8451266.610127386),341,Outbuilding,Masonry
POINT (416338.15563182556 8451277.490955057),342,Outbuilding,Masonry
POINT (416321.939116891 8451269.922635833),343,Residential,Masonry
POINT (416342.1358447773 8451284.448797058),344,Outbuilding,Masonry
POINT (416350.8920984326 8451279.641880846),345,Outbuilding,Masonry
POINT (416309.71327689243 8451280.106859174),346,Outbuilding,Masonry
POINT (416438.7670927522 8451247.085734038),347,Residential,Masonry
POINT (416477.6598511117 8451245.7527054),348,Residential,Masonry
POINT (416474.7497831671 8451264.211477097),349,Residential,Masonry
POINT (416491.5913136741 8451261.175206214),350,Residential,Masonry
POINT (416509.2872036866 8451255.56251434),351,Outbuilding,Masonry
POINT (416501.27459030814 8451235.55529526),352,Residential,Masonry
POINT (416496.1704642278 8451214.896241384),353,Outbuilding,Masonry
POINT (416510.70936392085 8451208.572193455),354,Outbuilding,Masonry
POINT (416519.447158298 8451235.349940062),355,Residential,Masonry
POINT (416545.94243632664 8451190.23818659),356,Residential,Masonry
POINT (416549.4730864802 8451222.464175604),357,Residential,Masonry
POINT (416486.10015641444 8451186.817623049),358,Outbuilding,Masonry
POINT (416499.58695838763 8451167.964494724),359,Outbuilding,Masonry
POINT (416619.3531240815 8451221.387002172),360,Residential,Masonry
POINT (416610.9136186819 8451197.130806196),361,Outbuilding,Masonry
POINT (416654.4530774701 8451173.746984767),362,Outbuilding,Masonry
POINT (416663.47659776773 8451202.741755595),363,Residential,Masonry
POINT (416686.75369876303 8451210.014079526),364,Residential,Masonry
POINT (416668.096086808 8451228.992594494),365,Residential,Masonry
POINT (416710.06795072084 8451218.457652867),366,Outbuilding,Masonry
POINT (416738.64523642533 8451166.868508099),367,Residential,Masonry
POINT (416767.7405077183 8451180.358497502),368,Residential,Masonry
POINT (416962.0883618799 8451156.874843443),369,Outbuilding,Masonry
POINT (416889.3476964326 8451163.601317082),370,Residential,Masonry
POINT (416821.9131277785 8451174.246204318),371,Outbuilding,Masonry
POINT (416815.45689153136 8451156.426598804),372,Outbuilding,Masonry
POINT (416983.7308704395 8451280.5847524),373,Outbuilding,Masonry
POINT (416944.20602905715 8451288.228739683),374,Residential,Masonry
POINT (416927.62604224216 8451274.322422754),375,Residential,Masonry
POINT (416937.3967169805 8451254.929988677),376,Residential,Masonry
POINT (416850.3019569778 8451248.260906024),377,Residential,Masonry
POINT (416869.0632923862 8451250.590063168),378,Outbuilding,Masonry
POINT (416819.0765256273 8451274.849570362),379,Residential,Masonry
POINT (416799.120279088 8451272.414283754),380,Outbuilding,Masonry
POINT (416643.6996627872 8451305.839818088),381,Residential,Masonry
POINT (416588.16357582225 8451346.445888963),382,Outbuilding,Masonry
POINT (416491.5515591583 8451323.97624078),383,Outbuilding,Masonry
POINT (416537.4086301949 8451322.613306947),384,Outbuilding,Masonry
POINT (416517.58252510394 8451368.067029834),385,Outbuilding,Masonry
POINT (416443.9292829593 8451446.685023604),386,Residential,Masonry
POINT (416456.04496443755 8451447.32787363),387,Outbuilding,Masonry
POINT (416442.8963573163 8451429.874413222),388,Outbuilding,Masonry
POINT (416511.30332532176 8451637.676593514),389,Outbuilding,Masonry
POINT (416511.9313762419 8451655.61063722),390,Outbuilding,Masonry
POINT (416389.16370437096 8451668.241545696),391,Outbuilding,Masonry
POINT (416395.3449383393 8451686.220293947),392,Residential,Masonry
POINT (416380.06998738664 8451681.531755382),393,Outbuilding,Masonry
POINT (416361.54562832223 8451601.12213626),394,Residential,Masonry
POINT (416368.68416845624 8451616.09928072),395,Fale,Masonry
POINT (416357.09919007303 8451590.723528633),396,Outbuilding,Masonry
POINT (416356.1455849806 8451580.248990513),397,Outbuilding,Masonry
POINT (416343.37756645354 8451589.085047452),398,Outbuilding,Masonry
POINT (416336.1996223005 8451615.25128731),399,Outbuilding,Masonry
POINT (416243.82086525485 8451644.481366754),400,Residential,Masonry
POINT (416258.44052070385 8451681.154637722),401,Residential,Masonry
POINT (416235.79142072937 8451669.641688006),402,Residential,Masonry
POINT (416244.3737883653 8451691.769147478),403,Outbuilding,Masonry
POINT (416232.5424142577 8451684.628023993),404,Fale,Timber
POINT (416219.677671635 8451686.000935918),405,Outbuilding,Masonry
POINT (416313.3147883107 8451482.54991667),406,Residential,Masonry
POINT (416299.7827914189 8451476.85997578),407,Outbuilding,Masonry
POINT (416214.8214405411 8451430.207998663),408,Residential,Masonry
POINT (416223.0382979288 8451409.522628073),409,Outbuilding,Masonry
POINT (416211.5085647242 8451392.475050796),410,Residential,Masonry
POINT (416232.1665969134 8451378.802369237),411,Outbuilding,Masonry
POINT (416249.50501695933 8451414.435675714),412,Outbuilding,Masonry
POINT (416250.9944796571 8451401.533958325),413,Outbuilding,Masonry
POINT (416212.93186314555 8451354.425433122),414,Fale,Masonry
POINT (416243.93624560675 8451338.061291428),415,Residential,Masonry
POINT (416254.8804771543 8451349.541134883),416,Residential,Masonry
POINT (416264.09209099726 8451365.06297444),417,Outbuilding,Masonry
POINT (416281.39180434385 8451399.277795862),418,Outbuilding,Masonry
POINT (416295.7985384264 8451346.555266796),419,Residential,Masonry
POINT (416337.329580644 8451335.988337988),420,Residential,Masonry
POINT (416344.71626905445 8451331.752215346),421,Outbuilding,Masonry
POINT (416353.73705872963 8451345.328366375),422,Residential,Masonry
POINT (416373.3801266115 8451338.288044848),423,Residential,Masonry
POINT (416364.7515160471 8451355.414085403),424,Outbuilding,Masonry
POINT (416378.0151197743 8451354.276797814),425,Outbuilding,Masonry
POINT (416373.8598246604 8451372.844914515),426,Outbuilding,Masonry
POINT (416386.6630425904 8451345.257705104),427,Outbuilding,Masonry
POINT (415125.7600202446 8451078.75315121),893,Residential,Masonry
POINT (415120.6651463068 8451225.668311527),894,Residential,Masonry
POINT (415042.0256736678 8451105.80657515),896,Commercial,Masonry
POINT (414834.6478356588 8451193.244671796),925,Commercial,Masonry
POINT (414840.7034869889 8451213.58715197),929,Commercial,Masonry
POINT (414850.4793522371 8451228.10945597),931,Commercial,Masonry
POINT (414851.88070621656 8451243.658021007),932,Commercial,Masonry
POINT (415119.65326882055 8451262.018157994),1021,Outbuilding,Masonry
POINT (415114.8966758525 8451247.318040293),1022,Outbuilding,Masonry
POINT (415113.4173862146 8451255.28156488),1023,Outbuilding,Masonry
POINT (415083.6063275335 8451508.096234078),1024,Residential,Masonry
POINT (415078.9154458505 8451492.04934411),1025,Outbuilding,Masonry
POINT (415177.2244772254 8451689.416801268),1026,Residential,Masonry
POINT (415197.42639736726 8451702.589781012),1027,Residential,Masonry
POINT (415184.7100335267 8451705.600688718),1028,Residential,Masonry
POINT (415198.8913195237 8451714.135403182),1029,Outbuilding,Masonry
POINT (415160.7493964158 8451809.44764605),1030,Residential,Masonry
POINT (415163.05967527436 8451821.312539719),1031,Residential,Masonry
POINT (415169.8950732541 8451830.30603096),1032,Residential,Masonry
POINT (415177.1493118685 8451844.181746444),1033,Residential,Masonry
POINT (415137.61761232803 8451876.96300903),1034,Outbuilding,Masonry
POINT (414958.5561803268 8451512.022323791),1035,Outbuilding,Masonry
POINT (415033.8500219431 8451537.33133377),1036,Residential,Masonry
POINT (415037.1935665984 8451526.43784802),1037,Fale,Masonry
POINT (415010.28825634526 8451537.055640103),1038,Outbuilding,Masonry
POINT (415043.27828151576 8451608.817537816),1040,Residential,Masonry
POINT (415032.04071209254 8451622.145875128),1041,Outbuilding,Masonry
POINT (417132.73199776857 8452394.422517473),17903,,
POINT (417159.7102626047 8458142.351077527),14841,,
POINT (415406.3270045113 8451110.193471013),191,Residential,Masonry
POINT (415435.21754046663 8451110.683402916),192,Residential,Masonry
POINT (415414.7365068799 8451122.284926873),193,Outbuilding,Masonry
POINT (415157.5720827122 8450927.082696538),194,Residential,Masonry
POINT (415195.053430512 8450973.242374344),207,Residential,Masonry
POINT (415207.2241503126 8450975.711596742),208,Outbuilding,Masonry
POINT (415345.50333481445 8450946.823046952),212,Residential,Masonry
POINT (415349.41796447354 8450970.743064638),213,Outbuilding,Masonry
POINT (415361.2748891418 8450957.560227862),214,Residential,Masonry
POINT (415361.90600176685 8450983.138284177),215,Outbuilding,Masonry
POINT (415638.31152586703 8450933.864355199),231,Outbuilding,Masonry
POINT (415711.1755184116 8450984.153392937),237,Outbuilding,Masonry
POINT (415801.62362134276 8451006.581071459),241,Residential,Masonry
POINT (415790.55022382416 8451012.334776113),242,Outbuilding,Masonry
POINT (415780.59078879515 8451001.70034795),243,Outbuilding,Masonry
POINT (415909.39694311214 8450896.310061298),277,Residential,Masonry
POINT (415909.77984908514 8450917.79423442),278,Outbuilding,Masonry
POINT (415951.37193001714 8450889.648305051),282,Residential,Masonry
POINT (416006.29294992593 8450942.776436044),286,Residential,Masonry
POINT (416024.4594878764 8450995.783531561),287,Outbuilding,Masonry
POINT (415857.5112483901 8450985.746243365),288,Residential,Masonry
POINT (415872.88280962425 8450985.798013344),289,Outbuilding,Masonry
POINT (415898.8474186287 8451085.46540647),291,Residential,Masonry
POINT (415894.89066529216 8451063.989000151),292,Residential,Masonry
POINT (415931.66485957574 8451076.871458504),293,Outbuilding,Masonry
POINT (416032.3105676267 8451060.478007747),294,Residential,Masonry
POINT (416049.61774143577 8451056.372982193),295,Residential,Masonry
POINT (416112.5278158544 8451044.920330444),296,Residential,Masonry
POINT (416108.94945142034 8451068.436640278),297,Outbuilding,Masonry
POINT (416517.4754535777 8450840.592156766),321,Residential,Masonry
POINT (416536.6812506262 8450842.443032643),322,Residential,Masonry
POINT (416509.73433140607 8450970.487977777),323,Outbuilding,Masonry
POINT (416241.3016283029 8451055.575267771),326,Residential,Masonry
POINT (415043.3370784534 8451059.888211248),895,Commercial,Masonry
POINT (415016.99948846386 8451122.276106033),897,Commercial,Masonry
POINT (415015.2119980848 8451105.547179118),898,Commercial,Masonry
POINT (414994.3929590579 8451125.562466308),901,Commercial,Masonry
POINT (414931.56406024756 8451141.327284923),913,Commercial,Masonry
POINT (414917.006980723 8451144.73729246),915,Commercial,Masonry
POINT (414903.5828596954 8451147.447677929),916,Commercial,Masonry
POINT (414979.3255003203 8451155.727005932),920,Commercial,Masonry
POINT (414958.5895275337 8451173.927367633),921,Hotel,Masonry
POINT (414873.2435491268 8451198.389480792),922,Commercial,Masonry
POINT (415205.3074200904 8450910.94497272),195,Residential,Masonry
POINT (415225.3234528626 8450898.559528802),196,Residential,Masonry
POINT (415209.36110328155 8450885.439019695),197,Outbuilding,Masonry
POINT (415250.0291573092 8450899.90370023),198,Residential,Masonry
POINT (415244.6726247724 8450885.12426593),199,Residential,Masonry
POINT (415271.0784156106 8450891.95191652),200,Residential,Masonry
POINT (415260.6167734603 8450875.58492179),201,Outbuilding,Masonry
POINT (415298.0121797766 8450891.744814653),202,Residential,Masonry
POINT (415319.160632734 8450874.952100258),203,Residential,Masonry
POINT (415326.71790351166 8450891.770001788),204,Outbuilding,Masonry
POINT (415337.7762925916 8450887.628083484),205,Residential,Masonry
POINT (415331.2883433731 8450873.256173795),206,Outbuilding,Masonry
POINT (415255.62417437864 8450957.460876204),209,Residential,Masonry
POINT (415315.9479136278 8450952.994737055),210,Residential,Masonry
POINT (415293.7091603907 8450956.116806092),211,Religious,Reinforced Concrete
POINT (415364.984603801 8450920.247435153),216,Outbuilding,Masonry
POINT (415381.6490017966 8450944.114197044),217,Residential,Masonry
POINT (415403.0149917583 8450950.279500257),218,Residential,Masonry
POINT (415424.1804031526 8450963.016156679),219,Residential,Masonry
POINT (415464.2218575228 8450949.06701576),220,Religious - not verified,Masonry
POINT (415521.29490039137 8451014.511977028),221,Residential,Masonry
POINT (415511.15001806844 8450944.47018872),222,Residential,Masonry
POINT (415555.68992155825 8450937.68069261),223,Residential,Masonry
POINT (415558.77964090614 8450918.516313024),224,Residential,Masonry
POINT (415567.64916714706 8450934.755105272),225,Residential,Masonry
POINT (415585.4558667496 8450927.217449764),226,Residential,Masonry
POINT (415609.9249650491 8450929.722366974),227,Religious - not verified,Masonry
POINT (415570.4495543892 8450960.316399893),228,Outbuilding,Masonry
POINT (415587.98078045185 8450958.352979183),229,Outbuilding,Masonry
POINT (415643.75581009086 8450913.748246543),230,Residential,Masonry
POINT (415647.83646644175 8450924.759574171),232,Outbuilding,Masonry
POINT (415671.77595546417 8450922.546896197),233,Residential,Masonry
POINT (415676.66669610137 8450893.091604235),234,Residential,Masonry
POINT (415697.12071048754 8450933.914060634),235,Outbuilding,Masonry
POINT (415698.95767562103 8450943.045576872),236,Outbuilding,Masonry
POINT (415747.8382312977 8450908.428768417),238,Residential,Masonry
POINT (415768.70983965823 8450910.276867922),239,Residential,Masonry
POINT (415786.53878545505 8450952.621520882),240,Residential,Masonry
POINT (415507.58180698747 8450881.213271273),248,Residential,Masonry
POINT (415519.9445189509 8450880.378700573),249,Outbuilding,Masonry
POINT (415604.65958483465 8450857.89178021),250,Residential,Masonry
POINT (415622.8338474577 8450849.967900485),251,Residential,Masonry
POINT (415685.9445813064 8450824.571065858),252,Residential,Masonry
POINT (415686.2235589663 8450807.793393176),253,Outbuilding,Masonry
POINT (415719.4907388767 8450843.50333444),254,Outbuilding,Masonry
POINT (415732.83066159 8450842.60995449),255,Residential,Masonry
POINT (415794.3179952621 8450785.984403893),256,Residential,Masonry
POINT (415817.86001229583 8450724.555365585),257,Residential,Masonry
POINT (415775.71040037874 8450716.219188802),258,Outbuilding,Masonry
POINT (415789.37835380295 8450730.99820044),259,Outbuilding,Masonry
POINT (415811.11555160553 8450712.177190624),260,Residential,Masonry
POINT (415873.09164646966 8450748.433096254),261,Commercial - not verified,Masonry
POINT (415852.5226347301 8450789.139634138),262,Community - not verified,Masonry
POINT (415901.8560201851 8450780.113421598),263,Residential,Masonry
POINT (415913.65132372093 8450795.631445168),264,Residential,Masonry
POINT (415939.10685994435 8450802.046902679),265,Residential,Masonry
POINT (415926.05058618105 8450818.576768417),266,Residential,Masonry
POINT (415867.91890113015 8450808.619325524),267,Residential,Masonry
POINT (415888.9280103639 8450822.684841169),268,Residential,Masonry
POINT (415873.22487227985 8450826.82806549),269,Residential,Masonry
POINT (415872.6497712406 8450817.776284913),270,Outbuilding,Masonry
POINT (415873.20172055427 8450836.260937896),271,Outbuilding,Masonry
POINT (416026.6783970322 8450845.801849985),272,Religious,Masonry
POINT (416066.32583048835 8450834.241248788),273,Religious,Masonry
POINT (416064.58464853757 8450848.540343897),274,Outbuilding,Masonry
POINT (415844.1429710354 8450889.469875265),275,Residential,Masonry
POINT (415842.85188889585 8450912.432977201),276,Residential,Masonry
POINT (415925.22578577494 8450865.781829538),279,Residential,Masonry
POINT (415917.1616742473 8450855.397589888),280,Outbuilding,Masonry
POINT (415945.04412177886 8450862.601441417),281,Residential,Masonry
POINT (415983.88395725255 8450889.384872504),283,Residential,Masonry
POINT (416016.3596329242 8450901.068823036),284,Residential,Masonry
POINT (415989.36240023165 8450916.479271619),285,Residential,Masonry
POINT (414986.7243255299 8451071.200024825),899,Commercial,Masonry
POINT (414974.5331323158 8451080.702407442),900,Commercial,Masonry
POINT (415020.58949676005 8451020.849904338),902,Tourist Fale,Timber
POINT (415008.87752684526 8451027.912538232),903,Tourist Fale,Timber
POINT (414993.7382150159 8451035.286523364),904,Tourist Fale,Timber
POINT (414977.88819620234 8451045.243564164),905,Tourist Fale,Timber
POINT (414965.2029418737 8451054.252490541),906,Tourist Fale,Timber
POINT (414951.5387164078 8451080.459981905),907,Commercial,Masonry
POINT (414945.1631803753 8451099.002622362),908,Commercial,Masonry
POINT (414953.05844962766 8451113.852843912),909,Commercial,Masonry
POINT (414927.42500725103 8451113.523625476),910,Commercial,Masonry
POINT (414947.46936222626 8451124.641258974),911,Commercial,Masonry
POINT (414936.23844229133 8451126.1658988),912,Commercial,Masonry
POINT (414915.8076272323 8451120.725389682),914,Commercial,Masonry
POINT (414859.08157779876 8451137.347979039),917,Community,Masonry
POINT (414846.1205980912 8451157.026452031),918,Community,Masonry
POINT (414872.47917261685 8451169.66788087),919,Commercial,Masonry
POINT (416121.1624460096 8453203.748075096),15493,,
POINT (415912.31729202275 8452653.41676593),2458,,
POINT (415959.6923419389 8452926.831376651),3769,,
POINT (416109.3936257072 8453174.722210525),9315,,
POINT (415939.09897981613 8452742.898900732),350,,
POINT (415937.9070366417 8452788.028921993),16040,,
POINT (415925.5961135099 8452741.549698714),288,,
POINT (416101.0814403297 8453229.477651699),2745,,
POINT (416388.30469911854 8454313.263509238),17082,,
POINT (416308.53182628064 8454694.216531271),15993,,
POINT (416336.32368441724 8454092.228880556),18348,,
POINT (416193.01842115336 8455081.591586279),6307,,
POINT (416311.1721250407 8454660.902572595),433,,
POINT (416297.5188808032 8453950.931310233),4200,,
POINT (416221.67746032117 8455077.64956184),1009,,
POINT (416185.32520793815 8456404.432754327),16240,,
POINT (416256.2730314593 8455072.24595564),5028,,
POINT (416223.18712382484 8456398.432918934),2379,,
POINT (416309.5887337429 8453982.147838935),13010,,
POINT (415855.10618336673 8452158.909560164),19550,,
POINT (415846.1295353507 8452170.936005197),2151,,
POINT (415833.02780912706 8452166.380194927),12207,,
POINT (415644.4002516548 8452142.98509918),16046,,
POINT (415548.1802113903 8452853.63711632),3196,,
POINT (415610.1871872833 8452941.354374574),14329,,
POINT (415842.228006237 8452091.387427883),16865,,
POINT (416224.77891966 8458104.079277828),620,,
POINT (416262.4529009693 8458269.733190335),6311,,
POINT (416072.2311764126 8458103.763634037),8009,,
POINT (416038.0498706997 8457911.08894806),7340,,
POINT (416451.5710147498 8456732.73872956),2796,,
POINT (416310.72493324097 8458401.56060831),9753,,
POINT (416162.431569041 8459457.823220927),7108,,
POINT (416211.84874302935 8458882.13016265),11405,,
POINT (416151.6362414914 8459459.14951183),12056,,
POINT (416133.42100617266 8459469.223788526),19648,,
POINT (416396.08318655 8458575.26551758),8409,,
POINT (415968.3133622369 8459111.892567098),18344,,
POINT (415869.1313115074 8458921.913752377),19849,,
POINT (416374.6621959934 8458682.167588338),14560,,
POINT (416363.9686090423 8458676.818220599),13492,,
POINT (416366.6284473529 8458598.615883129),8295,,
POINT (416331.8792733985 8458402.94863514),7558,,
POINT (415993.96788151667 8457817.341170836),9573,,
POINT (417903.49115531065 8449758.460614946),13,Outbuilding,Masonry
POINT (418148.2318572378 8449885.931776091),14,Outbuilding,Masonry
POINT (418268.2714341272 8450059.157642324),15,Outbuilding,Masonry
POINT (418318.9160553622 8450154.649030536),16,Residential,Masonry
POINT (418440.8198916298 8450382.050551744),17,Residential,Masonry
POINT (418456.90028547915 8450454.98344678),18,Outbuilding,Masonry
POINT (418390.1344372601 8450454.639589034),19,Residential,Masonry
POINT (418651.3961966564 8450644.63458835),20,Outbuilding,Masonry
POINT (418857.3699588168 8450790.627803067),21,Residential,Masonry
POINT (418823.92948390223 8450734.185913952),22,Residential,Masonry
POINT (418698.8532764789 8450786.15076016),23,Residential,Masonry
POINT (418720.630525317 8450782.555385487),24,Residential,Masonry
POINT (418621.54686926794 8450871.848693471),25,Residential,Masonry
POINT (418574.1190832897 8450886.334295848),26,Outbuilding,Masonry
POINT (418546.1361414446 8450896.079623196),27,Outbuilding,Masonry
POINT (418482.6948351037 8450907.60323306),28,Residential,Masonry
POINT (418487.08190814103 8450938.384742204),29,Residential,Masonry
POINT (418463.72203914524 8450935.044856174),30,Residential,Masonry
POINT (418482.6422065419 8450965.054979494),31,Residential,Masonry
POINT (418447.0469255127 8450947.276444081),32,Residential,Masonry
POINT (418423.2769662527 8450953.48335069),33,Residential,Masonry
POINT (418397.7504594933 8450952.644394454),34,Residential,Masonry
POINT (418371.6559121146 8450969.435943292),35,Religious,Reinforced Concrete
POINT (418317.94015889516 8450977.11221015),36,Residential,Masonry
POINT (418289.4278685283 8450980.371128846),37,Residential,Masonry
POINT (418243.35798891954 8450985.490862815),38,Residential,Masonry
POINT (418214.9096877454 8450980.952036314),39,Residential,Masonry
POINT (418198.5081121299 8450993.293807093),40,Outbuilding,Masonry
POINT (418158.4670462943 8450988.301879136),41,Residential,Masonry
POINT (418236.40064269165 8451012.176092792),42,Outbuilding,Masonry
POINT (418114.36363604874 8451002.92543465),43,Residential,Masonry
POINT (418092.89079757064 8450994.65489439),44,Residential,Masonry
POINT (418033.8655523886 8450989.453834483),45,Residential,Masonry
POINT (418059.72238534706 8451001.810987992),46,Residential,Masonry
POINT (418043.36453152285 8451026.982283141),47,Residential,Masonry
POINT (418030.9949621879 8451008.44574876),48,Residential,Masonry
POINT (418007.89996843797 8451022.566118717),49,Residential,Masonry
POINT (417992.46418940224 8451023.331614092),50,Residential,Masonry
POINT (417998.10681862634 8451040.72917356),51,Residential,Masonry
POINT (418033.3013821869 8451070.596947586),52,Outbuilding,Masonry
POINT (417980.91261871695 8450696.514109805),106,Outbuilding,Masonry
POINT (418000.46898928867 8450729.286387501),107,Religious,Masonry
POINT (417989.7599627493 8450745.753895428),108,Religious,Masonry
POINT (418012.24282552284 8450744.510119813),109,Religious,Masonry
POINT (418003.4334318857 8450758.552518137),110,Religious,Masonry
POINT (418043.77038467897 8450735.656729395),111,Outbuilding,Masonry
POINT (418059.84858574223 8450754.111194374),112,Residential,Masonry
POINT (418127.65774356044 8450710.406772478),113,Outbuilding,Masonry
POINT (418120.12212335627 8450775.942103714),114,Residential,Masonry
POINT (418114.71845232416 8450748.915603999),115,Outbuilding,Masonry
POINT (418017.3190350324 8450808.513277348),116,Outbuilding,Masonry
POINT (418088.07798496785 8450856.319849266),117,Outbuilding,Masonry
POINT (418015.43669318117 8450925.92256833),118,Residential,Masonry
POINT (418039.23709733516 8450928.132194655),119,Residential,Masonry
POINT (418051.60002580914 8450910.719847685),120,Residential,Masonry
POINT (418015.0696521029 8450909.95694826),121,Residential,Masonry
POINT (418031.87209905335 8450908.732239215),122,Residential,Masonry
POINT (418035.35901779355 8450889.330498824),123,Outbuilding,Masonry
POINT (418082.25088190817 8450918.790800426),124,Outbuilding,Masonry
POINT (418100.2150930437 8450915.839283794),125,Residential,Masonry
POINT (418100.82339616877 8450893.787250564),126,Outbuilding,Masonry
POINT (418155.03436970053 8450917.2618192),127,Residential,Masonry
POINT (411935.70634513453 8451937.965391537),463,Outbuilding,Masonry
POINT (411865.3393936484 8451994.498602532),464,Outbuilding,Masonry
POINT (412267.7584374129 8451894.860482648),1706,Residential,Masonry
POINT (412314.0026809385 8451933.0258528),1707,Residential,Masonry
POINT (412302.01632310066 8451949.00697478),1708,Residential,Masonry
POINT (412373.3630877201 8451964.553278072),1709,Residential,Masonry
POINT (412406.3720620927 8452028.028603986),1710,Residential,Masonry
POINT (412397.10317368264 8452049.00009708),1711,Fale,Masonry
POINT (412330.5281276657 8452048.620556785),1712,Residential,Masonry
POINT (412258.0979076414 8452055.527817804),1713,Outbuilding,Masonry
POINT (412319.51594419155 8452065.14893741),1714,Outbuilding,Masonry
POINT (412306.35326234694 8452051.265992112),1715,Outbuilding,Masonry
POINT (412362.4752426184 8452119.47402715),1716,Residential,Masonry
POINT (412374.48600659566 8452177.179928806),1717,Residential,Masonry
POINT (412252.60566746 8452208.159045245),1718,Outbuilding,Masonry
POINT (412853.8355828232 8454238.338860303),4354,,
POINT (412403.48075084144 8451699.101514604),1676,Residential,Masonry
POINT (412389.8267927392 8451722.786644867),1678,Residential,Masonry
POINT (412307.7661216653 8451713.019224921),1679,Residential,Masonry
POINT (412286.71800979285 8451721.295880584),1680,Residential,Masonry
POINT (412284.117109826 8451708.333115214),1681,Residential,Masonry
POINT (412435.0570305413 8451804.568003803),1697,Residential,Masonry
POINT (412392.12931804697 8451797.335753059),1699,Residential,Masonry
POINT (412367.7806150299 8451799.171660682),1700,Outbuilding,Masonry
POINT (412351.41119883605 8451763.277145987),1701,Outbuilding,Masonry
POINT (412325.15688798565 8451771.957209652),1702,Residential,Masonry
POINT (412308.21811550413 8451787.543270739),1703,Residential,Masonry
POINT (412368.3372970428 8451852.941905111),1704,Residential,Masonry
POINT (412371.6149773852 8451837.480421294),1705,Fale,Masonry
POINT (411555.945251972 8452022.259254472),450,Residential,Masonry
POINT (411568.76971976674 8452006.949840315),451,Residential,Masonry
POINT (411620.9640964007 8451972.937343774),452,Residential,Masonry
POINT (411705.94574218465 8451944.790212702),453,Outbuilding,Masonry
POINT (411728.999065563 8451915.739100005),454,Outbuilding,Masonry
POINT (411746.7548083706 8451902.641935362),455,Residential,Masonry
POINT (411730.60490912 8451885.902386213),456,Outbuilding,Masonry
POINT (411846.00916304113 8451866.65347184),457,Residential,Masonry
POINT (411871.54414215777 8451856.992376067),458,Residential,Masonry
POINT (411852.7833981965 8451852.479291597),459,Outbuilding,Masonry
POINT (411740.7601309081 8451979.81393049),465,Residential,Masonry
POINT (411756.0970036344 8451979.272839885),466,Outbuilding,Masonry
POINT (411744.38277940283 8452003.752077073),467,Outbuilding,Masonry
POINT (411749.5820727002 8452016.523888554),468,Outbuilding,Masonry
POINT (411591.22373605095 8452070.913779829),469,Residential,Masonry
POINT (411561.63273952 8452088.610520447),470,Residential,Masonry
POINT (411588.62343758426 8452095.337673848),471,Outbuilding,Masonry
POINT (411560.901628023 8452107.590096448),473,Outbuilding,Masonry
POINT (411552.2273066768 8451316.454700338),1622,Residential,Masonry
POINT (411637.12847308256 8451297.904842354),1623,Hotel,Masonry
POINT (411653.90664708585 8451301.231580632),1624,Hotel,Masonry
POINT (411578.51904547255 8451276.021669604),1625,Tourist Fale,Masonry
POINT (411589.2206712997 8451277.85990477),1626,Tourist Fale,Masonry
POINT (411599.11085172417 8451277.451034782),1627,Tourist Fale,Masonry
POINT (411626.90405226295 8451276.74301226),1628,Tourist Fale,Masonry
POINT (411637.64454529143 8451275.745770667),1629,Tourist Fale,Masonry
POINT (411656.197015658 8451274.029316846),1630,Tourist Fale,Masonry
POINT (411645.8963746204 8451274.660644349),1631,Tourist Fale,Masonry
POINT (411748.8261531791 8451294.091193425),1632,Residential,Masonry
POINT (411857.58249034785 8451250.951820556),1633,Residential,Masonry
POINT (411867.15884923574 8451242.23750003),1634,Residential,Masonry
POINT (411874.72939247644 8451295.218339618),1635,Residential,Masonry
POINT (411904.18235485407 8451295.730677085),1636,Residential,Masonry
POINT (411930.0083685332 8451241.735925714),1637,Residential,Masonry
POINT (411905.80185611895 8451243.544942373),1638,Outbuilding,Masonry
POINT (411903.96350950416 8451236.341905136),1639,Fale,Timber
POINT (411942.7172544836 8451291.735467155),1640,Religious,Masonry
POINT (411943.01548918977 8451318.584193565),1641,Religious,Masonry
POINT (411951.30006115924 8451333.773846118),1642,Religious,Masonry
POINT (411971.9934034652 8451307.369980084),1643,Religious,Reinforced Concrete
POINT (411977.68362658756 8451238.392558295),1644,Fale,Timber
POINT (412079.7264140658 8451252.209158046),1645,Community - not verified,Masonry
POINT (412107.66037942 8451254.503702357),1646,Community - not verified,Masonry
POINT (412082.1211455184 8451297.351971807),1647,Religious,Reinforced Concrete
POINT (412016.3034258251 8451302.077089412),1648,Residential,Masonry
POINT (412043.16115583765 8451314.473644966),1649,Residential,Masonry
POINT (412062.87070840667 8451316.820448276),1650,Residential,Masonry
POINT (412045.85273257265 8451340.59408868),1651,Outbuilding,Masonry
POINT (412191.6323768392 8451319.813261604),1652,Residential,Masonry
POINT (412211.6584424828 8451320.48980151),1653,Residential,Masonry
POINT (412246.2322993027 8451348.419347944),1654,Outbuilding,Masonry
POINT (412257.5686040657 8451343.54978976),1655,Residential,Masonry
POINT (412333.66184112214 8451325.552273395),1656,Residential,Masonry
POINT (412373.7787601602 8451336.349548696),1657,Residential,Masonry
POINT (412261.5440300086 8451370.702632409),1658,Residential,Masonry
POINT (412259.17221357516 8451420.457930818),1659,Residential,Masonry
POINT (412265.0841975462 8451448.277444452),1660,Residential,Masonry
POINT (412252.0380175484 8451439.4632338),1661,Residential,Masonry
POINT (412312.8762772387 8451396.059150878),1662,Outbuilding,Masonry
POINT (412331.9363288732 8451466.502337063),1663,Residential,Masonry
POINT (412326.6786452365 8451490.77148762),1664,Residential,Masonry
POINT (412343.03946305293 8451491.019632334),1665,Outbuilding,Masonry
POINT (412331.27454466233 8451509.254625624),1666,Residential,Masonry
POINT (412313.48817793187 8451527.166451605),1667,Outbuilding,Masonry
POINT (412282.84778604686 8451559.032877507),1668,Residential,Masonry
POINT (412264.55859864113 8451569.051997364),1669,Outbuilding,Masonry
POINT (412284.97348000016 8451598.08920894),1670,Residential,Masonry
POINT (412281.01621325663 8451611.677412454),1671,Residential,Masonry
POINT (412338.83236536436 8451602.903807987),1672,Residential,Masonry
POINT (412358.8078781673 8451636.926339807),1673,Residential,Masonry
POINT (412368.071848098 8451649.427185277),1674,Fale,Timber
POINT (412391.7431436035 8451672.892724253),1675,Fale,Masonry
POINT (412362.31806024635 8451708.005272832),1677,Residential,Masonry
POINT (414079.29107709747 8451630.905512853),1107,Outbuilding,Masonry
POINT (413503.3125544636 8451606.197531655),1126,Outbuilding,Masonry
POINT (413490.7855711871 8451620.836377539),1127,Outbuilding,Masonry
POINT (413462.89408996084 8451599.435106883),1128,Residential,Masonry
POINT (413446.38504445244 8451570.449493423),1129,Outbuilding,Masonry
POINT (413421.61020752933 8451597.999409713),1130,Religious,Reinforced Concrete
POINT (413393.99045201996 8451572.685423734),1131,Residential,Masonry
POINT (413412.81295466615 8451563.518456623),1132,Outbuilding,Masonry
POINT (413338.07862725883 8451633.182363572),1133,Residential,Masonry
POINT (413343.66949505406 8451566.98499475),1134,Outbuilding,Masonry
POINT (413299.49332850135 8451616.169570923),1135,Outbuilding,Masonry
POINT (413232.98889934487 8451651.405812321),1136,Residential,Masonry
POINT (413226.04678835627 8451634.379674371),1137,Outbuilding,Masonry
POINT (413190.1874062085 8451543.863092633),1146,Outbuilding,Masonry
POINT (413167.8320057836 8451606.787636187),1147,Outbuilding,Masonry
POINT (413088.3936628376 8451586.95410102),1148,Residential,Masonry
POINT (413174.11668741755 8451542.46913235),1149,Outbuilding,Masonry
POINT (413181.4362582147 8451558.70931397),1150,Outbuilding,Masonry
POINT (413092.61129617586 8451566.816288508),1152,Fale,Timber
POINT (413189.3653685362 8451667.59328181),1153,Residential,Masonry
POINT (413166.60599537333 8451702.315369532),1154,Outbuilding,Masonry
POINT (413117.61183507304 8451727.596655771),1155,Residential,Masonry
POINT (413101.9682387046 8451707.238405047),1156,Residential,Masonry
POINT (413086.24153171276 8451711.526490407),1157,Residential,Masonry
POINT (413061.4263856328 8451716.76826177),1158,Residential,Masonry
POINT (413033.747648415 8451731.519548163),1159,Residential,Masonry
POINT (412994.43631114595 8451740.330435624),1160,Community,Masonry
POINT (412974.1053935425 8451730.425854823),1161,Outbuilding,Masonry
POINT (412979.01571583014 8451749.712230382),1162,Residential,Masonry
POINT (412872.9211419244 8451769.585990699),1163,Residential,Masonry
POINT (412801.6842645081 8451860.005058134),1164,Residential,Masonry
POINT (412803.6550839019 8451844.768955363),1165,Residential,Masonry
POINT (412820.5290416862 8451860.475464437),1166,Residential,Masonry
POINT (412826.9008676861 8451819.642439645),1167,Outbuilding,Masonry
POINT (412877.85826891626 8451831.936000442),1168,Residential,Masonry
POINT (412892.0218512346 8451847.791565899),1169,Residential,Masonry
POINT (412908.58768417523 8451839.509955788),1170,Residential,Masonry
POINT (412909.436202188 8451853.837317387),1171,Outbuilding,Masonry
POINT (412869.72944870754 8451870.014767325),1172,Outbuilding,Masonry
POINT (412898.07140437805 8451882.266652752),1173,Outbuilding,Masonry
POINT (412900.5626221454 8451869.280038193),1174,Outbuilding,Masonry
POINT (412979.1200589623 8451869.978637299),1175,Residential,Masonry
POINT (413018.0969201933 8451819.165369252),1176,Residential,Masonry
POINT (413085.2325452353 8451814.536456091),1177,Residential,Masonry
POINT (413110.01941983635 8451767.740357282),1178,Residential,Masonry
POINT (413123.4828378584 8451786.288824996),1179,Residential,Masonry
POINT (413140.58384331805 8451762.40976533),1180,Outbuilding,Masonry
POINT (413209.07027263026 8451758.536489306),1181,Residential,Masonry
POINT (413228.5692808186 8451747.238249257),1182,Residential,Masonry
POINT (413234.626803837 8451768.67840751),1183,Outbuilding,Masonry
POINT (413301.7387914806 8451764.978555907),1184,Outbuilding,Masonry
POINT (413318.35676692927 8451754.10117422),1185,Residential,Masonry
POINT (413336.29040301894 8451749.37935546),1186,Residential,Masonry
POINT (413322.5909397632 8451725.325877566),1187,Residential,Masonry
POINT (413420.44273725396 8451711.746293955),1188,Outbuilding,Masonry
POINT (413450.8543839256 8451698.963692458),1189,Residential,Masonry
POINT (413481.59901621594 8451697.99039406),1190,Outbuilding,Masonry
POINT (413495.3038666152 8451691.32088778),1191,Outbuilding,Masonry
POINT (413510.46406957536 8451681.32971866),1192,Residential,Masonry
POINT (413506.43494739925 8451620.44923425),1193,Outbuilding,Masonry
POINT (413609.64382078405 8451962.708796604),1197,Outbuilding,Masonry
POINT (413735.2216911189 8451793.886272835),1199,Residential,Masonry
POINT (413780.99996867194 8451789.404530458),1200,Outbuilding,Masonry
POINT (413991.7820108937 8451690.402583415),1207,Residential,Masonry
POINT (414007.1276799162 8451698.059558982),1208,Outbuilding,Masonry
POINT (413967.7725333164 8451710.366958885),1209,Outbuilding,Masonry
POINT (414027.7222932859 8451680.65656099),1210,Outbuilding,Masonry
POINT (413983.8772738526 8451725.021524139),1211,Outbuilding,Masonry
POINT (413914.21442541166 8451798.687863966),1212,Outbuilding,Masonry
POINT (413861.65000299225 8451870.816399911),1213,Residential,Masonry
POINT (413883.15407950117 8451876.668884307),1214,Outbuilding,Masonry
POINT (413850.52733287954 8451853.213994045),1215,Outbuilding,Masonry
POINT (413838.03100707 8451909.215118147),1216,Outbuilding,Masonry
POINT (413872.42153183353 8451924.163599975),1217,Outbuilding,Masonry
POINT (413884.2860274326 8451965.384428378),1218,Residential,Masonry
POINT (413891.0215842129 8451990.442079442),1219,Residential,Masonry
POINT (413915.65254800057 8451981.655991612),1220,Residential,Masonry
POINT (413912.0400037268 8451948.724616343),1221,Outbuilding,Masonry
POINT (413937.2521744007 8451976.373185128),1222,Outbuilding,Masonry
POINT (413944.2552643977 8452064.178192416),1223,Outbuilding,Masonry
POINT (414072.9913558879 8452059.372460464),1224,Outbuilding,Masonry
POINT (413949.62047986634 8452134.06616807),1225,Residential,Masonry
POINT (413944.84458543034 8452160.657932134),1226,Residential,Masonry
POINT (413964.75594944914 8452156.283216564),1227,Residential,Masonry
POINT (413976.4446706007 8452135.746443318),1228,Residential,Masonry
POINT (413985.2444534399 8452147.71877803),1229,Residential,Masonry
POINT (413997.26873456524 8452123.482758991),1230,Outbuilding,Masonry
POINT (412626.01537194377 8451890.035305643),1686,Outbuilding,Masonry
POINT (412690.74253724254 8451930.32556727),1687,Residential,Masonry
POINT (412708.1514796541 8451941.332509935),1688,Residential,Masonry
POINT (412695.78905209276 8451959.831085572),1689,Residential,Masonry
POINT (412704.91949543497 8451983.453482803),1690,Residential,Masonry
POINT (412644.022615932 8451981.8658192),1691,Outbuilding,Masonry
POINT (412645.0436222402 8452021.459487017),1692,Residential,Masonry
POINT (412652.232376901 8452056.869979875),1693,Residential,Masonry
POINT (412628.7992782563 8452055.163275125),1694,Outbuilding,Masonry
POINT (412627.09989740665 8452067.634284955),1695,Outbuilding,Masonry
POINT (412562.960398585 8452263.889348092),1719,Outbuilding,Masonry
POINT (412680.3799931599 8451870.2822458),1721,Residential,Masonry
POINT (413374.6014545518 8454560.082883492),11729,,
POINT (413380.1640701183 8454554.255344251),7514,,
POINT (414096.90558403 8451628.126470495),1106,Residential,Masonry
POINT (413617.4839791363 8451506.179229911),1119,Outbuilding,Masonry
POINT (413596.5133590466 8451594.057964636),1122,Outbuilding,Masonry
POINT (413079.5943953636 8451569.375979517),1151,Outbuilding,Masonry
POINT (413725.4540337442 8451761.466788908),1198,Residential,Masonry
POINT (413836.2289072329 8451641.311673678),1201,Outbuilding,Masonry
POINT (413911.69584865 8451651.802341042),1203,Residential,Masonry
POINT (413973.75163657713 8451625.992082054),1204,Residential,Masonry
POINT (413991.0818291988 8451620.640733417),1205,Outbuilding,Masonry
POINT (413928.616997024 8451656.762033354),1206,Residential,Masonry
POINT (412540.59574412694 8451747.024989014),1683,Residential,Masonry
POINT (412622.93048420054 8451751.508487172),1685,Outbuilding,Masonry
POINT (412539.89244779845 8451816.686901158),1696,Residential,Masonry
POINT (412464.84599533613 8451869.760167208),1698,Residential,Masonry
POINT (413978.7412609843 8451554.684104217),1108,Residential,Masonry
POINT (413985.15661057533 8451541.405318942),1109,Outbuilding,Masonry
POINT (413968.8134217158 8451537.261245416),1110,Outbuilding,Masonry
POINT (413966.72621884145 8451550.848791197),1111,Outbuilding,Masonry
POINT (413787.95141680393 8451564.375941854),1112,Residential,Masonry
POINT (413791.03065914573 8451550.305239249),1113,Outbuilding,Masonry
POINT (413662.05845531664 8451467.047896974),1114,Outbuilding,Masonry
POINT (413665.037042756 8451491.26128672),1115,Residential,Masonry
POINT (413678.690017558 8451516.093907531),1116,Outbuilding,Masonry
POINT (413657.7716466842 8451539.139014367),1117,Residential,Masonry
POINT (441319.7085877924 8458584.315308914),18229,Residential,Masonry
POINT (441207.6115207286 8458493.404341536),13723,Residential,Masonry
POINT (441244.2863589991 8458623.203784505),18828,Religious,Masonry
POINT (441553.8823382168 8458598.23265369),5856,Residential,Masonry
POINT (441227.5379704578 8458614.633489748),19810,Religious,Masonry
POINT (441448.6125333269 8458603.342624167),15180,Residential,Masonry
POINT (441652.7258141444 8458757.944460124),3158,Residential,Masonry
POINT (441668.68325428973 8458662.148958715),14843,Outbuilding,Masonry
POINT (441680.8652719942 8458705.668890366),493,Residential,Masonry
POINT (441620.2014067305 8458696.3024361),15137,Residential,Masonry
POINT (441631.06748145807 8458711.40528168),35,Residential,Masonry
POINT (441658.4442471258 8458680.936085235),3730,Outbuilding,Masonry
POINT (441666.71610332874 8458723.097010242),19782,Residential,Masonry
POINT (441607.7151598065 8458692.654850762),13173,Outbuilding,Masonry
POINT (441710.98469484044 8458749.795095697),15890,Residential,Masonry
POINT (441313.1710717779 8458638.437132427),15696,Outbuilding,Masonry
POINT (441285.21117336384 8458623.708970388),15426,Residential,Masonry
POINT (441285.8785742349 8458605.736542923),11713,Residential,Masonry
POINT (442032.1634907288 8459204.0920199),3419,Outbuilding,Masonry
POINT (442031.03307980095 8459196.65682391),11376,Outbuilding,Masonry
POINT (441691.26385450154 8458720.027627608),14784,Residential,Masonry
POINT (441508.51389753417 8458647.3178202),10667,Residential,Masonry
POINT (441468.49649616535 8458615.115683427),9831,Residential,Masonry
POINT (441355.99597331067 8458638.45093877),18089,Residential,Masonry
POINT (441353.72102543316 8458598.15302621),7624,Residential,Masonry
POINT (441391.8160728017 8458580.99586278),3528,Residential,Masonry
POINT (441359.930280076 8458569.841441879),12723,Residential,Masonry
POINT (441162.11833624943 8458475.868241517),15908,Residential,Masonry
POINT (441069.603859557 8458436.921224298),18266,Residential,Masonry
POINT (441075.9847451467 8458455.678828754),5199,Residential,Masonry
POINT (441500.8653412764 8458632.001534197),10847,Outbuilding,Masonry
POINT (441477.9692060539 8458612.141170036),1213,Outbuilding,Masonry
POINT (441463.6387775445 8458622.123951444),1474,Outbuilding,Masonry
POINT (441469.20469587867 8458623.500383882),6522,Outbuilding,Masonry
POINT (441440.4845214827 8458639.878046047),1370,Outbuilding,Masonry
POINT (441431.4244119699 8458571.275118535),3434,Outbuilding,Masonry
POINT (441424.8785326993 8458589.406841237),13454,Outbuilding,Masonry
POINT (441366.6460275632 8458649.51198484),825,Outbuilding,Masonry
POINT (441329.9293941871 8458578.237573711),10040,Outbuilding,Masonry
POINT (441347.93435267464 8458563.101339722),1317,Outbuilding,Masonry
POINT (441354.3960574958 8458559.502082676),17122,Outbuilding,Masonry
POINT (441331.5577234299 8458554.286940657),3734,Outbuilding,Masonry
POINT (441259.6482546802 8458530.95970532),6179,Outbuilding,Masonry
POINT (441271.3405063673 8458616.954550758),11292,Outbuilding,Masonry
POINT (441276.78191378276 8458632.776807731),8977,Outbuilding,Masonry
POINT (441091.6991654211 8458431.875906639),9129,Outbuilding,Masonry
POINT (441639.00583014125 8458758.446643487),10514,Outbuilding,Masonry
POINT (441340.6054871292 8458543.999399131),2485,Fale,Masonry
POINT (441272.9618368516 8458535.093824254),3924,Fale,Masonry
POINT (440020.6919874966 8458458.612614704),11258,,
POINT (439894.4996251937 8458457.025511045),10641,,
POINT (440080.5130304123 8458467.289592102),10340,,
POINT (440079.47284886765 8458454.978795307),3916,,
POINT (439772.96188047144 8458433.071996052),15934,Residential,Masonry
POINT (439836.63459017896 8458460.961701917),16219,Residential,Masonry
POINT (439854.83986259985 8458470.76956565),14058,Residential,Masonry
POINT (440038.2743024324 8458483.170528112),6457,Residential,Masonry
POINT (439691.15534543345 8458431.545842001),2134,Outbuilding,Masonry
POINT (439624.6848418374 8458488.902205672),14046,Outbuilding,Masonry
POINT (439900.68126473617 8458536.622040495),11756,Outbuilding,Masonry
POINT (439694.50721751485 8458450.125271099),19812,Residential,Masonry
POINT (439930.1752940708 8458487.82311023),19424,Residential,Masonry
POINT (439873.0150166814 8458493.172001895),1710,Residential,Masonry
POINT (439856.7230692513 8458454.049937887),11678,Outbuilding,Masonry
POINT (440016.6127451431 8458486.353926156),3197,Residential,Masonry
POINT (439675.8519114476 8458437.783899143),16373,Residential,Masonry
POINT (439917.60846025415 8458507.3017561),7822,Residential,Masonry
POINT (439909.27979215153 8458497.95131805),17813,Residential,Masonry
POINT (439951.5325310407 8458484.219652621),2265,Residential,Masonry
POINT (439845.3567608425 8458491.656288402),10373,Residential,Masonry
POINT (439789.6067759307 8458480.933864582),6637,Residential,Masonry
POINT (439610.1715131 8458433.119768208),3898,Residential,Masonry
POINT (439634.1150083733 8458426.339276405),2907,Religious,Masonry
POINT (439796.1324241038 8458430.344672035),10326,Residential,Masonry
POINT (439805.0876793988 8458477.759017883),5394,Residential,Masonry
POINT (440014.5356145422 8458470.284191884),1067,Residential,Masonry
POINT (439984.7621837123 8458485.209840992),19642,Residential,Masonry
POINT (439985.6936424725 8458493.714618603),10187,Residential,Masonry
POINT (439970.484091744 8458489.922571503),3811,Residential,Masonry
POINT (439908.1047485761 8458481.78955976),11312,Residential,Masonry
POINT (439816.08666940586 8458497.657279493),8838,Residential,Masonry
POINT (439608.4477889409 8458488.293291094),3573,Residential,Masonry
POINT (439563.344261295 8458405.378727281),16900,Residential,Masonry
POINT (439588.3269197745 8458388.774256228),1414,Residential,Masonry
POINT (439654.94855976 8458428.093262399),11531,Residential,Masonry
POINT (439900.04464252555 8458513.28978476),7472,Outbuilding,Masonry
POINT (439928.14490367164 8458501.659207067),14652,Outbuilding,Masonry
POINT (439877.4439220102 8458473.603991976),10164,Outbuilding,Masonry
POINT (439855.4865504678 8458514.577720039),5806,Outbuilding,Masonry
POINT (439793.2319055743 8458468.996560223),6579,Outbuilding,Masonry
POINT (439805.24097400677 8458429.550479963),5092,Outbuilding,Masonry
POINT (439679.0037279103 8458427.96556352),15480,Outbuilding,Masonry
POINT (439698.4722402774 8458442.00227078),4471,Outbuilding,Masonry
POINT (439585.87856817717 8458485.698712407),18806,Outbuilding,Masonry
POINT (440003.577851838 8458474.929042112),10868,Outbuilding,Masonry
POINT (440016.01378053427 8458496.456278926),17374,Outbuilding,Masonry
POINT (439925.77474329335 8458479.008837517),10232,Outbuilding,Masonry
POINT (439903.6115912855 8458490.853609951),17284,Outbuilding,Masonry
POINT (438418.15023013484 8458311.987870323),3738,,
POINT (438467.4690145464 8458473.250374809),17790,Residential,Masonry
POINT (438174.996706691 8458135.492960876),17567,,
POINT (438117.7721513511 8458238.624289626),4455,,
POINT (438128.06067508063 8458253.117611442),6180,,
POINT (438383.06517002365 8458369.895378055),18956,,
POINT (438408.4563742039 8458406.139290413),8226,,
POINT (438521.32666235004 8458382.280529242),19845,,
POINT (438482.9833909251 8458382.837703409),4880,,
POINT (438138.50465788675 8458238.847340701),18158,,
POINT (438479.17492039164 8458373.082942922),5554,,
POINT (438557.152633839 8458408.653781196),14688,,
POINT (438383.6385943239 8458401.526767544),6921,,
POINT (438174.9380907385 8458148.591573894),8758,,
POINT (438149.5198766843 8458259.1048443),11772,,
POINT (438732.5618974621 8458420.810324196),3729,Residential,Masonry
POINT (438290.2136327448 8458806.977875123),6245,Residential,Masonry
POINT (438827.2370661774 8458428.249848003),4773,,
POINT (438278.5267052543 8458794.4576091),11891,Residential,Masonry
POINT (438393.2248693834 8458425.810316801),7453,,
POINT (438437.6367397767 8458464.2951154),15353,,
POINT (438527.4026276798 8458440.678926349),9498,Outbuilding,Masonry
POINT (438499.06238177884 8458432.238665234),8127,Outbuilding,Masonry
POINT (438524.88142353453 8458463.30169539),6362,Residential,Masonry
POINT (438581.31293779035 8458441.602712845),15153,Residential,Masonry
POINT (438486.7586977641 8458469.831822671),7416,Residential,Masonry
POINT (438405.7386589032 8458500.098919181),9466,Residential,Masonry
POINT (438343.7671963062 8458469.949906446),3056,Residential,Masonry
POINT (438512.0801115321 8458525.744138911),4508,Residential,Masonry
POINT (438446.9977827852 8458473.159458227),13030,Outbuilding,Masonry
POINT (438378.8735394743 8458612.385294491),2475,Residential,Masonry
POINT (438454.1548736834 8458508.237296311),7546,Residential,Masonry
POINT (438431.3559019897 8458479.531239044),10260,Outbuilding,Timber
POINT (438489.7554803234 8458541.777472617),276,Residential,Masonry
POINT (438427.3668206285 8458516.89771822),11482,Religious,Reinforced Concrete
POINT (438524.26080942457 8458517.598301884),6598,Residential,Masonry
POINT (438542.8513608123 8458507.467450526),8393,Residential,Masonry
POINT (438528.60919856635 8458530.89493686),1817,Outbuilding,Masonry
POINT (438426.282759011 8458588.887005415),18946,Residential,Masonry
POINT (438386.8220954644 8458543.042964375),8822,Residential,Masonry
POINT (438391.5812548545 8458611.225600563),7436,Outbuilding,Masonry
POINT (438872.4669254122 8458508.76711123),8799,Residential,Masonry
POINT (438292.5839507538 8458525.572597196),121,Outbuilding,Timber
POINT (438859.2903471325 8458511.614418756),13836,Residential,Masonry
POINT (438508.65701804723 8458539.628485983),16390,Outbuilding,Masonry
POINT (438346.86241688 8458573.216896381),18526,Community - not verified,Masonry
POINT (438337.604064928 8458521.40465306),10056,Residential,Masonry
POINT (438412.59414190135 8458590.071729839),16014,Residential,Masonry
POINT (438398.59361031494 8458599.86141184),1135,Residential,Masonry
POINT (438642.1159698414 8458429.49134802),10044,Residential,Masonry
POINT (438619.46232062526 8458419.483309804),5530,Residential,Masonry
POINT (438555.3751818062 8458500.669374386),1195,Residential,Masonry
POINT (438518.2914307086 8458451.281808246),5675,Residential,Masonry
POINT (438604.99291405437 8458427.803679213),15755,Residential,Masonry
POINT (438452.99445713183 8458486.99892536),9655,Residential,Masonry
POINT (438471.1625554721 8458479.819644777),8131,Residential,Masonry
POINT (438373.8046575795 8458526.000592519),17568,Residential,Masonry
POINT (438366.47945304867 8458509.665747983),986,Residential,Masonry
POINT (438320.44033739873 8458527.852009727),12751,Residential,Masonry
POINT (438363.3865162267 8458480.050936049),5617,Residential,Masonry
POINT (438349.4559368903 8458481.267006319),10475,Residential,Masonry
POINT (438379.86799318553 8458496.051588066),2775,Residential,Masonry
POINT (438391.28809503256 8458522.85055867),9459,Residential,Masonry
POINT (438398.5245643061 8458535.391271353),845,Residential,Masonry
POINT (438372.32198960107 8458556.005024772),1017,Residential,Masonry
POINT (438378.75345101976 8458561.008378576),14217,Residential,Masonry
POINT (438883.1791735194 8458507.64021151),19134,Outbuilding,Masonry
POINT (438383.75688220904 8458510.012545498),4969,Outbuilding,Masonry
POINT (438383.95854626945 8458503.464616362),12010,Outbuilding,Masonry
POINT (438401.405866239 8458491.746406304),11308,Outbuilding,Masonry
POINT (438355.5987184597 8458509.902291277),4254,Outbuilding,Masonry
POINT (438358.2246373321 8458521.260432096),17738,Outbuilding,Masonry
POINT (438362.8085000958 8458527.368165158),19597,Outbuilding,Masonry
POINT (438376.39998003544 8458541.381818028),5521,Outbuilding,Masonry
POINT (438314.74026926054 8458521.12103336),9834,Outbuilding,Masonry
POINT (438406.8564688031 8458585.804324891),14688,Outbuilding,Masonry
POINT (438426.45191958116 8458617.165575553),17935,Outbuilding,Masonry
POINT (438415.18666258303 8458597.155623322),7246,Outbuilding,Masonry
POINT (438503.40138174896 8458545.290193813),15827,Outbuilding,Masonry
POINT (438479.8367766884 8458457.411152001),7545,Outbuilding,Masonry
POINT (438430.47154715465 8458472.024419038),1839,Outbuilding,Masonry
POINT (438312.13025737606 8458445.349493623),2730,Outbuilding,Masonry
POINT (438304.12497837696 8458449.647302575),3963,Outbuilding,Masonry
POINT (438433.9322890906 8458613.020931523),1396,Outbuilding,Masonry
POINT (438263.5574318299 8458780.381160067),5115,Residential,Masonry
POINT (438255.0844648981 8458776.002933051),288,Outbuilding,Masonry
POINT (439226.2303941577 8459656.486840999),10733,,
POINT (439325.41894009087 8459689.464225749),10547,,
POINT (439262.3761620018 8459662.978244103),361,,
POINT (439344.0179323666 8459696.24684318),10375,,
POINT (438838.19090059533 8459295.169668216),8974,Residential,Masonry
POINT (439213.550319299 8459651.172521364),19156,,
POINT (439558.3770614442 8459888.401294574),4548,,
POINT (439369.1516963295 8459747.643349243),8436,,
POINT (439368.2332981204 8459784.312340098),11944,,
POINT (439520.86427430774 8459811.647151481),2378,Residential,Masonry
POINT (439498.7714425294 8459829.931095995),4013,,
POINT (439364.47665155516 8459719.08099448),9529,,
POINT (439365.914721799 8459732.267878253),5858,,
POINT (439512.6451856643 8459823.365352118),19107,,
POINT (439324.30302882066 8459722.487896875),12296,,
POINT (438828.70233831066 8459279.57560899),19318,Residential,Masonry
POINT (439426.1956616504 8459670.671691237),9483,Residential,Masonry
POINT (439407.3477913372 8459674.939495707),8400,Residential,Masonry
POINT (439595.7242349603 8459845.721522454),4786,Residential,Masonry
POINT (439700.23363086703 8459985.612373775),17333,,
POINT (439679.8760443829 8459982.670233047),12733,Residential,Masonry
POINT (439688.71973221994 8460008.370285226),8144,,
POINT (439605.65081466065 8459928.876342421),15215,,
POINT (439593.5340630425 8459888.08485615),15271,,
POINT (439587.73918388394 8459920.571873946),112,,
POINT (439656.72969491134 8459968.927499989),6878,,
POINT (439623.3530008982 8459940.32016186),10825,,
POINT (439665.5033228256 8459954.69423744),15635,,
POINT (439571.40006018867 8459920.49476401),19396,,
POINT (439583.84479703684 8459908.721461866),17375,,
POINT (439768.02928127086 8460049.843472885),5334,,
POINT (439774.31322561833 8460041.281223604),14156,,
POINT (439703.98551849497 8460060.947474971),11149,,
POINT (439744.321231765 8460038.020152336),4147,,
POINT (439629.63183750375 8459874.540879982),1884,Outbuilding,Masonry
POINT (439726.62676085817 8460017.329904715),3212,Residential,Masonry
POINT (439626.8035451655 8459860.403744603),10426,Residential,Masonry
POINT (439752.26976317447 8460023.139529644),6055,Residential,Masonry
POINT (439717.76963936136 8459955.53015819),1708,Outbuilding,Masonry
POINT (435313.10436660546 8461840.154208725),2845,,
POINT (435211.973213979 8462064.680526078),8495,,
POINT (435226.8502683478 8463789.849612992),9966,,
POINT (435275.79615819606 8462946.347592063),8531,,
POINT (418144.89790440974 8450866.807267437),128,Residential,Masonry
POINT (418187.9724597483 8450916.945588434),129,Residential,Masonry
POINT (418182.0479625858 8450887.163929392),130,Outbuilding,Masonry
POINT (418215.605687445 8450896.274373246),131,Residential,Masonry
POINT (418235.44405080326 8450893.113020739),132,Outbuilding,Masonry
POINT (418231.582981612 8450875.3331422),133,Outbuilding,Masonry
POINT (418266.3978878497 8450907.209199658),134,Fale,Masonry
POINT (418287.8598760292 8450896.919696515),135,Residential,Masonry
POINT (418304.7568389934 8450873.940151913),136,Residential,Masonry
POINT (418317.8861112013 8450849.613114562),137,Outbuilding,Masonry
POINT (418347.72380162345 8450883.27403107),138,Residential,Masonry
POINT (418362.4450752703 8450874.348810256),139,Outbuilding,Masonry
POINT (418362.567103604 8450894.705972362),140,Outbuilding,Masonry
POINT (418382.6575431666 8450877.778893039),141,Residential,Masonry
POINT (418393.59762796765 8450896.107748056),142,Residential,Masonry
POINT (418405.6245620509 8450878.92879626),143,Residential,Masonry
POINT (419314.3782242136 8451672.861824056),5293,,
POINT (419316.66244805 8451740.181906579),19431,,
POINT (419323.2315816752 8451724.388349764),9312,,
POINT (419304.14420090656 8451719.702344436),15179,,
POINT (419270.67639542243 8451540.207997411),5176,,
POINT (419270.21901296725 8451627.425179096),10460,,
POINT (416615.94824950874 8449025.121383885),12,Residential,Masonry
POINT (454985.7118205817 8449992.456321074),11469,Residential,Masonry
POINT (453903.453249813 8445731.790597165),18237,Residential,Masonry
POINT (453917.1252417909 8445729.519283403),13005,Residential,Masonry
POINT (454681.4704365174 8445177.922875607),13887,Residential,Masonry
POINT (414280.6556454547 8451108.774714662),981,Tourist Fale,Timber
POINT (414304.10848776065 8451107.979944224),982,Tourist Fale,Timber
POINT (414306.29322507785 8451089.405179905),983,Tourist Fale,Timber
POINT (414282.3951951641 8451083.380459163),984,Tourist Fale,Timber
POINT (414282.86461260513 8451065.130049305),985,Tourist Fale,Timber
POINT (441256.71033331257 8447338.655803982),17291,Hotel,Masonry
POINT (414455.77078887314 8451130.475692362),971,Hotel,Timber
POINT (441252.9530291291 8447320.574364366),5169,Tourist Fale,Masonry
POINT (441276.42418631836 8458639.684342101),6703,Outbuilding,Masonry
POINT (414594.3891746851 8451172.783670954),16030,Hotel,Masonry
POINT (415786.96431689546 8450770.466718255),13797,Outbuilding,Masonry
POINT (428579.648221489 8447726.401371786),7944,,
POINT (428605.624945648 8447725.581313135),6216,,
POINT (428612.7837125546 8447721.49446093),713,Hotel,Timber
POINT (428618.7262108438 8447715.97571691),13694,Hotel,Timber
POINT (428915.9363518803 8447662.30037947),18602,Hotel,Timber
POINT (428924.3824608735 8447661.486921716),8932,Hotel,Timber
POINT (454162.8331627252 8450732.839724146),19087,Residential,Masonry
POINT (454161.2988489753 8450810.657606166),2271,Outbuilding,Masonry
POINT (454165.678037182 8450826.321007444),17069,Outbuilding,Masonry
POINT (453742.7229375924 8452691.021679346),15899,Residential,Masonry
POINT (453753.57841033133 8452713.985371936),13391,Fale,Masonry
