ID,Use_Cat,Cons_Frame,lat,long
1610,Residential,Masonry,-14.01740536257795,-171.7205566517351
1609,Outbuilding,Masonry,-14.018577318447557,-171.72027568834153
1614,Residential,Masonry,-14.016838008974906,-171.72055898904915
1615,Residential,Masonry,-14.016665519919313,-171.72080582923437
1616,Residential,Masonry,-14.016369557887204,-171.7209374846784
1617,Residential,Masonry,-14.017291502903143,-171.72108257826565
1618,Outbuilding,Masonry,-14.01749972952439,-171.72180455429532
1619,Outbuilding,Masonry,-14.016282477365497,-171.72191004709526
8138,,,-14.030161131758684,-171.6828803087364
5858,,,-14.02788274459712,-171.6775828049144
8101,,,-14.024128171487714,-171.67495130209556
2449,,,-14.02174631500743,-171.68325397937315
1612,Residential,Masonry,-14.016871263003534,-171.72020772012698
1613,Outbuilding,Masonry,-14.01712683941468,-171.72061738819386
4859,,,-14.025211900001405,-171.67654770000013
19181,,,-14.022691680172077,-171.6813093403228
10922,,,-14.01414675513087,-171.72023260137436
19197,,,-14.01806349733718,-171.72163841464436
1620,Outbuilding,Masonry,-14.016489470219309,-171.72206606141296
1621,Outbuilding,Masonry,-14.016691776110159,-171.72209955213378
17846,,,-14.02231408953463,-171.67965636982862
6455,,,-14.021163100002772,-171.68295020000033
1360,Outbuilding,Masonry,-14.014721155563834,-171.71931137049174
18177,,,-13.99166243642057,-171.7165503761566
8988,,,-14.022803994439021,-171.68141216999646
6356,,,-14.028026729257627,-171.6775649935233
10230,,,-14.014722650003748,-171.7207887500033
15920,,,-13.991862832046406,-171.7162039910416
17959,,,-14.021078450003783,-171.67841940000096
2154,,,-14.02853509999994,-171.68210924999696
1223,,,-14.025332195012892,-171.6845143697284
11697,,,-14.024319603574734,-171.67735352996633
9729,,,-13.991681065196145,-171.71735179675457
7179,,,-14.024754762886031,-171.68416157719767
18971,,,-14.021850850000572,-171.68318234999958
6912,,,-14.002272550004967,-171.71951079999388
19773,Residential,Masonry,-14.031585783922445,-171.70391136437874
4667,Residential,Masonry,-14.03355148036398,-171.70426863943345
13861,,,-14.025116369019218,-171.68452785282594
6340,,,-14.024206622093587,-171.67745480846776
16744,,,-14.023810500000014,-171.6759339999997
12607,,,-14.025270950000198,-171.67670119999735
19148,,,-13.990519648558084,-171.7172900178411
13713,,,-13.991822086796995,-171.71714853754776
14351,,,-14.010629950001519,-171.7182867999993
3124,Residential,Masonry,-14.03377840451086,-171.70424635585664
16798,Residential,Masonry,-14.0324989441748,-171.70467410245442
1238,Residential,Masonry,-14.023845617785204,-171.6991383433653
7462,,,-14.02276645000223,-171.68273270000046
8250,,,-14.02401748962864,-171.68208742287035
3635,,,-14.023777042675116,-171.67609182017821
19932,,,-14.022786246694698,-171.68083936948776
15214,,,-14.02501500000093,-171.68410555000014
4922,,,-14.023205000006286,-171.68040510000165
16001,Residential,Masonry,-14.029784085968515,-171.7027539070877
1231,Residential,Masonry,-14.02578137118659,-171.6979620999825
1239,Outbuilding,Masonry,-14.023481389152922,-171.6986213568202
345,,,-14.023590949999578,-171.68153534999928
1036,,,-14.024927000001144,-171.6820837000003
15803,,,-14.02487231749718,-171.68409318492135
15830,,,-14.022038343247079,-171.67986512021562
1760,,,-14.020259724890957,-171.67877103845083
11021,,,-14.025462750001108,-171.67675075000054
11163,,,-14.024507088202721,-171.6835654206998
1232,Outbuilding,Masonry,-14.025599202543825,-171.6979408751713
1235,Outbuilding,Masonry,-14.024282863117799,-171.6981931418653
1236,Residential,Masonry,-14.024289047927098,-171.69865286963238
1237,Outbuilding,Masonry,-14.022275452552584,-171.69854772811422
1246,Residential,Masonry,-14.020614237084802,-171.69976855012612
1247,Residential,Masonry,-14.020667769714267,-171.7001482342994
7064,,,-14.023693450000856,-171.6758790499959
19885,,,-14.022907250003291,-171.6802550999994
6508,,,-14.024026399999222,-171.67478779999334
17854,,,-14.024482850001121,-171.68365830000008
1240,Residential,Masonry,-14.023342981955093,-171.69927146149644
1241,Residential,Masonry,-14.02330219295825,-171.69940526946
1242,Outbuilding,Masonry,-14.023540422308468,-171.69928779564398
1243,Outbuilding,Masonry,-14.02248370090375,-171.69908704788406
1244,Outbuilding,Masonry,-14.022386298205207,-171.69955142387806
1245,Outbuilding,Masonry,-14.021299920132984,-171.69958869327127
18528,,,-14.024418779845204,-171.67617259190925
4538,,,-14.025741790417438,-171.67685577778002
19225,,,-14.02525770814812,-171.67377247951336
3325,,,-14.021016347160282,-171.6783253723454
431,,,-14.027109300004874,-171.68116390000188
13976,,,-14.020842255134577,-171.6784493790564
15679,,,-14.023627100000576,-171.67601259999927
18351,,,-14.025236145906328,-171.68447281957083
1362,Outbuilding,Masonry,-14.016043243840324,-171.7204243582064
1254,Residential,Masonry,-14.024824598880306,-171.70039671721932
1255,Residential,Masonry,-14.024401395325382,-171.6999492864214
1256,Outbuilding,Masonry,-14.024981990583681,-171.69993216125906
1257,Residential,Masonry,-14.02489595161681,-171.69980101131043
1258,Residential,Masonry,-14.024897444833774,-171.69949079740766
1259,Outbuilding,Masonry,-14.024769393275866,-171.69949263936752
1260,Outbuilding,Masonry,-14.024626565253927,-171.69946204828466
9069,,,-14.024493508338129,-171.67612467989747
12912,,,-14.026731650000805,-171.6817898999934
11101,,,-14.023479170107814,-171.6760153088602
2863,,,-14.020208950006396,-171.67889715000427
11271,,,-14.023827805128073,-171.6794124757671
16587,,,-14.025493458842368,-171.6785788306852
1264,Outbuilding,Masonry,-14.024782785692997,-171.70240893122468
1265,Outbuilding,Masonry,-14.024752872157675,-171.70252502409704
17633,,,-14.02256342188091,-171.67862155512495
1248,Outbuilding,Masonry,-14.02114187259686,-171.70005413830603
1249,Outbuilding,Masonry,-14.021330179428114,-171.7000347777616
1250,Residential,Masonry,-14.02303435560476,-171.70038894009622
1251,Residential,Masonry,-14.023523694367535,-171.70048678803613
1252,Outbuilding,Masonry,-14.024148839834854,-171.70062476584786
1253,Residential,Masonry,-14.024519371320912,-171.70031217762585
1310,Outbuilding,Masonry,-14.015813859901566,-171.71053939898897
1266,Outbuilding,Masonry,-14.024608945577468,-171.7025649585128
1267,Outbuilding,Masonry,-14.025225590496213,-171.70370268306712
1268,Residential,Masonry,-14.024012196284268,-171.70349148867496
1269,Outbuilding,Masonry,-14.023858654088457,-171.7034566870783
1270,Outbuilding,Masonry,-14.023124134408283,-171.70361765173473
1271,Residential,Masonry,-14.022036380853695,-171.7045162205367
1272,Outbuilding,Masonry,-14.022275387818015,-171.70445568782637
1273,Outbuilding,Masonry,-14.021936224685891,-171.70323047781514
1274,Residential,Masonry,-14.021761234532185,-171.70311084490905
1275,Residential,Masonry,-14.021059975388532,-171.70297746299582
1276,Residential,Masonry,-14.02159462003744,-171.70303132970287
1277,Residential,Masonry,-14.021315412035447,-171.7044412314613
19679,,,-14.032679350004443,-171.6323235500002
17720,,,-14.03201656919193,-171.6294085648525
16231,,,-14.029271955049179,-171.62762677264874
2278,,,-14.03053162629763,-171.62810335486455
1262,Outbuilding,Masonry,-14.02541730764769,-171.69859660964053
1263,Residential,Masonry,-14.024951250027891,-171.70250940150711
12933,,,-14.023921750000373,-171.67802319999694
16671,,,-14.02450710000122,-171.6758467500003
7848,,,-14.024405699998074,-171.6760007999912
7257,,,-14.025818600002637,-171.677062100002
14314,,,-14.025110726212054,-171.68464245883388
14372,,,-14.025174461881935,-171.68154492802654
1608,Residential,Masonry,-14.018445277626444,-171.72029283584305
16629,,,-14.023791850005495,-171.68025815000178
4573,,,-14.026758399999972,-171.67749209999877
1296,Outbuilding,Masonry,-14.02491353029883,-171.70767769135568
1297,Residential,Masonry,-14.025091535165734,-171.7080048597291
1298,Outbuilding,Masonry,-14.024841945100366,-171.70822608527175
1299,Residential,Masonry,-14.024520561903001,-171.70873902191212
1300,Outbuilding,Masonry,-14.024441160209298,-171.70867877711038
1301,Residential,Masonry,-14.02436293860852,-171.7089758497191
1302,Residential,Masonry,-14.024045065645838,-171.70932212979773
1303,Outbuilding,Masonry,-14.023912498758424,-171.70934463729358
1304,Residential,Masonry,-14.023376482466636,-171.7101202929159
1305,Outbuilding,Masonry,-14.0232017357339,-171.71005616615597
1306,Fale,Timber,-14.023106404380203,-171.71027844532438
1307,Outbuilding,Timber,-14.023240239018763,-171.7103034590356
1308,Outbuilding,Masonry,-14.023090636389133,-171.71015286902238
1607,Residential,Masonry,-14.018564849140938,-171.72038972050345
1294,Outbuilding,Masonry,-14.024012311912646,-171.7079050818415
1295,Residential,Masonry,-14.025150698969409,-171.70779056616288
16111,,,-14.023934476500703,-171.6794301400709
9869,,,-14.024660200002735,-171.67612414999977
8698,,,-14.020302050000385,-171.67885024999984
2184,,,-14.032337499995707,-171.6798888499894
12581,,,-14.030107150000214,-171.6829851000001
15964,,,-14.025487979004426,-171.6787311436928
6840,,,-14.023478450004543,-171.68283775000168
15072,,,-14.02398069562862,-171.67822917105397
4042,,,-14.026200893245852,-171.6828497696083
13774,,,-14.024611069742939,-171.6759835614933
7640,,,-14.026347659350657,-171.67803178089093
3256,,,-14.026281800000199,-171.67815119999932
3363,,,-14.020312050001383,-171.67893785000055
1261,Residential,Masonry,-14.025144630572346,-171.69881262303946
1278,Residential,Masonry,-14.020445609024547,-171.70453048221677
1279,Residential,Masonry,-14.018615754149929,-171.7042462088099
1280,Outbuilding,Masonry,-14.01850942006708,-171.70453536294252
1281,Outbuilding,Masonry,-14.016463154957265,-171.70428937248616
1282,Residential,Masonry,-14.015779580936607,-171.70527288364437
1283,Outbuilding,Masonry,-14.01570020653372,-171.70497324775414
1284,Outbuilding,Masonry,-14.015592758019027,-171.70517471789069
1285,Residential,Masonry,-14.021751143897035,-171.7059227384905
1286,Outbuilding,Masonry,-14.024847504687862,-171.70528780151363
1287,Outbuilding,Masonry,-14.025265322626563,-171.70604478860477
1288,Residential,Masonry,-14.02524968694499,-171.7062099564098
1289,Outbuilding,Masonry,-14.0249904182007,-171.70631770633082
1290,Residential,Masonry,-14.025193424252048,-171.70678250294395
1291,Outbuilding,Masonry,-14.025029391480206,-171.70669316432398
1292,Outbuilding,Masonry,-14.024014514708204,-171.7070319314583
12620,,,-14.030959450000633,-171.62801510000034
12777,,,-14.0309596000018,-171.6281243000002
16115,,,-14.032072764916919,-171.6293172759719
17848,,,-14.02185614999855,-171.63293349999844
17573,,,-14.029222106867344,-171.62772722063966
18235,,,-14.032165800000138,-171.6296623499995
9608,,,-14.030600444511926,-171.62831397216698
16935,,,-14.028860199999984,-171.62785565000087
11785,,,-14.030527354675435,-171.62826297632884
8442,,,-14.032035208229445,-171.62970212531846
16631,,,-14.031063373893923,-171.62814079116356
2160,,,-14.03238855000019,-171.62913205
9369,Outbuilding,Masonry,-14.03670724106122,-171.63048459000598
2136,Residential,Masonry,-14.037346609488441,-171.63007927697245
1312,Outbuilding,Masonry,-14.017403188417743,-171.70996450877428
1313,Outbuilding,Masonry,-14.01760063615695,-171.70995159876264
1309,Residential,Masonry,-14.015700281600473,-171.7104074319247
18418,Outbuilding,Masonry,-14.036982800000438,-171.62759259999996
2928,Religious,Masonry,-14.037198941492642,-171.62685771782785
19693,Residential,Masonry,-14.036908011438117,-171.62634309698709
9294,Residential,Masonry,-14.036870434660768,-171.62585941388394
8286,Outbuilding,Masonry,-14.036898251496087,-171.62621603919322
15934,Residential,Masonry,-14.036681489998209,-171.6267252102117
18123,Religious,Masonry,-14.036866649039146,-171.6272681575701
3215,Residential,Masonry,-14.036718447595435,-171.6270669735684
15685,Religious,Reinforced_Concrete,-14.037886158927233,-171.6307829510937
9483,Residential,Masonry,-14.037220001729555,-171.62572463111357
8209,Residential,Masonry,-14.037777925538398,-171.62682619855943
5725,Residential,Masonry,-14.03797731721778,-171.62797951823418
7137,Residential,Masonry,-14.03717140235921,-171.6278291923865
14117,Outbuilding,Timber,-14.036712682168773,-171.629956075033
3383,Residential,Masonry,-14.036931112852015,-171.62993487086345
1311,Residential,Masonry,-14.016427956665922,-171.71010506551193
8488,,,-14.032748749999936,-171.63247035000032
19843,,,-14.031337500000404,-171.62594785000044
7582,,,-14.033368294441205,-171.62706947784187
1725,,,-14.033710639888497,-171.62990107028034
9378,,,-14.033306050004654,-171.63067600000042
14857,,,-14.031313350001563,-171.6258678999995
11794,,,-14.033550719679786,-171.629806209245
4701,,,-14.032589150001655,-171.625863800005
19151,,,-14.032036300002554,-171.63201529999873
17687,,,-14.031609700000553,-171.6329477999999
13207,,,-14.03333618887958,-171.6305233756832
15168,,,-14.034373849997575,-171.62714615000044
12044,,,-14.033278576980344,-171.62891419067262
8008,,,-14.03268285000235,-171.62996690000023
12408,,,-14.027816424158406,-171.62455884423719
13873,,,-14.032077725273586,-171.62889960990515
3384,,,-14.032529471052339,-171.62782284678434
12984,,,-14.032709862141704,-171.6321543766317
14179,,,-14.032693610677574,-171.62777875289567
1502,,,-14.031593711018267,-171.6273244295797
15095,,,-14.031396582909615,-171.63035293313393
12397,Outbuilding,Masonry,-14.037200871494566,-171.62595862419423
16268,Religious,Masonry,-14.037332628157838,-171.62710185417302
4394,Residential,Masonry,-14.036902701101205,-171.62604549814256
17967,Outbuilding,Masonry,-14.036680548232477,-171.6263114872261
18782,Outbuilding,Masonry,-14.036613551059336,-171.6258530482511
773,Outbuilding,Masonry,-14.036648201092934,-171.6260422481897
2079,Residential,Masonry,-14.036957718024999,-171.62655238558216
14993,Residential,Masonry,-14.037295914086402,-171.62736127640977
600,Outbuilding,Masonry,-14.036795091711141,-171.62665222828687
17989,Outbuilding,Masonry,-14.036796929709999,-171.62696796646358
1293,Outbuilding,Masonry,-14.024156201915874,-171.70793462784502
3841,Residential,Masonry,-14.031451949678996,-171.68318106516145
14727,Residential,Masonry,-14.030812064146552,-171.6855775386773
3873,Outbuilding,Masonry,-14.037362562517211,-171.63019158575113
4130,Residential,Masonry,-14.037184645589248,-171.63024748228713
13825,Outbuilding,Masonry,-14.037105059235376,-171.63020563272357
6108,Residential,Masonry,-14.03758383732012,-171.62998431862027
290,Outbuilding,Masonry,-14.037305621970592,-171.62966073398624
6445,Residential,Masonry,-14.037417470314354,-171.62959752249952
518,Residential,Masonry,-14.037712844632646,-171.63027308481045
12827,Residential,Masonry,-14.037421323828761,-171.62971676994428
8111,Residential,Masonry,-14.037713871143586,-171.6301107910266
14990,Outbuilding,Masonry,-14.03668386503404,-171.62986488346465
1684,Fale,Timber,-14.035977322124173,-171.6316532621111
16978,Fale,Timber,-14.036048280606815,-171.6315982005469
8656,Residential,Masonry,-14.037017719488722,-171.62618388317438
19796,Outbuilding,Masonry,-14.036864958014059,-171.6290299324891
8376,Residential,Masonry,-14.037481420298677,-171.62622841803753
12786,Outbuilding,Masonry,-14.037610922783495,-171.62620656559605
5818,Outbuilding,Masonry,-14.036726862509122,-171.62958263860222
12548,Outbuilding,Masonry,-14.037120075254172,-171.6296533938066
2570,Residential,Masonry,-14.036741632019018,-171.62937182742945
15699,Outbuilding,Masonry,-14.03697972614612,-171.6252974676692
16757,Outbuilding,Masonry,-14.037014460583231,-171.626294267241
13192,Outbuilding,Masonry,-14.037216685923022,-171.62538076587612
11864,Outbuilding,Masonry,-14.03734365097571,-171.62531824827343
1391,Outbuilding,Masonry,-14.036786000947671,-171.62519589841108
17940,Residential,Masonry,-14.037144774573333,-171.62977398907404
1274,Residential,Masonry,-14.03687059398918,-171.62936684599623
1830,Residential,Masonry,-14.036723912960847,-171.62890725066828
19761,Outbuilding,Masonry,-14.036655500926214,-171.6286357780818
8337,Residential,Masonry,-14.036759198381054,-171.62602031076423
4094,Residential,Masonry,-14.036575125873512,-171.630776035878
6714,Residential,Masonry,-14.036716510743458,-171.6257115705302
17465,Residential,Masonry,-14.036448569311846,-171.63079336113339
9572,Residential,Masonry,-14.036566416600696,-171.63059604304155
14493,Residential,Masonry,-14.03488823392275,-171.63054404582374
51,Residential,Masonry,-14.036879213892357,-171.6295621303363
16567,Residential,Masonry,-14.037047783026646,-171.62774449002052
11472,Outbuilding,Masonry,-14.03668193698642,-171.63069023728696
18751,Outbuilding,Masonry,-14.036597602030694,-171.63089424089858
8132,Outbuilding,Masonry,-14.036979869916754,-171.62952675846344
16662,Outbuilding,Masonry,-14.0367309445155,-171.62920229908923
10644,Outbuilding,Masonry,-14.036926729511913,-171.62784728077543
18500,Outbuilding,Masonry,-14.036801339466361,-171.62622010986303
11348,,,-14.028581924633972,-171.62155647344184
13103,,,-14.03040803379841,-171.61848537184764
19614,,,-14.028490425085101,-171.62176642385617
19462,,,-14.029490149997896,-171.62231930000013
1090,,,-14.030239215259648,-171.61849927510661
14946,,,-14.028633171639122,-171.6195227636606
4536,,,-14.020747982273864,-171.61940843469515
14479,,,-14.02939931492644,-171.62221356767947
3182,,,-14.028474930311726,-171.62189823594255
2804,,,-14.02718179627811,-171.61972857247673
583,,,-14.02936192662574,-171.62084789060356
18506,,,-14.03188695971411,-171.6198483701482
2793,,,-14.0304644125258,-171.6206969733801
9008,,,-14.027080174141119,-171.61981005937088
15899,,,-14.029431700001327,-171.62080330000026
7660,,,-14.029864249997566,-171.62093794999888
10247,,,-14.028035729787176,-171.62106680401533
10306,,,-14.029375540000418,-171.62232992569668
7315,,,-14.02888517563622,-171.62354406088397
10567,,,-14.02852190000085,-171.61952545000028
16471,,,-14.027718365942398,-171.62452101845975
1344,Residential,Masonry,-14.021761465429968,-171.71216664478627
1345,Outbuilding,Masonry,-14.021276788762531,-171.71273510142956
1346,Residential,Masonry,-14.020938535013542,-171.71282717903853
1347,Residential,Masonry,-14.02054524291874,-171.7136257382547
1348,Residential,Masonry,-14.020328774420735,-171.71373635364097
1349,Outbuilding,Masonry,-14.02024849718301,-171.71357376439232
1350,Outbuilding,Masonry,-14.020055476541987,-171.7136303881319
1351,Outbuilding,Masonry,-14.020377109628186,-171.7135908647669
1352,Outbuilding,Masonry,-14.02035140081631,-171.71393490226197
1353,Outbuilding,Masonry,-14.020196759207078,-171.71371961277666
1354,Outbuilding,Masonry,-14.020144913729737,-171.71416313862795
1355,Residential,Masonry,-14.020152993789042,-171.71436172227484
1356,Outbuilding,Masonry,-14.019977186085175,-171.7143573927448
1357,Outbuilding,Masonry,-14.019949846294875,-171.7146496018292
1358,Outbuilding,Masonry,-14.020051344426617,-171.71475762068818
1359,Outbuilding,Masonry,-14.017829234701878,-171.71766466934886
1541,Religious,Reinforced Concrete,-14.028327652121535,-171.69881306730997
1542,Residential,Masonry,-14.027965857256904,-171.6992421960175
1543,Outbuilding,Masonry,-14.028087819948823,-171.69934893617685
1544,Residential,Masonry,-14.026408901507173,-171.69766372792438
1545,Outbuilding,Masonry,-14.027051121346503,-171.70154646387553
1546,Residential,Masonry,-14.026259936242013,-171.6984765582586
1547,Residential,Masonry,-14.026856113189233,-171.6992640320317
1548,Outbuilding,Masonry,-14.025653236849017,-171.69922930073736
1549,Outbuilding,Masonry,-14.02578240887324,-171.6992598818714
1550,Residential,Masonry,-14.026297052064507,-171.70025376012683
1551,Residential,Masonry,-14.026256256102114,-171.70042280121157
1552,Outbuilding,Masonry,-14.026317495009735,-171.7006922788113
1553,Outbuilding,Masonry,-14.026342218446537,-171.70044904784837
1554,Residential,Masonry,-14.025622361378607,-171.69972393116265
9998,,,-14.023504288080115,-171.67679541888202
1342,Residential,Masonry,-14.022462285560369,-171.71153864466814
1343,Outbuilding,Masonry,-14.0222787565259,-171.7116148561488
17858,,,-14.025037718820597,-171.67668270336736
2755,,,-14.022673750001315,-171.6826439500002
17607,,,-14.024227950003345,-171.67732015000095
921,,,-14.022879165594064,-171.6826930818186
14855,,,-14.023859079444076,-171.68214408811173
3302,,,-14.02398827674718,-171.67932348495466
14746,,,-14.022883800003479,-171.68090795000185
17596,,,-14.023871950001418,-171.68053685000012
8387,,,-14.021951258246153,-171.68329022956001
16239,,,-14.030494350001232,-171.68278255000075
14001,,,-14.022875158171807,-171.68248397704374
12167,,,-14.023973834390738,-171.68221796916328
8647,,,-14.025613600001241,-171.67866260000048
12348,,,-14.023460079237747,-171.68297314290976
12617,,,-14.02321025000042,-171.67952019999996
18851,,,-14.022711630766384,-171.6808865869291
18218,,,-14.023759178058906,-171.68051953684963
18102,,,-14.025909182201818,-171.6778477981661
17225,,,-14.025138503122603,-171.67767523110936
9159,,,-14.022743849998726,-171.68250394999623
13110,,,-14.022130759026757,-171.67988567995016
13010,,,-14.023913450000958,-171.6802524000003
14018,,,-14.026107033592936,-171.68291237097438
4472,,,-14.032085421162675,-171.6797706580474
17173,,,-14.025284614478478,-171.68158524765155
13571,,,-14.02812857597086,-171.67759715010527
4531,,,-14.02501589804285,-171.67232932871175
7319,,,-14.023887011565039,-171.6796596354146
10308,,,-14.02294186916875,-171.68108053389892
1314,Residential,Masonry,-14.018513419849494,-171.70952727348651
1315,Outbuilding,Masonry,-14.018421207111853,-171.70952825800538
1316,Fale,Timber,-14.018338525278445,-171.7095014952152
1317,Residential,Masonry,-14.019211485276067,-171.70954218983474
1318,Outbuilding,Masonry,-14.019209798372435,-171.7096927247697
1319,Residential,Masonry,-14.019707432232435,-171.7097573770947
1320,Residential,Masonry,-14.019956657107375,-171.70979184147367
1321,Outbuilding,Masonry,-14.02010932165618,-171.70981924665185
1322,Residential,Masonry,-14.020301931016169,-171.70978514033104
1323,Outbuilding,Masonry,-14.020285101352808,-171.70999871602982
1324,Outbuilding,Masonry,-14.02065085307248,-171.71000390828124
1325,Outbuilding,Masonry,-14.020785317755122,-171.70981985497215
1326,Outbuilding,Masonry,-14.020641701383337,-171.71011981183898
1327,Outbuilding,Masonry,-14.020672026589706,-171.70984209410972
1328,Outbuilding,Masonry,-14.020416879490421,-171.71010792491109
1329,Outbuilding,Masonry,-14.021096825872094,-171.7100502265965
1330,Outbuilding,Masonry,-14.021706526979571,-171.71013191717805
1331,Outbuilding,Masonry,-14.021888843188107,-171.7105465126432
1332,Residential,Masonry,-14.022513045143564,-171.71048372970753
1333,Outbuilding,Masonry,-14.022440262588521,-171.71035547813457
1334,Residential,Masonry,-14.022651189728366,-171.71078882390216
1335,Residential,Masonry,-14.022572188204089,-171.71096422825363
1336,Residential,Masonry,-14.02233439027969,-171.71088684326645
1337,Outbuilding,Masonry,-14.022398902496887,-171.7107319653006
1338,Outbuilding,Masonry,-14.022272817512468,-171.71070033986504
1339,Outbuilding,Masonry,-14.022203054621018,-171.71089861952169
1340,Residential,Masonry,-14.022453719441156,-171.7111604038577
1341,Outbuilding,Masonry,-14.022256088525651,-171.71121541991192
1807,,,-14.036327199999908,-171.5819994
18939,,,-14.038518599931527,-171.58319179992154
8528,Residential,Masonry,-14.035541950000432,-171.67817074999687
9651,Outbuilding,Masonry,-14.030029994796914,-171.68537385037814
16787,,,-14.027958909534942,-171.62108887051772
14050,,,-14.027865750000064,-171.62126410000113
18178,,,-14.03257374999896,-171.6196989000003
54,,,-14.031380400003002,-171.62030654999865
19796,,,-14.028450750000319,-171.62167785000003
9226,,,-14.030193725090532,-171.61860209405862
8025,,,-14.028548299999542,-171.6219109499998
8123,,,-14.030554700000026,-171.62102920000007
6323,,,-14.029928700000246,-171.62101734999993
13244,,,-14.031431999998993,-171.62010175000412
13098,,,-14.030543186402586,-171.6208287755524
12742,,,-14.02788942064556,-171.62111934137835
17662,,,-14.028675600001728,-171.62166015000082
7979,,,-14.030260100000234,-171.61861560000003
12194,,,-14.02229967347534,-171.62238185555688
16623,,,-14.027719771700395,-171.62322626254786
6127,,,-14.03148675755184,-171.6203585706095
16161,,,-14.030523699999684,-171.61789854999995
4024,,,-14.03031859999998,-171.61838235000002
2735,,,-14.029079703413311,-171.6189465796031
5140,,,-14.031204750000423,-171.61779875000005
6524,,,-14.03061791077776,-171.61782677612658
19686,,,-14.029088028994646,-171.61909739061215
5056,,,-14.029211950004779,-171.61897960000005
15281,,,-14.029856700001844,-171.61953900000083
11939,,,-14.024805899999627,-171.61819905000021
19789,,,-14.031295695957436,-171.61775562490908
14788,,,-14.024825799999979,-171.61825505000016
1662,,,-14.030529027891923,-171.61781494165686
5206,,,-14.029032200000342,-171.61890980000007
13884,,,-14.029812329607326,-171.61969084594278
16672,Residential,Masonry,-14.029075106942786,-171.70089686580178
14333,Residential,Masonry,-14.036739006986675,-171.62858142148238
1555,Outbuilding,Masonry,-14.025493963970135,-171.69994512001182
1556,Residential,Masonry,-14.025461320921158,-171.70042479906465
14738,,,-14.02903000000076,-171.6190202500001
1160,,,-14.027138550000352,-171.62244895000003
9552,,,-14.029151833986518,-171.61977761833634
11709,,,-14.027050911303204,-171.6225376736594
6094,,,-14.029127800000449,-171.61884315000026
9802,,,-14.02467640000069,-171.62192860000042
16253,,,-14.031151450002604,-171.6179425500002
18729,,,-14.027082958564316,-171.61970007628722
11396,,,-14.027037048787788,-171.62240835337866
16409,,,-14.027451661693476,-171.62368380411712
16637,,,-14.028086787059202,-171.62123729858837
14739,,,-14.02821662297256,-171.6210778201065
10347,,,-14.030306816767526,-171.61796502940427
14374,,,-14.027572967008947,-171.62340200379325
19387,,,-14.029661049254544,-171.61963588633458
10750,,,-14.0303180486137,-171.62000770736967
7779,Religious,Reinforced Concrete,-14.034944255149865,-171.6200004061888
15815,Residential,Masonry,-14.03480899534464,-171.62029069203768
13213,Residential,Masonry,-14.03464984518589,-171.61870489292662
6910,Residential,Masonry,-14.033721475871431,-171.61819966475554
13391,Residential,Masonry,-14.033303142265494,-171.61796714215808
6320,Residential,Masonry,-14.033391963688342,-171.61736075727606
16307,Outbuilding,Masonry,-14.033441421791665,-171.61838363770653
4489,Outbuilding,Masonry,-14.034177200000016,-171.6199617000003
17156,Residential,Masonry,-14.033806290839813,-171.61841792803443
9261,Residential,Masonry,-14.033587399999277,-171.61833049999944
4089,Residential,Masonry,-14.033470099999553,-171.6183058500002
10531,Outbuilding,Masonry,-14.03309350000025,-171.61952575000004
7840,Outbuilding,Masonry,-14.03269796953324,-171.61836126532708
12338,,,-14.030356775106759,-171.61861664425572
11571,Outbuilding,Masonry,-14.032646137383566,-171.61984147464503
9336,Residential,Masonry,-14.033991050021804,-171.61980979999166
76,Residential,Masonry,-14.03316140754017,-171.61942192934515
10450,Residential,Masonry,-14.032818836768916,-171.61826255904808
7536,Residential,Masonry,-14.034043312191084,-171.61958289014746
9001,Outbuilding,Masonry,-14.033659692316313,-171.6183105449876
4014,Residential,Masonry,-14.034092109494065,-171.6190245255526
3919,Residential,Masonry,-14.034206087102168,-171.6198424863756
19080,Outbuilding,Masonry,-14.033281866208522,-171.61953180032842
10972,Residential,Masonry,-14.034246562159023,-171.61996172468915
10861,Residential,Masonry,-14.034782245339944,-171.61911055366423
102,Residential,Masonry,-14.034580329603028,-171.6189686653825
7185,Residential,Masonry,-14.034649337914045,-171.61915337249354
15878,Residential,Masonry,-14.035333549050153,-171.62095030648553
17416,Outbuilding,Masonry,-14.034477162948422,-171.61842505019254
8302,Outbuilding,Masonry,-14.034935795048108,-171.62095717930742
16606,Residential,Masonry,-14.034687434048916,-171.61939527993033
9885,Residential,Masonry,-14.034568775263905,-171.61944158437026
13271,Residential,Masonry,-14.03436129290216,-171.61847538549338
18200,Residential,Masonry,-14.034591623017564,-171.61980348889898
6705,Outbuilding,Masonry,-14.034484767031445,-171.61910157002157
12386,Residential,Masonry,-14.035531200000309,-171.62113410000066
5398,Residential,Masonry,-14.035081850000429,-171.62098225000108
19371,Outbuilding,Masonry,-14.035659799999829,-171.62117065000095
13752,Outbuilding,Masonry,-14.03526002263364,-171.62109753718136
8046,Outbuilding,Masonry,-14.034672304559054,-171.6197793737259
16623,Outbuilding,Masonry,-14.034241255477921,-171.6185858582172
14737,Residential,Masonry,-14.033241971917219,-171.6180816066209
19807,Residential,Masonry,-14.033883943145465,-171.617811177305
14064,Residential,Masonry,-14.035014106712088,-171.62064657976393
6833,Residential,Masonry,-14.034295753083851,-171.6189366419605
1361,Residential,Masonry,-14.015902226174898,-171.720536472685
8413,Residential,Masonry,-14.033964629822886,-171.6172270718653
6956,Residential,Masonry,-14.03459442233195,-171.6184494357176
8738,Residential,Masonry,-14.040430306446613,-171.6008591655162
13403,Residential,Masonry,-14.040551385590337,-171.6006522472681
13191,Residential,Masonry,-14.040988389594247,-171.60203870080196
12260,Outbuilding,Masonry,-14.041051180896341,-171.60186458542736
3657,Outbuilding,Timber,-14.04107463275683,-171.60206632308436
19833,Residential,Masonry,-14.041044945962373,-171.60131527412074
11827,Residential,Masonry,-14.040903084122666,-171.6009109272206
5263,Residential,Masonry,-14.040876008304998,-171.60062227501754
7012,Outbuilding,Timber,-14.041011807461679,-171.60041977115384
7686,Education,Masonry,-14.039826423040894,-171.60175220308238
4970,Tourist Fale,Timber,-14.039829564023837,-171.60340435217705
1174,Residential,Masonry,-14.039540727300384,-171.60343764676313
8064,Residential,Masonry,-14.03930434840613,-171.60279730705986
8355,Outbuilding,Masonry,-14.039886251858317,-171.59975664933162
7290,Outbuilding,Masonry,-14.041004857133805,-171.601434707302
9154,Outbuilding,Masonry,-14.039501663790684,-171.6015089892682
13959,Residential,Masonry,-14.03929583323334,-171.6017386319038
13826,Outbuilding,Masonry,-14.039066244366376,-171.6011005399517
6187,Residential,Masonry,-14.040436254181516,-171.60051720606282
6149,Residential,Masonry,-14.040051309415453,-171.600543204506
4214,Fale,Masonry,-14.040381783335482,-171.6003669290503
10093,Outbuilding,Masonry,-14.040323188335092,-171.6003444238342
12609,Outbuilding,Masonry,-14.040269931868062,-171.60040206585194
13728,Residential,Masonry,-14.040055986114725,-171.59982372454593
8542,Outbuilding,Masonry,-14.039956967739636,-171.59970210551234
10077,Hotel,Masonry,-14.042853124256427,-171.59471539999225
17978,,,-14.038285787290388,-171.59243792193922
13922,,,-14.03838428731841,-171.59234347831216
18276,,,-14.038744620774722,-171.5940951656382
14352,,,-14.03578409999456,-171.58141999999708
1376,,,-14.038493228368836,-171.5926824478209
18543,,,-14.03575765000315,-171.58162630000024
9624,,,-14.038750757648033,-171.5923661282028
16731,,,-14.035615921061048,-171.58145926263296
1980,,,-14.038828850001268,-171.5922020000004
10526,,,-14.035946585145947,-171.5836011253623
15622,,,-14.038158049999948,-171.58770114999862
16157,,,-14.036100112664718,-171.58433443081952
3139,,,-14.036164992211544,-171.58462382785527
5554,,,-14.036165639660286,-171.58450842757182
12869,,,-14.0383490242808,-171.58776700533318
16368,,,-14.0360585265371,-171.58449906166823
6534,,,-14.035732650000954,-171.57902530000007
17557,,,-14.037422350002663,-171.58697509999607
9013,,,-14.035713973741087,-171.5787679443067
10468,,,-14.03763205000284,-171.58693729999578
7552,,,-14.036805556712098,-171.58629041407153
12632,,,-14.038368943603928,-171.5893771234342
7420,,,-14.037956873884372,-171.58933781459862
18760,,,-14.03820481768417,-171.58918658467044
16294,,,-14.035589287516606,-171.5803452730608
2505,,,-14.035419022606577,-171.58019496187623
6601,,,-14.040094649999743,-171.5829012999942
15153,,,-14.038160727028128,-171.58202864306892
2575,,,-14.036225904408491,-171.58150207654143
881,,,-14.037156150012175,-171.58232185000332
3680,,,-14.038967800000451,-171.58189669999976
19907,,,-14.039955650008352,-171.58275980000332
17797,,,-14.044179553658756,-171.58394588423292
3846,,,-14.037369322937783,-171.5815670094141
13574,,,-14.036269696369136,-171.58060337354385
2459,Residential,Masonry,-14.03430328882609,-171.68558806829935
19389,Outbuilding,Masonry,-14.031376361363433,-171.68413977734667
16894,Residential,Masonry,-14.034533945109892,-171.61821053855363
4689,Residential,Timber,-14.035542731710214,-171.61974516358958
659,Outbuilding,Timber,-14.034262103837628,-171.6182377196581
304,Community,Masonry,-14.035255128897811,-171.62020302473348
10511,Residential,Masonry,-14.035112631586735,-171.61906587050947
19469,Outbuilding,Masonry,-14.034058155659805,-171.61783131759324
19950,Outbuilding,Masonry,-14.035855264787381,-171.6214136698381
13938,Residential,Masonry,-14.035796156611905,-171.6211824582237
12827,Outbuilding,Masonry,-14.035688244044849,-171.62137937918538
18891,Outbuilding,Masonry,-14.034065471155778,-171.61787243867616
17268,Outbuilding,Masonry,-14.033838950000249,-171.61735570000042
5615,Outbuilding,Masonry,-14.03389527024599,-171.61734719062673
5236,Residential,Masonry,-14.034951378978336,-171.61968847343653
10885,Outbuilding,Masonry,-14.035349895014186,-171.61878838050967
2109,Outbuilding,Masonry,-14.035459255470409,-171.618776718568
14434,Outbuilding,Masonry,-14.035190200001875,-171.61945919999994
7956,Residential,Masonry,-14.034840401100197,-171.61933201025266
6863,Outbuilding,Masonry,-14.035722615603829,-171.62132871928898
10913,Outbuilding,Masonry,-14.035907720495647,-171.62133554559543
6475,Outbuilding,Masonry,-14.034059892559016,-171.62215062523748
4503,Residential,Masonry,-14.034855028352853,-171.62053410331202
1690,Outbuilding,Masonry,-14.034669648594216,-171.6204055412872
8576,Fale,Masonry,-14.034631245604034,-171.62035109011467
18049,Fale,Masonry,-14.034615632391018,-171.6201843322713
19818,Fale,Masonry,-14.034615113943614,-171.61990269928717
8039,Residential,Masonry,-14.034148567585486,-171.61922422816596
6697,Outbuilding,Masonry,-14.03448999889247,-171.6190323059049
5636,Outbuilding,Masonry,-14.034574935970364,-171.61866037123625
7963,Outbuilding,Masonry,-14.03444899259484,-171.61867191087387
4029,Residential,Masonry,-14.033423230847179,-171.61788014183801
18378,Residential,Masonry,-14.033568080948537,-171.6172592830629
17588,Residential,Masonry,-14.032754414031976,-171.61815007248006
13212,Outbuilding,Masonry,-14.03316953148966,-171.6179508154936
1833,Outbuilding,Masonry,-14.033204256902241,-171.6180203916391
155,Outbuilding,Masonry,-14.033150802657797,-171.61804885492816
6797,,,-14.0107976000012,-171.61355880000022
7070,,,-14.019986046520852,-171.61740251015746
9339,,,-14.022521250000656,-171.61654315000004
3086,,,-14.01933095000079,-171.6175727500001
13186,,,-14.019206649999935,-171.61804585000039
12888,,,-14.020323291566573,-171.61653317533577
16949,,,-14.019202399999678,-171.6181170500001
7081,,,-14.020598849999775,-171.6178011500002
260,,,-14.020685250001382,-171.61645650000008
9691,,,-14.02081449999936,-171.6175585000007
17261,,,-14.02117620000062,-171.61635520000007
5200,,,-14.020545349999102,-171.61751515000176
10859,,,-14.021108208441566,-171.61625481901652
17279,,,-14.021559872037816,-171.61652410674031
16639,,,-14.017913999999402,-171.61788179999928
17994,,,-14.017921676337084,-171.6179818832782
13908,,,-14.019962119014094,-171.61755323550219
5781,,,-14.016949150006642,-171.61797975000002
4583,,,-14.019817299999378,-171.6168584999994
11842,,,-14.021236599989152,-171.61702355000529
6081,,,-14.020185877400134,-171.6175784556154
4588,,,-14.020504349999348,-171.6176759000006
9310,,,-14.02074269999898,-171.6174608500007
9823,,,-14.020580011802092,-171.6165847723138
10198,,,-14.021328450002084,-171.61718400000018
7958,,,-14.020041788093225,-171.61759502861787
6137,,,-14.020347105424303,-171.6175802224127
18574,Residential,Masonry,-14.030321911306004,-171.68527985852663
16613,Residential,Masonry,-14.034566081989139,-171.67741299289472
6272,Residential,Masonry,-14.030215959423257,-171.68524651137406
1567,Outbuilding,Masonry,-14.035911048039432,-171.67894301712374
1032,Outbuilding,Masonry,-14.030701544561454,-171.68390745810206
12486,Residential,Masonry,-14.031272655701555,-171.68271907893106
9294,Residential,Masonry,-14.034631200000087,-171.67729684999918
7306,Residential,Masonry,-14.032124302129745,-171.68028270672957
2400,Residential,Masonry,-14.035842609181499,-171.67871834570792
9135,Outbuilding,Masonry,-14.030654805591075,-171.6837940199493
2603,Residential,Masonry,-14.032111532209623,-171.6799146638179
17247,Residential,Masonry,-14.030609277379078,-171.68389551182256
9050,Residential,Masonry,-14.03078401226571,-171.6838020106202
12139,Residential,Masonry,-14.033718583267323,-171.67854092471464
12823,Outbuilding,Timber,-14.033674715363539,-171.67842725818812
9784,Residential,Masonry,-14.03516649134211,-171.68181098795685
8227,Outbuilding,Timber,-14.033586906396755,-171.67844428020814
6648,Residential,Masonry,-14.033308254451288,-171.67801623304135
17592,Residential,Masonry,-14.035997812590692,-171.67956698238544
19808,Outbuilding,Timber,-14.035385068077083,-171.67870353646583
2877,Outbuilding,Timber,-14.03403453152789,-171.67909113369066
17965,Residential,Masonry,-14.03410930790053,-171.67915722568193
10962,Outbuilding,Timber,-14.034003051589162,-171.67916889761295
1649,Outbuilding,Timber,-14.033963394912952,-171.67924238143112
5415,Residential,Masonry,-14.034939090312895,-171.68263507214317
2494,Residential,Masonry,-14.03465615283003,-171.68344238529292
17878,Residential,Masonry,-14.034724625476983,-171.68318797540795
10047,Residential,Masonry,-14.035014252555513,-171.68388213783788
2385,Fale,Timber,-14.034366397337353,-171.684185533632
3786,Fale,Timber,-14.034501707798547,-171.68433722439988
8780,Residential,Masonry,-14.032024024516998,-171.6860928394253
1555,Residential,Timber,-14.032212193307375,-171.6858994911429
2814,Outbuilding,Timber,-14.033406397450927,-171.68443188219837
2598,Outbuilding,Timber,-14.032341176774688,-171.68487652031774
14001,Fale,Timber,-14.031830464525816,-171.6860445957499
13102,Residential,Masonry,-14.031989143341074,-171.68390606294287
4470,Residential,Masonry,-14.032116252901206,-171.68396335429694
9497,Residential,Masonry,-14.033291282638658,-171.68458523030202
16874,Residential,Masonry,-14.03249099487753,-171.6847913889285
4534,Residential,Masonry,-14.03180683268944,-171.68583976659167
14276,Residential,Masonry,-14.031860333056791,-171.68553329767374
13929,Residential,Masonry,-14.035760213208553,-171.67946572861212
14303,Residential,Masonry,-14.03602158246516,-171.67985990866137
17520,Religious,Reinforced_Concrete,-14.036627034842503,-171.6794265244151
1821,Residential,Masonry,-14.03539771592877,-171.67880101589108
14606,Residential,Masonry,-14.035295688826247,-171.6789616312733
14073,Residential,Timber,-14.034899268999112,-171.67855151227897
4572,Outbuilding,Timber,-14.03471352857635,-171.67827240738202
8201,Residential,Masonry,-14.034095755182355,-171.67808297950506
12656,Outbuilding,Timber,-14.03421210029341,-171.67803269243439
9263,Outbuilding,Masonry,-14.03337458164714,-171.67914345901542
18708,Residential,Masonry,-14.033459913801417,-171.67902481103175
16362,Residential,Masonry,-14.03332020693574,-171.67899233113215
11176,Community,Masonry,-14.036068435490355,-171.67924840907014
11866,Outbuilding,Masonry,-14.031535662304812,-171.68305791510846
6934,Outbuilding,Masonry,-14.031588814329016,-171.68285829683424
13651,Residential,Masonry,-14.031618997168927,-171.68316086107092
12685,Residential,Masonry,-14.034155727549217,-171.67904545028577
107,Residential,Masonry,-14.036138240159293,-171.67894652563984
18740,Outbuilding,Masonry,-14.034080700001262,-171.68540340000084
19687,,,-14.028723606621458,-171.6095208257659
11803,,,-14.028708544909964,-171.60936842537217
4833,,,-14.033439639609876,-171.61086742100798
10743,,,-14.031116850000359,-171.61439014999885
18568,,,-14.02809685697238,-171.67774213915104
18823,,,-14.020781650000124,-171.61645149999984
15608,,,-14.017057722546975,-171.61800105918607
1557,Residential,Masonry,-14.025442687424123,-171.7014067737837
1558,Outbuilding,Masonry,-14.025600706986939,-171.7013216616549
1559,Residential,Masonry,-14.025682606240537,-171.7026578117502
1560,Fale,Masonry,-14.025594953037825,-171.70249331393097
1561,Outbuilding,Masonry,-14.025739473520014,-171.7024510355367
1562,Outbuilding,Masonry,-14.025817728765189,-171.70255030361895
1563,Residential,Masonry,-14.02583035940259,-171.70523404958132
1564,Outbuilding,Masonry,-14.025849014216645,-171.7058433173809
1565,Outbuilding,Masonry,-14.026044495435341,-171.70631082800966
1566,Outbuilding,Masonry,-14.025913708767922,-171.70824303602384
1567,Residential,Masonry,-14.025762952987392,-171.7082971502636
1568,Residential,Masonry,-14.02542891625917,-171.70862892211193
1569,Outbuilding,Masonry,-14.025604086424872,-171.70865450913288
1570,Religious,Masonry,-14.025020463694212,-171.70922890404992
1571,Outbuilding,Masonry,-14.025690633690662,-171.7093013313745
1572,Outbuilding,Masonry,-14.025054510525797,-171.70969063964722
1573,Outbuilding,Masonry,-14.02516000522176,-171.70965078527524
1574,Residential,Masonry,-14.024863494189942,-171.7096330925682
1575,Residential,Masonry,-14.024561637846986,-171.70949043818624
1576,Residential,Masonry,-14.024447846136743,-171.70962243875624
1577,Residential,Masonry,-14.024420230182798,-171.7098396459614
1578,Residential,Masonry,-14.024323995665497,-171.70997748751566
1579,Residential,Masonry,-14.024010797118214,-171.710457872768
1580,Outbuilding,Masonry,-14.024181799861772,-171.71053950130369
1581,Outbuilding,Masonry,-14.024084832205043,-171.71070242862493
1582,Outbuilding,Masonry,-14.024061031654869,-171.71082182899025
1583,Residential,Masonry,-14.023880185456386,-171.71069711951952
1584,Residential,Masonry,-14.022813267060037,-171.71184336028435
1585,Residential,Masonry,-14.021744502446955,-171.7135192204947
1586,Residential,Masonry,-14.020918490475843,-171.714258007313
1587,Residential,Masonry,-14.020787050242348,-171.71467260821595
1588,Residential,Masonry,-14.020748540009075,-171.71481754338532
1589,Outbuilding,Masonry,-14.020815727011529,-171.71498220410137
1590,Residential,Masonry,-14.019864255228342,-171.7162050945479
1591,Residential,Masonry,-14.019664592777563,-171.71651678926207
1592,Residential,Masonry,-14.019628021710567,-171.71666559240248
1593,Residential,Masonry,-14.019532019408922,-171.71692211997296
1594,Residential,Masonry,-14.019673212065497,-171.71698662369093
1595,Residential,Masonry,-14.019814614155106,-171.71763787850273
1596,Residential,Masonry,-14.019412407993954,-171.7172953063048
1597,Residential,Masonry,-14.019317866115756,-171.71724028000534
1598,Residential,Masonry,-14.019060903231662,-171.71773451095152
1599,Outbuilding,Masonry,-14.018969702451065,-171.71795911748845
1600,Outbuilding,Masonry,-14.018844216480046,-171.71787363074395
1601,Outbuilding,Masonry,-14.019416756151866,-171.7174156253873
1602,Outbuilding,Masonry,-14.019176896125465,-171.71732169977864
1603,Outbuilding,Masonry,-14.018760230240858,-171.71783314201707
1604,Outbuilding,Masonry,-14.01818822736881,-171.71930788731868
1605,Outbuilding,Masonry,-14.017963745714582,-171.7189386925649
1606,Outbuilding,Masonry,-14.01755048675105,-171.7191028203867
12193,,,-14.018249573332962,-171.70373322281864
15047,,,-14.018183258350865,-171.70362075684625
1864,,,-14.016093550410554,-171.704286620782
3181,,,-14.003271650000608,-171.70971680000008
14224,,,-14.009421100002687,-171.71256300000192
12059,Residential,Masonry,-14.028303687910128,-171.6972585492848
1536,Residential,Masonry,-14.028511242486212,-171.6975631997325
1537,Outbuilding,Masonry,-14.028621566888663,-171.69759133498474
1538,Outbuilding,Masonry,-14.028490503285056,-171.69783806301055
1539,Residential,Masonry,-14.02906066866631,-171.6985894863816
1540,Residential,Masonry,-14.028817055772342,-171.69879078927679
1169,Outbuilding,Masonry,-14.028581932029816,-171.69713692678897
5760,Outbuilding,Masonry,-14.033981200000568,-171.6853566999995
4223,Outbuilding,Masonry,-14.03061512605255,-171.68583029775763
15282,Outbuilding,Masonry,-14.032290600000609,-171.6806340499981
3451,Outbuilding,Masonry,-14.032474006378575,-171.6804557816653
15000,Residential,Masonry,-14.031300249999887,-171.68389539999978
477,Residential,Masonry,-14.030645867455698,-171.68567796697783
4476,Residential,Masonry,-14.031505612245912,-171.6853686228313
2303,Residential,Masonry,-14.03132819277085,-171.68576209497928
12650,Residential,Masonry,-14.031768781297965,-171.68528863286298
2416,Residential,Masonry,-14.031447421604508,-171.6851798087398
14856,Residential,Masonry,-14.034566688721998,-171.6771805067076
19982,Residential,Masonry,-14.035749587413253,-171.67899599656147
12590,Outbuilding,Masonry,-14.035903588150894,-171.678829195767
19071,Outbuilding,Masonry,-14.035858164076451,-171.67952257220963
19244,Outbuilding,Masonry,-14.035694182230767,-171.67913967543743
9245,,,-14.019908450001218,-171.66803870000032
12404,,,-14.02083406989999,-171.66987135528026
8054,,,-14.025938480720448,-171.67165250971667
13357,,,-14.037336073357253,-171.6760031566852
1540,,,-14.025883950002415,-171.6718054500009
8445,,,-14.036353959328768,-171.67807752111267
7709,,,-14.02751603842537,-171.6715992179854
18631,,,-14.025686441813724,-171.66990637193425
12302,,,-14.025804900000608,-171.67174375000036
14897,,,-14.037761707859696,-171.67703314582678
18522,,,-14.026662150000051,-171.671324049999
12434,,,-14.025552650009224,-171.66988700001045
607,,,-14.02563266848492,-171.6704914622655
8361,,,-14.026171950005216,-171.67052550000193
3297,,,-14.035714949999939,-171.6768679999987
1088,,,-14.036695828120427,-171.6759034949957
18893,,,-14.025958072080527,-171.67102095660871
7424,,,-14.026241949999967,-171.67043579999958
4421,,,-14.034631190507172,-171.6766438672903
1922,,,-14.036089800000559,-171.675648999999
12574,,,-14.026314983027127,-171.66979338354272
15346,,,-14.03751589999992,-171.67587554999966
913,,,-14.037644983318668,-171.67708214643613
12008,,,-14.02563291690132,-171.67033508419004
19023,,,-14.026339949999894,-171.67113204999845
3201,,,-14.03460004453299,-171.67674523312135
7977,,,-14.035734300002161,-171.67558774999975
13272,,,-14.025544999999338,-171.67049624999822
10794,,,-14.034520630682552,-171.67669089629698
10659,,,-14.026533442774534,-171.66792591769666
17426,,,-14.026360750002311,-171.66790595000273
16354,,,-14.025664441786736,-171.67153501878093
8848,,,-14.036337481736739,-171.67786544741222
12147,,,-14.027301810446328,-171.67086132243557
8615,,,-14.026464869336145,-171.66780959239136
18891,,,-14.037437450000326,-171.67610280000008
18197,,,-14.037390429283866,-171.67678958443324
17157,,,-14.037912800003303,-171.6766804500024
6395,,,-14.036194081501323,-171.67783999669038
7835,,,-14.027877116316088,-171.6717777988037
10520,,,-14.036417200001196,-171.67799889999802
5270,,,-14.026579800002427,-171.66738994999133
5162,,,-14.026102389528381,-171.67101409064443
9931,,,-14.031528000000874,-171.67324444999994
16181,,,-14.032404049999801,-171.6738207499994
18800,,,-14.031265718702159,-171.67346245392082
16175,,,-14.032291919654439,-171.67406970767746
18244,Tourist Fale,Timber,-14.040177956605085,-171.49538645042955
12677,Residential,Masonry,-14.03376735479356,-171.6194362521314
9716,,,-14.034390843090913,-171.67491977040095
11537,,,-14.034986300000094,-171.67507224999912
8973,,,-14.033223800000702,-171.67513979999427
9113,,,-14.030149450001,-171.67277749999838
10134,,,-14.031602900001216,-171.67344204999878
16463,,,-14.032305719223011,-171.67385875491826
15113,,,-14.031477331335575,-171.67335554474812
8223,,,-14.031506700000977,-171.6734471499983
7341,,,-14.034389038262756,-171.6747762691375
11785,,,-14.034954370315376,-171.67517835626253
10643,,,-14.03066626786195,-171.67404910743844
8441,,,-14.030828300000678,-171.67365380000058
8299,,,-14.032469808097654,-171.67401027668356
6608,,,-14.032978287967941,-171.67423877087657
14457,,,-14.033091118575427,-171.67504825363375
17509,,,-14.034307330722896,-171.67484529566497
17436,,,-14.030890993959343,-171.6739237856092
11476,,,-14.031847810888243,-171.67368910719284
1813,Outbuilding,Timber,-14.037177921957745,-171.6783226779384
6372,Residential,Masonry,-14.037236333472608,-171.67819392625674
16955,Residential,Masonry,-14.037343497171747,-171.67826966015627
4934,Residential,Masonry,-14.03732301151299,-171.67761953904346
14925,Residential,Masonry,-14.037889993748852,-171.67703063766672
2036,Residential,Masonry,-14.038570418380719,-171.67788264424388
4294,Outbuilding,Timber,-14.038643576544501,-171.67788207313754
18192,Outbuilding,Masonry,-14.038772512174651,-171.67803071881463
10242,Residential,Timber,-14.038963073847004,-171.6775859163217
4612,Residential,Masonry,-14.038883280168621,-171.67747729740876
9806,Residential,Masonry,-14.038719401371981,-171.6773030853266
5499,Residential,Masonry,-14.038733953954015,-171.67716212447533
6695,Residential,Masonry,-14.038324644129405,-171.6770237023744
13371,Outbuilding,Masonry,-14.038425115535022,-171.6770808294674
17882,Outbuilding,Timber,-14.038403282712979,-171.67688702956454
16238,Outbuilding,Masonry,-14.038468636255326,-171.676736181913
17250,Outbuilding,Timber,-14.038550178243922,-171.6762919458965
5448,Outbuilding,Timber,-14.038504465849343,-171.6762264769188
15546,Residential,Masonry,-14.038230178297878,-171.67791796948396
18863,Outbuilding,Timber,-14.038257440434794,-171.67811676150967
14666,Outbuilding,Timber,-14.038038346149039,-171.67820461754016
5190,Outbuilding,Masonry,-14.03764926233521,-171.67833472926665
13997,Residential,Masonry,-14.037766880522598,-171.67834257011413
6498,Outbuilding,Masonry,-14.037817259632845,-171.67844164432208
1619,Residential,Masonry,-14.03744502459867,-171.6787249266105
12199,Outbuilding,Masonry,-14.037547264063553,-171.67862213056705
10598,Residential,Masonry,-14.038800599591687,-171.67768207379171
19342,Residential,Masonry,-14.038693480065469,-171.6779803839155
5213,Religious,Reinforced_Concrete,-14.038326391350088,-171.67751070637547
1741,Residential,Masonry,-14.038310134745265,-171.67719657999103
1499,Residential,Masonry,-14.038342145370615,-171.676720109315
10007,Residential,Masonry,-14.03829571373289,-171.67624630462126
16393,Residential,Masonry,-14.037889000660234,-171.67831140709026
12454,Outbuilding,Masonry,-14.037689294262343,-171.67731375623725
18379,Residential,Masonry,-14.037878220798408,-171.67720630819383
14450,Residential,Masonry,-14.037804833250968,-171.6774620027515
5871,Residential,Masonry,-14.037568405861597,-171.67767028211566
13225,Outbuilding,Masonry,-14.037654401848126,-171.6773925904895
6737,Outbuilding,Masonry,-14.037467666658335,-171.67770362131202
13437,Residential,Masonry,-14.037751246984216,-171.67719043579902
9921,Outbuilding,Masonry,-14.0358848020689,-171.67862124369253
13565,Residential,Masonry,-14.036882352752116,-171.67817688060447
7656,,,-14.031878915260188,-171.6543082502484
17229,,,-14.033342945155386,-171.65502230730124
11796,,,-14.031566109471793,-171.65455555551364
8559,Outbuilding,Masonry,-14.033709175736124,-171.62216984454787
10232,,,-14.030285776592885,-171.6546649918566
19704,,,-14.031556723030477,-171.6534823634336
7437,,,-14.021074271699876,-171.6172497423193
4834,,,-14.02108797691111,-171.6173919122007
7562,,,-14.020879050000458,-171.6173537500016
7178,,,-14.01427814999995,-171.61826750000003
17827,,,-14.014322150000135,-171.61820615000005
12668,,,-14.022273423216548,-171.61654680481237
15685,,,-14.019963250004064,-171.61688815000034
11889,,,-14.019134130131496,-171.6180063125666
14548,,,-14.020344300001094,-171.6170259499997
5855,,,-14.022597650000126,-171.61649704999996
1879,,,-14.02227265000191,-171.6164553500002
10478,,,-14.022336900000088,-171.6163822999999
19959,,,-14.015164223676887,-171.6183043142367
19719,,,-14.021238563201665,-171.61728421516725
16410,,,-14.021086537411977,-171.61649569389027
3696,,,-14.028118195938848,-171.61047084955717
8922,,,-14.010263350001173,-171.6060188999999
5468,,,-14.032001155417403,-171.61026513058448
10133,,,-14.028166199999779,-171.6106117499981
15222,,,-14.030724307924945,-171.60943402650807
15084,,,-14.03115965000028,-171.6123024499997
154,,,-14.010387450007224,-171.60597515000117
9250,,,-14.031505938389827,-171.60957567121872
14623,,,-14.00990400000018,-171.60340535000003
11518,,,-14.029845576386993,-171.60908236185372
765,,,-14.010964250003726,-171.60598795000072
8107,,,-14.028762550004615,-171.61448834999962
2343,,,-14.031994650004844,-171.61264610000165
12802,,,-14.030922526400056,-171.60931999346565
2559,,,-14.010248400003446,-171.60612900000052
11070,,,-14.029988078405387,-171.61293669003803
13078,,,-14.030544495661093,-171.6145415718312
13700,,,-14.03125317145977,-171.61242476149
10613,,,-14.026786000003264,-171.6119819999995
5326,,,-14.01070790000049,-171.60661450000003
17951,,,-14.030436921668118,-171.61443761517947
18149,,,-14.032636920635088,-171.6104755057826
17884,,,-14.027356700001153,-171.61360370000034
17887,,,-14.014489200000597,-171.60762515000005
15620,,,-14.02995134127702,-171.60915357631052
1532,,,-14.031861589372761,-171.61026717001144
3145,,,-14.02846550000328,-171.6139509500006
2111,,,-14.030344950001396,-171.61516225000008
17789,,,-14.032446095047082,-171.61251365454072
9060,,,-14.032371800000309,-171.61030059999968
17773,,,-14.030420700000292,-171.61460249999968
11741,,,-14.026285277108142,-171.6100505386023
15540,,,-14.027115850000154,-171.61092395000009
3608,,,-14.02315982902451,-171.61238754464404
1665,,,-14.029379300006152,-171.61467094999864
13773,,,-14.030347150002235,-171.61455605000026
19489,,,-14.023091550000828,-171.6122986500003
17397,,,-14.03275226148935,-171.6104802817038
15409,,,-14.01441817804859,-171.60747914269479
5356,,,-14.029073490111093,-171.60950657464878
18980,,,-14.030291143622756,-171.61398021996004
13743,,,-14.030075341381332,-171.61295122163816
18425,,,-14.03077921986326,-171.61420860534835
14522,,,-14.010324004882921,-171.60584352656275
3356,,,-14.029814588981655,-171.61392397142612
7370,,,-14.027006600005365,-171.61095635000018
14694,,,-14.043758950003966,-171.58362799999074
17349,,,-13.99464110000006,-171.58539755000018
18352,,,-14.04013254441813,-171.57479327265872
1952,,,-14.032260400002556,-171.65092540000083
3825,,,-14.03025451960844,-171.66344090516603
15476,,,-14.030324950006477,-171.6637572500043
8075,,,-14.031841799999466,-171.6529949
18741,,,-14.029533236939919,-171.66146717411965
11199,,,-14.028179420455412,-171.65123774012756
10787,,,-14.03219465000069,-171.65086720000008
18777,,,-14.031596350002538,-171.65304960000125
7423,,,-14.030369294983792,-171.66383721962072
2336,,,-14.030846550005945,-171.65370280000437
15436,,,-14.027894875887498,-171.65262751430097
10700,,,-14.030915400003181,-171.65492325000056
17774,,,-14.031531450006293,-171.6536092000013
3222,,,-14.032606294549629,-171.6551172213281
19449,,,-14.030356700000938,-171.65483795000003
6116,,,-14.030346875823682,-171.6626623386167
1445,,,-14.031139150002529,-171.65229115000216
16947,,,-14.033564302472932,-171.655213480576
14032,,,-14.031402850005534,-171.6556569500015
16246,,,-14.03282987308566,-171.65503756264192
2574,,,-14.030870577564865,-171.6544345408324
6177,,,-14.030428175913881,-171.66242768461947
2090,,,-14.030203750004658,-171.6636696500025
6433,,,-14.031646800003546,-171.6528692500011
3417,,,-14.030715117530583,-171.65445328499408
9458,,,-14.031229299999538,-171.6558643999987
8057,,,-14.0301050889935,-171.65437782557598
18687,,,-14.028959850006014,-171.66472005000176
3335,,,-14.02807795000098,-171.6512284500017
12769,,,-14.029701000000086,-171.66156545
9365,,,-14.030902157958591,-171.65256832989786
9229,,,-14.032063947097546,-171.65109306810706
17539,,,-14.032710649999682,-171.6550219499986
6493,,,-14.029977600005179,-171.65440150000043
2607,,,-14.02886005411237,-171.664687278983
2665,,,-14.031438700000063,-171.65333754999995
571,,,-14.030712888499467,-171.65286305877666
2389,,,-14.031793800006987,-171.65259855000272
8951,,,-14.030871072916641,-171.6552767120983
14221,,,-14.032405828974284,-171.65503659281168
8708,,,-14.031273900000315,-171.65312385
5159,,,-14.031709600001719,-171.65352529999998
15362,,,-14.030214052241346,-171.6547345778339
6718,,,-14.020937830029233,-171.65059329618924
15428,,,-14.028949951786581,-171.6645467615656
8853,,,-14.031365620168478,-171.6520375108339
881,,,-14.032733969334963,-171.6549179111122
9966,,,-14.029786475375015,-171.66146632963134
4450,,,-14.034422045685504,-171.65624281722367
19614,,,-14.035347281067072,-171.6565544961498
10508,,,-14.034540266980734,-171.65621465050995
16843,,,-14.03433213248446,-171.6560667959361
6071,,,-14.03599890000054,-171.65705059999786
13173,,,-14.03550925000043,-171.65660189999937
13186,,,-14.034488067292658,-171.65600840424008
2514,,,-14.035414629936678,-171.6566169059804
14209,,,-14.008600960726422,-171.65040393344995
18015,,,-14.00017574214767,-171.65051197467074
14869,,,-14.005581900000012,-171.6566951499994
11060,,,-14.006812500000946,-171.6521387500002
3944,Residential,Masonry,-14.03986077375469,-171.66203287703453
19364,,,-14.027839237812163,-171.61503122265847
2740,,,-14.03002840000289,-171.61510750000028
18891,,,-14.03949225000162,-171.582635699998
19994,,,-14.037214949999806,-171.5827491999973
5676,,,-14.03627225000088,-171.5791891000001
2922,,,-14.043264400003224,-171.5832996999951
15181,,,-14.04289000994164,-171.5834441322402
2125,,,-14.03928347115785,-171.58261910383027
2161,,,-14.041640850001887,-171.58361215000014
15815,,,-14.036766640637216,-171.58154197070724
12707,,,-14.044301983321612,-171.58385800035586
8700,,,-14.043471150356856,-171.5833972330535
1407,,,-14.042832871833054,-171.58355046597504
512,,,-14.041566400004758,-171.58347304999958
13918,,,-14.03703885000119,-171.58220855000025
7155,,,-14.040500155778059,-171.5823680338601
10873,,,-14.039342675712065,-171.59305288663415
10728,,,-14.039334450005136,-171.59289040000039
6487,,,-14.039676350002962,-171.5913339000004
10314,Residential,Masonry,-14.043395328285655,-171.5843971992369
18035,Outbuilding,Masonry,-14.043193980558003,-171.58436667192285
19860,Residential,Masonry,-14.04347742502846,-171.5845147454567
1455,Outbuilding,Masonry,-14.043259545037941,-171.5844441144678
9796,Outbuilding,Masonry,-14.038711426780202,-171.5886790574473
7711,Outbuilding,Masonry,-14.03890147014764,-171.58867496217425
17232,Outbuilding,Masonry,-14.038988346743706,-171.59068673602903
16035,Outbuilding,Masonry,-14.038974592239168,-171.59044669296293
8400,Residential,Masonry,-14.038787387495436,-171.5874070489393
8059,Outbuilding,Masonry,-14.038662391903967,-171.58747259580193
14062,Residential,Masonry,-14.038821142844947,-171.5885067523261
13857,Outbuilding,Masonry,-14.042076024190672,-171.58284624830745
2236,Residential,Masonry,-14.042117368271967,-171.5830761156256
11940,Outbuilding,Masonry,-14.041775686787181,-171.58357266725994
16095,Residential,Masonry,-14.04236477052751,-171.58322041445385
3349,Residential,Masonry,-14.039469209002746,-171.59141599172082
12169,Residential,Masonry,-14.040082853271091,-171.59028667428828
11089,Hotel,Reinforced_Concrete,-14.041839174851084,-171.5957955204595
3980,Hotel,Timber,-14.042013251946315,-171.59609746065655
13665,Hotel,Masonry,-14.042222623230991,-171.59561871031792
8529,Hotel,Masonry,-14.041762861963203,-171.59668782153312
12007,Hotel,Masonry,-14.0422602576287,-171.5963349411616
12114,Hotel,Masonry,-14.042061236849307,-171.59645903116493
16717,Hotel,Masonry,-14.041820771269885,-171.59555411741766
13044,Hotel,Masonry,-14.04155775781164,-171.5963211906987
14523,Hotel,Masonry,-14.04224635757734,-171.59610749095512
12083,Hotel,Masonry,-14.041576526839123,-171.5966606997294
3777,Hotel,Masonry,-14.04230081843502,-171.595953658764
17632,Hotel,Masonry,-14.041643257795492,-171.59649059096344
6640,Hotel,Masonry,-14.041686907926964,-171.5966554908461
7711,Hotel,Masonry,-14.041782830804296,-171.59649899925898
15605,Hotel,Masonry,-14.042052449752234,-171.5967428621845
10908,Hotel,Masonry,-14.042178207598072,-171.5958133412271
2600,Hotel,Masonry,-14.042237048603704,-171.59642736006163
15360,Hotel,Masonry,-14.0419913781658,-171.59641940376844
6154,Hotel,Masonry,-14.041694907859444,-171.595547941197
10216,Hotel,Masonry,-14.041707857615089,-171.59603339126076
5005,Hotel,Masonry,-14.04149695450327,-171.59663560982645
15329,Hotel,Masonry,-14.041924564159897,-171.59556281726208
11641,Hotel,Masonry,-14.042209540369159,-171.59674067465136
19459,Hotel,Masonry,-14.041724657685167,-171.59624749106894
6418,Hotel,Masonry,-14.04195065790926,-171.59672549076177
17990,Hotel,Masonry,-14.04185395804918,-171.59671599115427
19169,Hotel,Masonry,-14.042232907905916,-171.59651249100764
11190,Hotel,Masonry,-14.04229402486019,-171.5960392923458
989,Hotel,Masonry,-14.042178628460048,-171.59658489538307
11816,Hotel,Masonry,-14.04173705279858,-171.59613212176848
2027,Hotel,Masonry,-14.042110413017387,-171.595867924199
5153,Hotel,Masonry,-14.041919127584789,-171.59639790718063
12512,Hotel,Masonry,-14.041588707785579,-171.5964131411375
9486,Hotel,Masonry,-14.042368466619191,-171.59531608140625
12429,Hotel,Masonry,-14.042772866145285,-171.59505648895112
4912,Hotel,Masonry,-14.042544446456668,-171.59418903460295
1701,Hotel,Masonry,-14.042406341362895,-171.59422890099742
2999,Hotel,Masonry,-14.042540135792427,-171.59429730820042
16722,Hotel,Masonry,-14.042385554571892,-171.59433748994348
19164,Hotel,Masonry,-14.042378911815474,-171.59444230500293
12541,Hotel,Masonry,-14.042488365330604,-171.59452335216824
19016,Hotel,Masonry,-14.042521176415999,-171.59440807762607
2889,Hotel,Reinforced_Concrete,-14.042457752935004,-171.59500579507892
15028,Hotel,Reinforced_Concrete,-14.041992829789448,-171.59485078530852
15254,Hotel,Masonry,-14.042326202242512,-171.59482927904
11672,Hotel,Masonry,-14.042437114661418,-171.59476182992015
5717,Hotel,Masonry,-14.042476271932939,-171.5946521600078
6840,Hotel,Masonry,-14.042327198985376,-171.5958337086237
1690,Hotel,Masonry,-14.042324034331642,-171.595742535299
1596,Hotel,Masonry,-14.04234377547128,-171.59566702007578
1107,Hotel,Masonry,-14.041983370395561,-171.5962464578814
15892,Residential,Masonry,-14.04406284044721,-171.58427333585286
7921,Residential,Masonry,-14.044392701593848,-171.5841584230427
7174,Outbuilding,Masonry,-14.04283112615619,-171.58435469530002
17705,Outbuilding,Masonry,-14.042919872410502,-171.5845038171694
4078,Residential,Masonry,-14.042820199671153,-171.58427061904032
18339,Residential,Masonry,-14.042496007513598,-171.58401509394162
16856,Outbuilding,Masonry,-14.043533520365402,-171.5846812436323
1444,Residential,Masonry,-14.040324776973668,-171.59064929073614
7523,Outbuilding,Masonry,-14.040271799648465,-171.5903392526732
5727,Outbuilding,Masonry,-14.040488521120857,-171.59077643618278
19781,Outbuilding,Masonry,-14.040433927474533,-171.59081909788063
6528,Outbuilding,Masonry,-14.040417003109106,-171.59066758253354
15098,Residential,Masonry,-14.039841550300364,-171.59044269826944
2609,Outbuilding,Masonry,-14.039951187605066,-171.58963330941805
6109,Residential,Masonry,-14.039772387772157,-171.58970701324003
15054,Residential,Masonry,-14.039797292629304,-171.58934373672372
11051,Outbuilding,Masonry,-14.03896520172033,-171.59055649061546
570,Residential,Masonry,-14.039351579663807,-171.58847030184504
8101,Outbuilding,Masonry,-14.039645747850066,-171.58874445311554
6665,Residential,Masonry,-14.039661812395721,-171.58886890321892
11057,Residential,Masonry,-14.041249125736565,-171.59534550440767
16323,Hotel,Masonry,-14.040906482050442,-171.59510361371588
18378,Residential,Masonry,-14.040865374338482,-171.59394485908916
9489,Residential,Masonry,-14.0415252030102,-171.5943651684405
6609,Residential,Masonry,-14.041494042761547,-171.59445838025516
5941,Outbuilding,Masonry,-14.041374941297635,-171.59455516745777
12687,Commercial,Masonry,-14.03966843612807,-171.58915896455616
4155,Residential,Masonry,-14.039468870357208,-171.59123691908576
13947,Residential,Masonry,-14.039068584380919,-171.5906862371704
12005,Residential,Masonry,-14.039067990732395,-171.5904536908919
1139,Outbuilding,Masonry,-14.039032879281667,-171.59056095749114
3733,Residential,Masonry,-14.038621459677865,-171.58724465339114
616,Residential,Masonry,-14.04230576129087,-171.58396500850114
12324,Residential,Masonry,-14.041981787782476,-171.58356942173955
14059,Residential,Masonry,-14.0422767848584,-171.58316641176626
14216,Residential,Masonry,-14.042174772996987,-171.58283815700577
15258,Residential,Masonry,-14.043047101511215,-171.58406373680594
3449,,,-14.005372435119622,-171.58603332851894
16429,,,-14.005382631988793,-171.58484571462375
12520,,,-14.040162150000057,-171.5745505999991
14413,,,-14.03130390000368,-171.57689439999882
1535,Residential,Masonry,-14.028236047952712,-171.69928547653976
14516,Outbuilding,Masonry,-14.041163850000757,-171.65694065000017
14948,Outbuilding,Masonry,-14.041157850000811,-171.6571096000009
3311,Residential,Masonry,-14.040467984858651,-171.52153665083904
11087,Outbuilding,Masonry,-14.04060016884124,-171.5215608322531
491,Residential,Masonry,-14.04066733172307,-171.52168273620913
5987,Residential,Masonry,-14.040440104270937,-171.5222062463202
15672,Residential,Masonry,-14.040473282672226,-171.52206572799568
18512,Residential,Masonry,-14.040362604152953,-171.52204670640242
6747,Residential,Masonry,-14.040201719488396,-171.52200898171262
17056,Residential,Masonry,-14.040302473237114,-171.5221865111178
5107,Residential,Masonry,-14.040187733676737,-171.5221848709755
10043,Outbuilding,Timber,-14.040102491552576,-171.52221263971026
4890,Outbuilding,Masonry,-14.040155844875917,-171.52241665470908
18867,Residential,Masonry,-14.040403504100047,-171.52283872368366
11578,Residential,Masonry,-14.040584495262776,-171.52300089634227
17286,Residential,Masonry,-14.04056634831839,-171.52347633358366
18505,Residential,Masonry,-14.040492377248913,-171.52364088651785
8464,Residential,Masonry,-14.03990544514188,-171.5217207417374
17499,Residential,Masonry,-14.03959582981563,-171.5218551828688
2870,Outbuilding,Timber,-14.039442539702991,-171.52173078563004
15268,Outbuilding,Timber,-14.040145199709825,-171.52257889883057
13631,Outbuilding,Masonry,-14.040392540407339,-171.52168726747396
11453,Outbuilding,Masonry,-14.03907372401369,-171.52222754478956
17607,Outbuilding,Masonry,-14.040462196910985,-171.52346875103527
1265,Outbuilding,Masonry,-14.040372595005586,-171.52269413253384
2608,Outbuilding,Masonry,-14.040211708420525,-171.52163872496504
17243,,,-14.032885250000177,-171.51218314999986
6361,,,-14.032856950000399,-171.51208819999997
5297,,,-14.03276551572105,-171.51212628168744
18850,,,-14.035657900071419,-171.51400981665134
12281,,,-14.035507800002911,-171.51391804999955
14619,,,-14.036211529072006,-171.5143842622655
11062,,,-14.037026448104111,-171.51529986669684
19093,Residential,Masonry,-14.04074398822417,-171.51414105019248
7305,Outbuilding,Masonry,-14.040783766222535,-171.51429898124698
16634,Residential,Masonry,-14.040845113106029,-171.51490332212725
5952,Residential,Masonry,-14.041094875090357,-171.5148375415112
16971,Residential,Masonry,-14.040782829223517,-171.5141014382149
18027,,,-14.038943029337156,-171.49364574089321
10278,,,-14.032044750006685,-171.51021529999863
6604,,,-14.03911251837023,-171.49317501981193
4245,,,-14.030389450002353,-171.49359559999894
8568,,,-14.030831031298884,-171.49330958669088
3867,,,-14.032561421673554,-171.49430815586032
13407,,,-14.032584505297905,-171.4941674781284
16944,,,-14.031892128542234,-171.49415019136376
6373,,,-14.031679618468836,-171.49451735472522
15806,,,-14.03179365000192,-171.49460529999976
18840,,,-14.032373250005115,-171.49446250000324
14744,,,-14.032433308347604,-171.49493372813677
18813,,,-14.032300050000346,-171.49545504999853
19193,,,-14.032003250005026,-171.49506635000338
7813,,,-14.031702950006538,-171.4948939500094
8429,,,-14.030606731219542,-171.4973116120969
2778,,,-14.029172596522397,-171.50249299525152
10410,,,-14.029540565402225,-171.50201943171345
2102,,,-14.029725877089662,-171.5022646349826
2562,,,-14.02974305000396,-171.5024552999974
10307,,,-14.029299106609882,-171.50339332900785
3240,,,-14.029175550002114,-171.50487564999756
15552,,,-14.029602376984295,-171.5040546117671
18247,,,-14.030194471071813,-171.5034933683712
15674,,,-14.030246100002163,-171.5043926000003
8227,,,-14.03041286894244,-171.50469384322437
1855,,,-14.029939950002909,-171.50500730000658
4380,,,-14.029987650001479,-171.5051956000028
2320,,,-14.032720620003428,-171.5081871640097
10717,,,-14.031232450001037,-171.50844135000003
12530,,,-14.031337704848001,-171.50847927214494
14825,,,-14.031352950005576,-171.50833524999933
11642,,,-14.031656266270272,-171.50849813318095
10448,,,-14.032167873917489,-171.5088389612544
19179,,,-14.032081600000618,-171.50888995
3710,,,-14.032185650001034,-171.50909955000003
9908,,,-14.032305772901433,-171.50886996210443
10560,,,-14.032187194392543,-171.50897102427723
11098,,,-14.03221430000163,-171.50935540000012
11296,,,-14.03226056170139,-171.50923322836587
14380,,,-14.032837250007113,-171.5090558000021
4565,,,-14.032760093233533,-171.50936257270905
17034,,,-14.032892180067915,-171.50972398580123
18914,,,-14.032837630952125,-171.50985203347142
15281,,,-14.032956878172802,-171.51084094520593
6033,Fale,Timber,-14.041718588572158,-171.50622596777404
18177,Hotel,Masonry,-14.041782322891123,-171.50649131760963
2980,Residential,Masonry,-14.04166334035275,-171.506937555777
16301,Residential,Masonry,-14.041803189327371,-171.50700861086776
17712,Outbuilding,Timber,-14.041872934982639,-171.50551173049783
18378,Outbuilding,Masonry,-14.041524543633454,-171.50880900707577
15328,Residential,Masonry,-14.041676979657623,-171.50917215682804
13094,Residential,Masonry,-14.041626089151766,-171.50958546792842
4275,Residential,Masonry,-14.041646512018787,-171.51031071918334
17160,Residential,Timber,-14.041558999750347,-171.51082382707017
19953,Hotel,Timber,-14.04174815854122,-171.51267169464398
16597,Tourist Fale,Timber,-14.0417888508563,-171.51240525800617
16031,Tourist Fale,Timber,-14.04179540264572,-171.51232499989533
11250,Tourist Fale,Timber,-14.041758549373446,-171.51255922239088
4685,Tourist Fale,Timber,-14.04178066126943,-171.512492886672
5970,Tourist Fale,Timber,-14.041699584221625,-171.51277297108024
9743,Residential,Masonry,-14.0416994432793,-171.50884086606936
11173,Outbuilding,Timber,-14.041617832984663,-171.5055727018463
389,Residential,Masonry,-14.040405048859562,-171.49929967156518
4570,Residential,Masonry,-14.040365598391828,-171.49911910166696
7039,Outbuilding,Timber,-14.040479919535315,-171.49903205193198
859,Hotel,Masonry,-14.041915254477573,-171.50619333818852
56,Residential,Masonry,-14.041573977097704,-171.5018019689715
11617,Hotel,Masonry,-14.041781911304463,-171.50232341568136
978,Hotel,Masonry,-14.04108847888477,-171.4991869975384
10276,Commercial,Masonry,-14.039732080747642,-171.49409827669925
15383,Commercial,Masonry,-14.039781515207899,-171.49445729749021
12089,Commercial,Masonry,-14.039835291289352,-171.49458424564443
6923,Residential,Masonry,-14.039482632892835,-171.49469974397388
13782,Outbuilding,Masonry,-14.039773704279263,-171.4951015119038
19498,Residential,Masonry,-14.039749109054188,-171.49527307832062
7827,Residential,Masonry,-14.039839180288226,-171.49524624164795
15181,Residential,Masonry,-14.039937486895294,-171.49553795470663
10174,Outbuilding,Masonry,-14.040072375344819,-171.495648662508
983,Outbuilding,Masonry,-14.040576308211826,-171.49659480603805
3989,Residential,Masonry,-14.040568114726101,-171.496935850002
19750,Outbuilding,Masonry,-14.040769048009984,-171.49695679320075
4345,Tourist Fale,Timber,-14.040128000010672,-171.4953037353859
16621,Tourist Fale,Timber,-14.040066578014963,-171.49514813298876
6717,Tourist Fale,Timber,-14.040098517466653,-171.49521610672664
10029,Tourist Fale,Timber,-14.040046104052257,-171.49505231476996
15026,Tourist Fale,Timber,-14.040024811059292,-171.49499580636007
18089,Tourist Fale,Timber,-14.039998604369929,-171.49492865180065
224,Tourist Fale,Timber,-14.039955199472175,-171.49479761817713
843,,,-14.030033550002118,-171.61303635000027
164,Community,Masonry,-14.040040966915592,-171.6029277954184
19696,Community,Masonry,-14.040333668745873,-171.60296562741328
17047,,,-14.031182450000644,-171.57683379999824
10767,,,-13.995316100000476,-171.58512389999999
7245,,,-13.978316315566587,-171.56468814596474
19133,,,-14.040367771597491,-171.57475666027392
10686,,,-14.031128850002368,-171.57693290000327
135,,,-13.995319599999833,-171.58498179999992
4989,,,-14.040778700137528,-171.57387545002115
326,,,-13.995451700001126,-171.5850317500001
11762,,,-14.04072210628785,-171.57479947687875
8810,,,-13.995189450000549,-171.58520195000003
18904,,,-14.037487703176515,-171.5753198188976
7580,,,-14.039506757569193,-171.5748584241662
4228,,,-13.99625788251829,-171.58474425385253
13896,,,-14.037854299999271,-171.57446875000466
15491,,,-14.038982879358793,-171.57371130572338
5806,,,-13.996342650001107,-171.58469395000023
19763,,,-14.0376550315351,-171.57452171141668
18528,,,-13.98059240000121,-171.58767390000014
4484,,,-14.025603650000093,-171.57552664999784
11144,,,-13.998387086466115,-171.5833234753823
4555,,,-14.038811414198479,-171.57396488159068
6852,,,-14.035172664971517,-171.57724051990579
8363,,,-14.032730099999752,-171.57735250000295
8051,,,-13.980783527518296,-171.58771736097682
2394,,,-14.029587800001561,-171.57842634999832
12285,,,-14.042133493755385,-171.57476743241057
13791,,,-14.03904940000687,-171.57389009999972
14476,,,-14.035547450020111,-171.57544904999867
14985,,,-14.03286774999993,-171.57666095000027
2972,,,-13.986955380861634,-171.58802196410738
9720,,,-14.02992769999995,-171.57833669999852
15212,,,-14.0425072673637,-171.57439830854426
8331,,,-14.038488350004444,-171.572952649999
17124,,,-13.98663491302185,-171.58751937381922
7814,,,-14.030043650001286,-171.57757530000063
7613,,,-14.042317400002661,-171.57469064999978
12671,,,-14.010040828309585,-171.58463086348812
5302,,,-14.039116174316336,-171.57319315684546
12171,,,-13.98846015000116,-171.5869548999998
13540,,,-14.030252217218619,-171.57724640137715
12696,,,-14.04272455000181,-171.57403460000242
16754,,,-14.011839050003276,-171.57942184999985
17447,,,-14.039141511938784,-171.5730278272303
6784,,,-14.039670008177612,-171.57473352431896
4621,,,-13.989186266964246,-171.5870151491796
2539,,,-14.030380982840644,-171.57721019558548
7108,,,-14.042776900001302,-171.57392320000062
6083,,,-14.013278750001891,-171.58014705000025
7186,,,-14.035598500000397,-171.57212105000028
19445,,,-14.039479299998906,-171.57471525000037
16870,,,-13.988815249999949,-171.587223400002
10550,,,-14.030974311179577,-171.57749892352413
14776,,,-14.0429975000038,-171.57361179999646
5620,,,-14.015709710564257,-171.57622346825096
2306,,,-14.036182115685717,-171.57279026770016
6423,,,-14.039360843227714,-171.5744225791021
12565,,,-13.99327280000371,-171.58543980000024
1307,,,-14.043059300006858,-171.5734203000019
4132,,,-14.020109999996842,-171.5714512999998
11949,,,-14.039824010598362,-171.57455272652058
15993,,,-14.030979359139607,-171.5763696710758
6293,,,-13.994005450003838,-171.58538385000023
19893,,,-13.977941632581414,-171.56559105336524
10661,,,-14.040762477226794,-171.55959780672063
9834,,,-14.039946723784569,-171.5578075633977
19376,,,-14.03988247445291,-171.55977301610622
6538,,,-14.040965250004893,-171.56062045000004
12358,,,-14.040425471233332,-171.56565568756565
5742,,,-14.040779699998849,-171.56359044999266
14602,,,-14.039706100003377,-171.56490445000023
14802,,,-14.039979428075206,-171.56106418734112
15843,,,-14.040457228207012,-171.5612922970684
11416,,,-14.040891592057822,-171.5601190764561
14006,,,-14.040424724185247,-171.55972698729417
13414,,,-14.040404800001017,-171.56308719999873
7787,,,-14.040415472609086,-171.5654664925306
9351,,,-14.039636369463755,-171.55623538384464
17270,,,-14.040138750000013,-171.56095519999855
18733,,,-14.040462471063188,-171.564490961202
18038,,,-14.040588572452107,-171.56070539059493
18675,,,-14.040393600006936,-171.55954144999933
4962,,,-14.040454100006022,-171.56288520000206
3816,,,-14.040526950003526,-171.5605344499998
3299,,,-14.040679481049938,-171.5576734115936
19638,,,-14.039621029862344,-171.56069609257707
3896,,,-14.039856724298287,-171.56480006078917
19757,,,-14.040449221720266,-171.56465776006445
8271,,,-14.040547399998555,-171.5621250999972
17109,,,-14.039854972005628,-171.5576446452868
10723,,,-14.040533700005378,-171.5603300999999
1773,,,-14.039945150002465,-171.56624574999992
16245,,,-14.039733010210712,-171.55929327178632
6744,,,-14.041095249995044,-171.56263864999568
12951,,,-14.040062530144734,-171.56433399277995
12598,,,-14.039933042556886,-171.56566099434315
9503,,,-14.040516352572395,-171.55786730479647
5532,,,-14.039471973143135,-171.55592216672278
5407,,,-14.04304111076329,-171.57115735434692
16639,,,-14.04178839317116,-171.57149092333736
14055,,,-14.043028900002474,-171.57191764999996
16995,,,-14.04335180000515,-171.57712395000067
14513,,,-14.04341525568231,-171.56979997765274
19694,,,-14.042466650001487,-171.56817399999838
2886,,,-14.042087600002043,-171.56933495000143
582,,,-14.038924650004049,-171.56668070000066
12797,,,-14.04234187048448,-171.56985267429005
11136,,,-14.039907349998494,-171.56824654999738
17244,,,-14.042092150003638,-171.5716165500003
4642,,,-14.04302964999956,-171.56913489999917
11686,,,-14.035525788087025,-171.56349177239773
8114,,,-14.042811625271513,-171.5683685849458
16462,,,-14.042276049998232,-171.5716710499999
2882,,,-14.043154250004058,-171.57190800000078
1903,,,-14.042875808901073,-171.5690797270089
4650,,,-14.04305645000322,-171.5761612499995
3364,,,-14.03514785000076,-171.56441130000005
5273,,,-14.042324949999692,-171.56833469999816
7678,,,-14.043321534697943,-171.57750126856203
12389,,,-14.041917242540823,-171.56905743098648
14542,,,-14.041060604753696,-171.5666786240548
16177,,,-14.040641700005661,-171.56714865000075
13528,,,-14.04256009999967,-171.57299055
4382,,,-14.04303480000499,-171.5713732000004
12603,,,-14.04226647132038,-171.57187795393858
4758,,,-14.042950499994944,-171.57066805000326
1268,Tourist Fale,Timber,-14.04022955106606,-171.4954798118508
14523,,,-14.028953069638575,-171.6155393364365
17190,,,-14.025960032888735,-171.6095151448856
1925,,,-14.027569850000285,-171.61472024999733
5966,,,-14.028879900006086,-171.61144630000064
8630,,,-14.029916726753786,-171.61523146345928
18953,,,-14.027826300002666,-171.61519575000005
13526,,,-14.027923500000073,-171.61514889999984
18514,,,-14.028063129930537,-171.61062929503208
18281,,,-14.0285004061701,-171.61526467718474
6996,,,-14.031331060486146,-171.6095519286387
9615,,,-14.028265220250765,-171.6104411571573
44,,,-14.02986165450881,-171.61436442820158
12115,,,-14.024963100000264,-171.6136693499999
6231,,,-14.030020637430102,-171.61441372181224
3961,,,-14.02023208347098,-171.61252165033702
19209,,,-14.029743994252838,-171.6148307255177
5722,,,-14.026989900000324,-171.61129450000004
8723,,,-14.027869169428763,-171.61533666444413
19061,,,-14.033647588696546,-171.6108117538314
9723,,,-14.010728345281295,-171.60653201869977
19087,,,-14.014463162210273,-171.6075549758727
11169,,,-14.033554134268888,-171.61087712650377
14915,,,-14.030985138799661,-171.60933653006677
224,,,-14.03020275900613,-171.61403573103775
9707,,,-14.025183896595497,-171.61053863541528
15925,,,-14.028959813536643,-171.6102883131883
18397,,,-14.032318312459774,-171.60981106210335
16888,,,-14.026212188257324,-171.61016624172612
10983,,,-14.030903999101362,-171.60947630113876
18267,,,-14.028827655581063,-171.61036704163064
6799,,,-14.030347669511006,-171.61409023313405
17636,,,-14.009952093786604,-171.60360533128573
13542,,,-14.031045863863316,-171.61008884011673
11287,,,-14.03274347708806,-171.6114927613784
9873,,,-14.030142566915764,-171.61428840974762
820,,,-14.027458459420034,-171.6135850344178
5689,,,-14.024988538505847,-171.61378070151306
4281,,,-14.028766086293992,-171.61026309182057
6150,,,-14.00786290000416,-171.59630674999892
1066,,,-14.007556358283304,-171.5909472735588
18473,,,-14.018405293587806,-171.59565192150092
10441,,,-14.008254149087687,-171.59577534777262
1362,Residential,Masonry,-14.033707457515364,-171.61327743162934
221,Residential,Masonry,-14.034698333322343,-171.61115935873661
708,Residential,Masonry,-14.034182884084647,-171.61170371951914
15378,Residential,Masonry,-14.032377413666612,-171.61313131085623
9453,Outbuilding,Masonry,-14.032061956025801,-171.61306866987755
2316,Residential,Masonry,-14.033683964253273,-171.61099486133315
19730,Residential,Masonry,-14.034205950036231,-171.611387144435
9201,Residential,Masonry,-14.033587019103331,-171.61095724771053
10003,Residential,Masonry,-14.033197230924847,-171.61288945930247
8063,Residential,Masonry,-14.033389749726528,-171.61293117060237
4895,Outbuilding,Masonry,-14.033284750009766,-171.61307142857558
11823,Outbuilding,Masonry,-14.033527037865824,-171.6112672023805
9757,Residential,Masonry,-14.033601499515083,-171.6114811220099
16587,Outbuilding,Masonry,-14.033519997092313,-171.61144168919984
2407,Residential,Masonry,-14.034030092809466,-171.61196135747724
3673,Religious,Reinforced Concrete,-14.033370128812077,-171.61189116570077
10568,Residential,Masonry,-14.033530665044877,-171.61136658678373
19942,Residential,Masonry,-14.034063018037182,-171.61209090477993
12581,Residential,Masonry,-14.033334068854192,-171.61141815834367
12118,Residential,Masonry,-14.034252548895477,-171.61211367316497
1179,Residential,Masonry,-14.033911499895703,-171.61219802497683
19410,Residential,Masonry,-14.034166415729631,-171.61227577156467
13531,Outbuilding,Masonry,-14.033761194905763,-171.61234946986445
17687,Residential,Masonry,-14.034618432064303,-171.6126528436648
6117,Outbuilding,Masonry,-14.033936769570683,-171.61144951075732
1658,Residential,Masonry,-14.034193017094655,-171.6125532521574
18918,Outbuilding,Masonry,-14.034267889369286,-171.6120372460156
13591,Residential,Masonry,-14.034010862433169,-171.61137201429835
1364,Outbuilding,Masonry,-14.034088258757258,-171.6125496154803
7544,Residential,Masonry,-14.034043350000209,-171.61150819999946
11653,Outbuilding,Masonry,-14.032132324619807,-171.61306505062257
17012,Residential,Masonry,-14.032686408522892,-171.61232700054944
3536,Residential,Masonry,-14.033791211224209,-171.61090446531813
6709,Residential,Masonry,-14.034086997686291,-171.61063758097768
278,Residential,Masonry,-14.034116839665499,-171.6114221544929
11350,Residential,Masonry,-14.034684404183144,-171.61094642195698
16986,Residential,Masonry,-14.035028168957163,-171.61119154599996
17002,Residential,Masonry,-14.034274153922755,-171.6122997384646
259,Residential,Masonry,-14.034931060395772,-171.61102138532115
14795,Residential,Masonry,-14.032669366055615,-171.61278261676136
1520,Residential,Masonry,-14.032528822263433,-171.6150623411645
19427,Outbuilding,Timber,-14.035201874338018,-171.61340785784512
8528,Residential,Masonry,-14.035206388987529,-171.6130362872346
2578,Residential,Masonry,-14.03530943538902,-171.61326426170652
2366,Residential,Masonry,-14.035270941075211,-171.61213586123262
16458,Residential,Masonry,-14.034936084932443,-171.61233801194268
16360,Residential,Masonry,-14.035436223583373,-171.61124011813993
17694,Residential,Masonry,-14.034711183493785,-171.6121768631446
3589,Residential,Masonry,-14.035470169445068,-171.6131659053382
4434,Residential,Masonry,-14.03539857362347,-171.6129542594895
13014,Residential,Masonry,-14.035436730463415,-171.61275549200906
8108,Religious,Reinforced_Concrete,-14.0347960350219,-171.61312258963412
6281,Community,Masonry,-14.034554345310237,-171.61302629429355
19182,Residential,Masonry,-14.034996558781044,-171.61080530803108
10580,Residential,Masonry,-14.03520447264145,-171.6109569993741
7144,Outbuilding,Masonry,-14.03401870069256,-171.6105241746025
13718,Outbuilding,Timber,-14.035335794556987,-171.61201893190648
8122,Residential,Masonry,-14.035191291848916,-171.61179615337872
9073,Residential,Masonry,-14.035244730939779,-171.6117056476219
8244,Fale,Masonry,-14.034527274825308,-171.61316717292823
7048,Fale,Masonry,-14.034911062289936,-171.61256793137616
1757,Outbuilding,Masonry,-14.03365274818614,-171.61335105213988
54,Residential,Masonry,-14.033847359911347,-171.61330672097242
15211,Residential,Masonry,-14.03401396437219,-171.61336301294028
17145,Residential,Timber,-14.033378388363042,-171.6143643502216
2889,Hotel,Masonry,-14.03434190543156,-171.610092448677
16916,Hotel,Masonry,-14.034428184584497,-171.61006903710725
14770,Hotel,Masonry,-14.034464815934028,-171.6099810375671
961,Hotel,Masonry,-14.03440638297444,-171.60991771499314
2735,Hotel,Masonry,-14.034357806439086,-171.60984666780186
492,Hotel,Masonry,-14.034310683359276,-171.60977403668022
19500,Hotel,Masonry,-14.034247978273592,-171.6097162227961
13950,Hotel,Masonry,-14.034161966843719,-171.6096790129727
9796,Hotel,Masonry,-14.033566887083591,-171.60962676920516
19695,Hotel,Masonry,-14.03367361916632,-171.60971423923183
6111,Hotel,Masonry,-14.03373607280348,-171.60957228738883
14152,Hotel,Masonry,-14.033870094438138,-171.6099249357608
19483,Community,Masonry,-14.034584822744911,-171.61281730664442
8717,Residential,Masonry,-14.035303066644023,-171.6110933352927
6550,Tourist Fale,Timber,-14.03543803673688,-171.61170030474713
17973,Tourist Fale,Timber,-14.035590512957825,-171.61304776295137
374,Community,Timber,-14.035506790545154,-171.61331192233078
14593,Outbuilding,Timber,-14.035372461873955,-171.61338843077286
17577,Residential,Masonry,-14.035016603684838,-171.6114515511301
4998,Residential,Masonry,-14.033160375270027,-171.4336924204055
10014,,,-14.030896172954863,-171.655067211272
12966,Outbuilding,Masonry,-14.034623050000663,-171.61225300000027
6382,Outbuilding,Masonry,-14.033925630713359,-171.61419433910385
12008,Residential,Masonry,-14.033164325938811,-171.61373254486202
18184,Residential,Masonry,-14.03454353928534,-171.6117432881216
18657,Outbuilding,Masonry,-14.03237337977053,-171.6151352216801
3274,Outbuilding,Masonry,-14.033375600000573,-171.61382235000008
15757,Outbuilding,Masonry,-14.033509449999897,-171.6143131500003
3685,Residential,Masonry,-14.034069244718513,-171.61424722375182
12911,Outbuilding,Masonry,-14.033484399999987,-171.61452939999987
2596,Outbuilding,Masonry,-14.033407450000736,-171.6145276499998
5583,Residential,Masonry,-14.033540050003488,-171.61443510000078
264,Residential,Masonry,-14.033911550007014,-171.61450845000093
8387,Residential,Masonry,-14.033152349999476,-171.61395534999883
6466,Outbuilding,Masonry,-14.033008749999649,-171.61388564999984
12910,Outbuilding,Masonry,-14.034605656045112,-171.61233829633952
14459,Residential,Masonry,-14.034665582840637,-171.6124880959823
11283,Outbuilding,Masonry,-14.033126289423153,-171.61348577411923
2623,Residential,Masonry,-14.03499072229825,-171.61154174555926
4544,Outbuilding,Masonry,-14.0330468240961,-171.61348730580488
18298,Residential,Masonry,-14.035167623423353,-171.6111120542176
2910,Outbuilding,Masonry,-14.033371974170299,-171.61393025807445
10687,Residential,Masonry,-14.034606012110077,-171.61161853219602
14464,Residential,Masonry,-14.034545468744774,-171.6113047622842
12710,Residential,Masonry,-14.032968891184407,-171.6136689306908
13521,Residential,Masonry,-14.032770661549584,-171.61444087432926
7828,Outbuilding,Masonry,-14.032974958089516,-171.61315630357132
1618,Outbuilding,Masonry,-14.033373263071967,-171.61278080279666
9365,Outbuilding,Masonry,-14.033757224891096,-171.61217370659665
7405,Outbuilding,Masonry,-14.033769529073739,-171.61226824397738
14846,Residential,Masonry,-14.034096874194883,-171.61264841301147
8964,Outbuilding,Masonry,-14.034190553492303,-171.6127357223779
4212,Outbuilding,Masonry,-14.034005909555539,-171.61268407830815
8395,Outbuilding,Masonry,-14.034386926797179,-171.61298959887299
2140,Outbuilding,Masonry,-14.035518682117543,-171.61300549284593
7010,Residential,Masonry,-14.03541920064274,-171.61147148826177
4790,Residential,Masonry,-14.034713097680745,-171.6113569481423
5794,Outbuilding,Masonry,-14.03449359728986,-171.6115583074526
19088,Outbuilding,Masonry,-14.034530906953071,-171.6115724816102
3694,Outbuilding,Masonry,-14.035082841358278,-171.6109058572869
17747,Outbuilding,Masonry,-14.034643931752314,-171.61079076351427
12077,Residential,Masonry,-14.033209744142413,-171.61013098457508
149,Outbuilding,Masonry,-14.033528467553985,-171.6110529430257
11715,Fale,Masonry,-14.033191374054837,-171.6114193011726
3050,Outbuilding,Masonry,-14.033224404514408,-171.61115453650862
15856,,,-14.03243075000148,-171.60290034999957
16209,,,-14.037292431459667,-171.6041689969379
4266,Residential,Masonry,-14.040232806270918,-171.60527478072274
16980,Residential,Masonry,-14.040463634782736,-171.60546287740118
6198,Residential,Masonry,-14.03997730078881,-171.6052083198044
784,Outbuilding,Timber,-14.039959603019003,-171.60507166868302
601,Residential,Masonry,-14.036085119906673,-171.6059273458458
17337,Outbuilding,Masonry,-14.03623448740353,-171.60587524761812
17741,Residential,Masonry,-14.03601344579937,-171.60587660201824
7150,Residential,Masonry,-14.03613380000119,-171.60626900000236
4029,Residential,Masonry,-14.038907351762443,-171.60420367045708
11081,Residential,Masonry,-14.036388796343594,-171.6052529089802
19956,Outbuilding,Masonry,-14.038409717112872,-171.60384810691525
4782,Residential,Masonry,-14.038398605087576,-171.6041383968666
6593,Residential,Masonry,-14.038726703846871,-171.60352948216095
7252,Residential,Masonry,-14.038865872574494,-171.60335169015642
8443,Residential,Masonry,-14.038518984113004,-171.6038942829539
1242,Residential,Masonry,-14.038681601711204,-171.60461173276929
17122,Outbuilding,Masonry,-14.038803400000761,-171.6046779499999
16090,Fale,Masonry,-14.038692309103821,-171.60337034614406
11356,Residential,Timber,-14.035560350814283,-171.60772260354466
19148,Residential,Masonry,-14.040306919056428,-171.60544137126402
2298,Residential,Masonry,-14.04014800116187,-171.60546827420657
9068,Residential,Masonry,-14.040008828038273,-171.60562219447164
19821,Residential,Masonry,-14.040033484823761,-171.6050243707399
6935,Residential,Masonry,-14.040156596308583,-171.605907923609
13993,Residential,Masonry,-14.04014656921501,-171.60627049417673
3955,Residential,Masonry,-14.03980161202012,-171.60626587955224
7659,Residential,Masonry,-14.039596204824978,-171.6056516793005
16815,Residential,Masonry,-14.039300637708864,-171.6056220047579
10387,Residential,Masonry,-14.039150567245278,-171.6055808915054
4024,Residential,Masonry,-14.039313274186968,-171.6053894215683
2754,Residential,Masonry,-14.039499846243972,-171.60554774761826
3690,Residential,Masonry,-14.039236993940996,-171.60601225585708
3225,Residential,Masonry,-14.039401367169164,-171.60609289239886
1191,Residential,Masonry,-14.039113409713698,-171.60538493242808
10121,Residential,Masonry,-14.03901986352412,-171.6053623885832
4705,Religious,Masonry,-14.039812432898687,-171.60540828839817
19063,Fale,Timber,-14.035834022969837,-171.60958480937066
9103,Fale,Timber,-14.035745000932039,-171.6095474156835
4979,Fale,Timber,-14.035607199349196,-171.60952402703452
10750,Fale,Timber,-14.035512202483243,-171.60946602410837
8485,Fale,Timber,-14.035403072544359,-171.60945436834857
4138,Outbuilding,Timber,-14.039180513357637,-171.60464619512214
13098,Residential,Masonry,-14.039507713388131,-171.60479817110783
18382,Outbuilding,Masonry,-14.036405112094842,-171.60645989026423
13956,Residential,Masonry,-14.036554248766599,-171.60644813867495
19742,Outbuilding,Masonry,-14.03895197286157,-171.60527896003444
15231,Tourist Fale,Timber,-14.039148026798616,-171.60598714433954
13495,Tourist Fale,Timber,-14.040123337386492,-171.60612755356172
14436,Outbuilding,Timber,-14.036077213863646,-171.60941532203842
2738,Residential,Masonry,-14.036218879882272,-171.60599115126786
12598,Fale,Masonry,-14.035176722323444,-171.60929717952465
6530,Outbuilding,Masonry,-14.034799526216114,-171.60864528884676
2749,Fale,Masonry,-14.034677576887557,-171.608564241726
18930,Outbuilding,Masonry,-14.035105083707954,-171.60807879995622
11227,Outbuilding,Masonry,-14.035930469861249,-171.60729115343568
13072,Outbuilding,Masonry,-14.035939213702727,-171.60636276983516
425,Residential,Masonry,-14.036826409858481,-171.60501960058892
9816,Outbuilding,Masonry,-14.03668961513375,-171.60501849854205
4347,Outbuilding,Masonry,-14.037063985427315,-171.6045163311472
13421,Fale,Masonry,-14.036941923553456,-171.60479890139538
13888,Residential,Masonry,-14.038154430294597,-171.6051585707991
12148,Outbuilding,Masonry,-14.03797123254954,-171.6055857743813
14092,Residential,Masonry,-14.038929665351871,-171.60462848090518
10017,Outbuilding,Masonry,-14.03909335869733,-171.60475850218185
5787,Residential,Masonry,-14.03889939081886,-171.60405892474512
17795,Residential,Masonry,-14.039214622520612,-171.6037505027255
16468,Outbuilding,Masonry,-14.038973566449258,-171.6032981636863
12606,Residential,Masonry,-14.038608191643489,-171.60344280964574
15695,Residential,Masonry,-14.038383359491087,-171.6039544032407
12602,Outbuilding,Masonry,-14.038347963140838,-171.60377144009976
16799,Outbuilding,Masonry,-14.038459816699733,-171.60375244555317
17559,Outbuilding,Masonry,-14.03879689317556,-171.60359972646742
15593,Residential,Masonry,-14.039537875576615,-171.6024071102569
9812,Residential,Masonry,-14.040701225079076,-171.60206630635503
6832,Outbuilding,Masonry,-14.040325489633252,-171.60101656693553
10018,Community,Masonry,-14.04024558655479,-171.60271153458385
7202,Community,Masonry,-14.04038992711009,-171.6022420080969
6207,Residential,Masonry,-14.040299524229287,-171.6025145747312
19203,Residential,Masonry,-14.040475927450489,-171.602617798225
5326,Outbuilding,Masonry,-14.04068076400854,-171.60267656505994
667,Residential,Masonry,-14.040757340859983,-171.60245829270463
18672,,,-14.029933533138683,-171.60899158360488
7366,,,-14.025897611063336,-171.61052822712801
10181,,,-14.027353829236523,-171.61369978381916
7738,,,-14.031496699998808,-171.61450209999828
14435,,,-14.028733550005448,-171.6129421499991
5397,,,-14.0304410618694,-171.61022607858663
15235,,,-14.030520544068354,-171.6148191745615
18871,,,-14.027039554980128,-171.61118137363974
1727,,,-14.028131980130862,-171.61023534005625
7089,,,-14.023290700000299,-171.61226145000012
18722,,,-14.029262078013005,-171.61450185695037
13509,,,-14.030444313635043,-171.61032196811323
16590,,,-14.024905947698656,-171.61372178206167
14642,,,-14.029209427157252,-171.61402331149915
13990,,,-14.033379979719971,-171.6107803937702
10122,,,-14.029478800001247,-171.61442790000012
8903,,,-14.024944999999962,-171.61385859999976
16242,,,-14.0288618500006,-171.6115977999998
11145,,,-14.026236500001467,-171.6091514000011
19778,,,-14.029130850002526,-171.61534475000047
17092,,,-14.028483949997895,-171.6096810999991
6219,,,-14.029355600001733,-171.61444660000194
16197,,,-14.028824568612276,-171.61304864533912
18665,,,-14.032475921106613,-171.60966200483904
3706,,,-14.026153172656517,-171.61006931497317
8562,,,-14.03249428065409,-171.6098060846602
17137,,,-14.032856600000134,-171.61140684999978
5131,,,-14.03097611111959,-171.60998592559528
10697,,,-14.030503200001295,-171.6101659999977
482,,,-14.02717203096629,-171.61369089283286
4902,,,-14.025644443783772,-171.60867892824112
15468,,,-14.02900652400617,-171.61168024401908
14091,,,-14.032875243562156,-171.61154692468443
6719,,,-14.029099348260406,-171.6121596665462
5741,,,-14.030358433017055,-171.6101903153908
7103,,,-14.025711162451895,-171.60872472202138
19098,,,-14.027714458634005,-171.6150960797796
15083,,,-14.032584650000306,-171.60968784999937
797,,,-14.026331643600264,-171.60912067712698
7822,,,-14.028973193265541,-171.6120435766881
18830,,,-14.028628422498024,-171.61522000450088
8964,,,-14.025747154248528,-171.61056377736125
18521,,,-14.032368271569075,-171.6096942633576
15363,,,-14.028811500004114,-171.6129244999993
2416,,,-14.025661939802232,-171.6104862229117
3571,,,-14.025650044067586,-171.60880702765908
6076,,,-14.02893900000109,-171.6121859000014
12920,,,-14.032902907840882,-171.60999978150153
1634,,,-14.025756735208947,-171.60882828199752
9213,,,-14.028913516656765,-171.61304736669425
16943,,,-14.028536710175834,-171.61512007720987
3046,,,-14.031238881860572,-171.60999198832886
9103,,,-14.025896549999379,-171.60900010000128
7135,,,-14.02985465000164,-171.61486789999998
13770,,,-14.028661413622615,-171.6151273774571
14926,,,-14.027192129656447,-171.61463743967883
5614,,,-14.029156876313689,-171.61551295856216
11274,,,-14.030035400002543,-171.61523450000018
17746,,,-14.02908895000015,-171.61558135000004
8169,,,-14.029741329752067,-171.61469431112553
18368,,,-14.039933472436383,-171.56699655413342
10946,,,-14.042510250005439,-171.57030314999977
15787,,,-14.043163517816815,-171.56926627732028
12280,,,-14.034302228340719,-171.564382143768
1919,,,-14.04201415000091,-171.57189959999923
721,,,-14.041754800003487,-171.56880035000052
2535,,,-14.04217070050428,-171.56808506649452
12002,,,-14.042750150017369,-171.57300880000338
8145,,,-14.042350900001924,-171.57012650000036
14312,,,-14.04277785531924,-171.5724341247291
7683,,,-14.042611269311472,-171.56904344057077
3492,,,-14.041524955323796,-171.5684034684062
17792,,,-14.041861300002608,-171.56795454999877
10038,,,-14.039506328501828,-171.56706474310448
13069,,,-14.043370250004694,-171.56921315000108
3982,,,-14.032521493679662,-171.562323920352
11157,,,-14.041851011527529,-171.57166622725134
18691,,,-14.042791350011303,-171.5721976500008
4540,,,-14.043336467153537,-171.56955870506224
19490,,,-14.042609480362882,-171.5682763443989
1630,,,-14.042656549953767,-171.57271754998283
14172,,,-14.041890150001194,-171.5693509500002
14323,,,-14.04343277731276,-171.5700488899794
16983,,,-14.042343300002615,-171.5696919500003
11522,,,-14.043273450003987,-171.5686021499994
17606,,,-14.041187602353903,-171.5678033167333
10070,,,-14.041446417007243,-171.56735089812233
4687,,,-14.041668550000635,-171.57171364999977
453,,,-14.039379191648617,-171.56699297365694
17237,,,-14.04318051919232,-171.56200520733756
17047,Outbuilding,Timber,-14.043580349281168,-171.57361341893795
15088,Residential,Masonry,-14.041313043802889,-171.57492757054024
6694,Outbuilding,Masonry,-14.042857344871432,-171.5744543199236
4801,Residential,Masonry,-14.043483879342942,-171.5561297815687
7993,Residential,Masonry,-14.04300203613868,-171.57452877121634
13918,Outbuilding,Masonry,-14.043437485683693,-171.57023403226964
12708,Residential,Masonry,-14.04328535922124,-171.57011130574202
13184,Residential,Masonry,-14.043789200029375,-171.57405994988594
13738,Outbuilding,Timber,-14.043596765467326,-171.57370220555202
2835,Residential,Masonry,-14.043719791417754,-171.5737481172937
17519,Residential,Timber,-14.043744123100605,-171.57526395003893
9871,Community,Masonry,-14.044283500016576,-171.574101049752
16932,Residential,Masonry,-14.04378728602252,-171.57507594221588
3512,Residential,Masonry,-14.04364144405519,-171.57391088403676
10617,Outbuilding,Timber,-14.043581559916547,-171.57408308927035
16021,Outbuilding,Masonry,-14.04361295102476,-171.55590173700256
11084,Outbuilding,Masonry,-14.0436223242486,-171.55632269566237
6501,Outbuilding,Masonry,-14.043817400003762,-171.5764835999999
14766,Outbuilding,Masonry,-14.043550071958755,-171.57138276075122
1980,Outbuilding,Masonry,-14.043627648612466,-171.57170555131322
17611,Outbuilding,Masonry,-14.043669947101167,-171.56974482893324
19516,Outbuilding,Masonry,-14.043834050000095,-171.57659885000055
18405,Fale,Timber,-14.044006758565887,-171.57640652378993
16583,Outbuilding,Masonry,-14.043665276844346,-171.57408005287965
14719,Fale,Timber,-14.0436475663978,-171.57432400435613
16647,Outbuilding,Masonry,-14.043139051623056,-171.57347918594328
12210,Fale,Masonry,-14.043970796722622,-171.5730888371182
19867,Residential,Masonry,-14.043695207010469,-171.57252020281155
3636,Residential,Masonry,-14.043423543309425,-171.57076853989844
12561,Residential,Masonry,-14.043222722508482,-171.57037294542587
19011,Residential,Masonry,-14.043290025335702,-171.57050579710955
6575,Outbuilding,Masonry,-14.043422400944754,-171.57045811380064
131,Outbuilding,Masonry,-14.043338633378946,-171.57035362004424
3894,,,-13.977146455827075,-171.56492663170908
1350,,,-14.041284020733771,-171.55050115028965
11351,,,-14.041055604954451,-171.55151622670343
12216,,,-14.040636249998261,-171.55049014999773
13777,,,-14.033949362569238,-171.5534019254719
13287,Tourist Fale,Timber,-14.040148305185928,-171.66234395991168
12926,Tourist Fale,Timber,-14.040154048267352,-171.66225143282506
17316,Tourist Fale,Timber,-14.040167448785605,-171.6621601819595
2314,Tourist Fale,Timber,-14.040167448831756,-171.66206063555674
4283,Residential,Masonry,-14.03647959712929,-171.65711360332355
13842,Outbuilding,Masonry,-14.036132100001302,-171.65715454999892
698,Hotel,Masonry,-14.040354861169076,-171.65846252343889
8779,Hotel,Masonry,-14.04010374341329,-171.65835191863113
7730,Hotel,Masonry,-14.040026156213361,-171.65833299310876
12670,Hotel,Masonry,-14.039911645369063,-171.6580985353177
2580,Hotel,Timber,-14.040597370230511,-171.65831101621632
15957,Hotel,Masonry,-14.040110282590096,-171.6591632744007
4152,Outbuilding,Masonry,-14.039627445748668,-171.65911368714404
9704,Residential,Masonry,-14.039739501423826,-171.65916254361724
19109,Commercial,Masonry,-14.040361554576899,-171.659984203223
6136,Hotel,Masonry,-14.039923987924254,-171.66077211666723
15172,Hotel,Masonry,-14.039928966670615,-171.66062005618215
17521,Hotel,Masonry,-14.039714849535414,-171.6609219874926
7256,Hotel,Masonry,-14.039710116467116,-171.66079716992934
14518,Hotel,Masonry,-14.039743031115925,-171.66108356986717
19952,Outbuilding,Masonry,-14.039407130157802,-171.66092603932717
9870,Residential,Masonry,-14.039408070081395,-171.66104922712674
13515,Hotel,Timber,-14.039958812278424,-171.66166218163139
16324,Commercial,Masonry,-14.040155194285308,-171.66178496275052
16805,Outbuilding,Masonry,-14.039463459585154,-171.66241063399906
2757,Residential,Masonry,-14.03973116862783,-171.6625786567504
11902,Residential,Masonry,-14.039641534755255,-171.66244415338838
11542,Residential,Timber,-14.04012510429725,-171.6661809062362
3575,Tourist Fale,Timber,-14.040108741786637,-171.6627281067813
17688,Tourist Fale,Timber,-14.04012150417854,-171.66262728423146
659,Tourist Fale,Timber,-14.040131075954738,-171.66253603337154
8542,Tourist Fale,Timber,-14.04013745716962,-171.6624390394662
13500,Hotel,Timber,-14.040270032851495,-171.66067956460165
17163,Hotel,Timber,-14.040248974942124,-171.6607663486676
15588,Hotel,Timber,-14.040213263035414,-171.66151950582142
5729,Hotel,Timber,-14.040213901164996,-171.66136891002992
2067,Hotel,Timber,-14.039851374012775,-171.66136250926687
3333,Hotel,Timber,-14.039849513016902,-171.66126663288273
12017,Hotel,Timber,-14.039857170485503,-171.66114156180706
19028,Hotel,Timber,-14.039954187154772,-171.66153290629987
14713,Hotel,Timber,-14.039868679335614,-171.66151886766082
12145,Hotel,Timber,-14.04004607600581,-171.6615533261372
7062,Hotel,Timber,-14.040136688910648,-171.661573745841
2232,Hotel,Timber,-14.040124542015324,-171.66065723046214
15333,Hotel,Timber,-14.040216453641591,-171.6612974408987
17391,Hotel,Timber,-14.04023876500874,-171.6608339891085
19233,Hotel,Timber,-14.040793911343911,-171.6584202588829
17102,Hotel,Timber,-14.04059737105272,-171.65898307887514
1086,Hotel,Timber,-14.040643315575743,-171.65877632861333
1679,Hotel,Timber,-14.040791689202791,-171.6585119243984
13378,Hotel,Timber,-14.040709795075655,-171.6586663472009
10620,Hotel,Timber,-14.040539735561447,-171.65932308710381
10373,Hotel,Timber,-14.04058609963425,-171.65920798222672
14717,Hotel,Timber,-14.040594366267337,-171.65909439007132
15489,Hotel,Timber,-14.040333012751349,-171.66019588154768
7872,Hotel,Timber,-14.040288706337726,-171.65907562020513
7680,Hotel,Timber,-14.040269972921168,-171.65915280848884
3204,Hotel,Timber,-14.040249986034588,-171.6592364781252
4198,Outbuilding,Masonry,-14.040162345110984,-171.65934236934103
10810,Residential,Masonry,-14.036633274775868,-171.6572350403562
1512,Residential,Masonry,-14.036651744652872,-171.65711999861
1123,Outbuilding,Masonry,-14.039586927760622,-171.66315954468743
13522,Outbuilding,Masonry,-14.039756754117638,-171.66329527797322
5479,Outbuilding,Masonry,-14.039840150000861,-171.6646920499999
19825,Residential,Masonry,-14.039773999998712,-171.6630081999985
10982,Residential,Masonry,-14.025966114062012,-171.6888581431786
4486,Outbuilding,Masonry,-14.002347459656384,-171.4257368186657
1226,Residential,Masonry,-14.002659304921503,-171.425368803764
19490,Residential,Masonry,-14.0019819353906,-171.42646718238254
19219,Residential,Masonry,-14.003108880957651,-171.42494556516442
6822,Outbuilding,Masonry,-14.002123400000876,-171.42584485000052
11946,Outbuilding,Masonry,-14.00188885658436,-171.42600531836914
14844,Outbuilding,Masonry,-14.002000946002216,-171.42649781133167
18018,Outbuilding,Masonry,-14.002470271925047,-171.42692338079056
6532,Outbuilding,Masonry,-14.002236418880607,-171.42701660344736
6716,Outbuilding,Masonry,-14.00173361180665,-171.42757741591092
10002,Outbuilding,Masonry,-14.00149666478411,-171.4273853531966
10802,Outbuilding,Masonry,-14.001547839964845,-171.42724848841888
14591,Outbuilding,Masonry,-14.001097034332973,-171.4263372607702
18489,Fale,Masonry,-14.002219113942836,-171.42690864342998
2625,Residential,Masonry,-14.001447720873125,-171.4271565198689
9136,,,-13.998904011034554,-171.4289560287696
17688,,,-13.996970849998753,-171.42903485000065
15789,,,-13.998539098304141,-171.43254968140948
617,,,-13.998927342414497,-171.43077442391595
19117,,,-13.99950478820229,-171.42798408197984
11272,,,-13.99908335000563,-171.4291410000003
12390,,,-13.999295031177455,-171.42879430793218
14286,,,-13.998500679627242,-171.43229431340498
10227,,,-13.999219575730375,-171.42916588804795
2511,,,-13.999409687685691,-171.432622726663
6316,,,-13.999267377629506,-171.43300240859853
15582,,,-13.999078850002126,-171.42946535000016
1871,,,-13.998946000006411,-171.42932225000084
10418,,,-13.999222017350029,-171.42867829857423
19665,,,-13.998875100004353,-171.4300296999993
3897,,,-13.999200524435537,-171.4325464957618
13063,,,-13.99857570000015,-171.43495459999994
8879,,,-13.999477725875852,-171.43244335982087
18744,,,-13.997625031946791,-171.43126861620695
6785,,,-13.999041450000492,-171.42875340000128
11436,,,-13.998116700000654,-171.43178480000012
2355,,,-13.998243950004397,-171.42935754999976
12616,,,-13.998725800003532,-171.4336859000002
8269,,,-13.99882452840938,-171.42968755564937
9255,,,-13.998929299999684,-171.4340231
13791,,,-13.99820017282569,-171.42896459136506
17423,,,-13.997392085894052,-171.42905317723785
17466,,,-13.999034650003562,-171.4296196000012
6112,,,-13.998125050007339,-171.4301313999989
19558,,,-13.99955237972667,-171.43373610630437
13672,,,-13.998261022416433,-171.4300803917433
5898,,,-13.999016700006978,-171.43476030000025
10689,,,-13.998071049999487,-171.43195840000126
7233,,,-13.998614823261816,-171.43412748939485
14188,,,-13.99946925000218,-171.4342653000002
13113,,,-13.997400899999771,-171.42930780000034
7260,,,-13.997388686617672,-171.42854156826456
18579,,,-13.998306299984563,-171.43026895001785
1555,,,-13.997755536619309,-171.42922777610755
7163,,,-13.999025204729255,-171.43694947881082
6521,,,-13.998410972520476,-171.43094514227616
12342,,,-13.997541826689412,-171.42927586161937
5559,,,-13.998390091455141,-171.43061027726583
8966,,,-13.999543629814813,-171.43393266534986
14918,,,-13.997127299998423,-171.42856275000065
19243,,,-13.997403759291004,-171.42837402463402
13591,,,-13.997117953727411,-171.42845322347566
3165,Outbuilding,Masonry,-14.042701623007401,-171.54949009456345
10198,Residential,Masonry,-14.042519049999934,-171.54804600000003
19235,Tourist Fale,Timber,-14.04204928016718,-171.50118059232753
709,Tourist Fale,Timber,-14.042020616542382,-171.50108968783098
14586,Tourist Fale,Timber,-14.042018978578335,-171.50101925722475
1172,Tourist Fale,Timber,-14.042001780560994,-171.50094555082168
15912,Tourist Fale,Timber,-14.04196902205247,-171.50087348238762
19256,Tourist Fale,Timber,-14.041939539514967,-171.50081451715513
19069,Tourist Fale,Timber,-14.042159839702608,-171.5016621408301
18747,Tourist Fale,Timber,-14.042157382936592,-171.50175222639461
10322,Fale,Timber,-14.042165572495541,-171.50184394991211
7062,Fale,Timber,-14.042170486287276,-171.50200446600508
603,Hotel,Timber,-14.042249106425475,-171.5025515313284
17697,Residential,Masonry,-14.04077163361207,-171.49746853518812
3175,Outbuilding,Masonry,-14.040896852573821,-171.4978538332975
11680,Residential,Masonry,-14.040899080690926,-171.49798334982026
12401,Outbuilding,Masonry,-14.040970404311935,-171.49806566207982
14046,Residential,Masonry,-14.041034383548322,-171.49871196904382
19393,Residential,Masonry,-14.04107597425574,-171.49850243584874
14408,Residential,Masonry,-14.040875072215792,-171.4982134620435
12373,Hotel,Masonry,-14.040826114175047,-171.4989977801739
11309,Outbuilding,Timber,-14.041144015206317,-171.49882111313522
6718,Outbuilding,Masonry,-14.040614549885705,-171.49788190099332
5262,Outbuilding,Timber,-14.040664302505968,-171.498314907512
15880,Hotel,Masonry,-14.041447654604424,-171.49883198616843
7287,Outbuilding,Timber,-14.040677261094881,-171.49994114841328
11294,Outbuilding,Timber,-14.040679858768227,-171.49954682744834
967,Residential,Masonry,-14.04062322418782,-171.49968057644435
11714,Residential,Masonry,-14.040769670636701,-171.4996484281038
4295,Residential,Masonry,-14.040773033796007,-171.4998063382642
2388,Outbuilding,Masonry,-14.041459780746115,-171.50022280671917
11117,Outbuilding,Masonry,-14.041147395581504,-171.50020262885178
17288,Residential,Masonry,-14.04129682294154,-171.50039692083715
4180,Residential,Masonry,-14.041613454187337,-171.50079350189418
6344,Outbuilding,Timber,-14.0414373127369,-171.50070821532415
6444,Outbuilding,Masonry,-14.041508194599286,-171.50065384717644
19929,Residential,Masonry,-14.041342274831738,-171.50098164314656
13553,Residential,Masonry,-14.04173104865544,-171.5009851062338
8500,Outbuilding,Timber,-14.041825327751633,-171.50130704844221
7508,Fale,Timber,-14.041609498579504,-171.50121908342004
2512,Residential,Masonry,-14.041320161334387,-171.50152536537766
14349,Hotel,Masonry,-14.041807729578151,-171.50207290437604
11055,Hotel,Masonry,-14.041965303703995,-171.50255714826463
12173,Hotel,Masonry,-14.041966155360784,-171.5027075519454
3772,Hotel,Masonry,-14.041872896887833,-171.5025207991877
10208,Hotel,Masonry,-14.041748652586579,-171.50270792716353
14705,Hotel,Masonry,-14.041715710997682,-171.50259644685312
15834,Hotel,Masonry,-14.042157879808599,-171.50224592260915
16307,Hotel,Timber,-14.042185597300717,-171.5025652568705
73,Tourist Fale,Timber,-14.041912923374792,-171.50073262123945
2367,Tourist Fale,Timber,-14.041886716572328,-171.5006507252784
9684,Fale,Timber,-14.042164753498675,-171.50192257011653
18537,Hotel,Timber,-14.04225565811793,-171.50274685331414
17022,Hotel,Timber,-14.042258933897044,-171.5026854313632
4432,Hotel,Timber,-14.042254839161544,-171.50260926808755
9139,Hotel,Timber,-14.04224583055575,-171.50249215672608
10880,Hotel,Timber,-14.042223566196382,-171.50215078275494
2555,Hotel,Timber,-14.04224250859003,-171.5022215334881
16729,Hotel,Timber,-14.04224756083706,-171.50236501104413
7135,Hotel,Timber,-14.042250287259513,-171.50241964150993
888,Tourist Fale,Timber,-14.041412129312917,-171.4987523758839
4336,Tourist Fale,Timber,-14.041407215551693,-171.4986811264345
4707,Tourist Fale,Timber,-14.041400663830611,-171.49861560958982
5083,Residential,Masonry,-14.04155346127541,-171.50341140389952
17333,Residential,Masonry,-14.041819534500153,-171.503358584894
8954,Residential,Masonry,-14.041726952306579,-171.50419313976775
386,Outbuilding,Timber,-14.041837201790626,-171.50451701817352
8078,Residential,Masonry,-14.042065292592534,-171.50509635877805
8956,Outbuilding,Timber,-14.041508630261912,-171.50501538503246
10221,Residential,Masonry,-14.041752310704188,-171.50490208548803
2208,Outbuilding,Masonry,-14.042046181717271,-171.50539445738374
359,Residential,Masonry,-14.041844037598716,-171.5081355214998
87,Residential,Masonry,-14.041877040003751,-171.5079547846576
8344,Residential,Masonry,-14.04183910377328,-171.50771198364708
2153,Religious,Masonry,-14.041410214745676,-171.50936252251066
1996,Residential,Masonry,-14.041399269035674,-171.5118667298042
12341,Residential,Masonry,-14.041247071442175,-171.51252994587733
15560,Outbuilding,Masonry,-14.041228294465359,-171.51264387688525
9369,Outbuilding,Timber,-14.041220048153917,-171.51310659667078
8475,Residential,Masonry,-14.041205702208467,-171.51279800515707
19327,Residential,Masonry,-14.041296204218797,-171.51294277798377
9834,Fale,Timber,-14.041279401368497,-171.51219440613144
15043,Outbuilding,Masonry,-14.040899974004834,-171.51386968397244
11076,Fale,Timber,-14.04083893782435,-171.49790739643248
19538,Fale,Timber,-14.040626998709193,-171.49747538555025
9757,Fale,Timber,-14.04119250407414,-171.51237324697527
9351,Residential,Masonry,-14.04155206824187,-171.50236378143114
7873,Outbuilding,Masonry,-14.041371385501314,-171.50228408535764
11582,Hotel,Masonry,-14.041800969435327,-171.5021656215865
1039,Outbuilding,Masonry,-14.039342410409917,-171.49489854455712
18058,Residential,Masonry,-14.041874741993956,-171.5054167882774
2668,Hotel,Timber,-14.042307960445976,-171.5053442221443
15419,Hotel,Timber,-14.042313434083514,-171.50550095886948
7765,Hotel,Masonry,-14.0419349899628,-171.50242864477445
13733,Tourist Fale,Timber,-14.04131585545827,-171.49844735442556
12341,Tourist Fale,Timber,-14.041280536846703,-171.4983557802675
3480,Tourist Fale,Timber,-14.041240150813552,-171.49803982184864
10101,Tourist Fale,Timber,-14.041222401338388,-171.49797219698075
14474,Tourist Fale,Timber,-14.0412140351811,-171.49789737957008
1875,Tourist Fale,Timber,-14.041196635884221,-171.4978233525682
6301,Tourist Fale,Timber,-14.041702558953078,-171.50005831297804
4157,Tourist Fale,Timber,-14.041683522165334,-171.50000718500868
11728,Tourist Fale,Timber,-14.041663615927582,-171.49994612050205
654,Tourist Fale,Timber,-14.041640367574622,-171.49987806654255
18787,Tourist Fale,Timber,-14.041385495399275,-171.49897283779805
19479,Tourist Fale,Timber,-14.041398875234858,-171.49902172994106
7950,Tourist Fale,Timber,-14.041411114651783,-171.49906799126947
3744,Tourist Fale,Timber,-14.041425838009756,-171.49913223989216
15216,Tourist Fale,Timber,-14.041531749088712,-171.49939604373148
14928,Tourist Fale,Timber,-14.041542124905684,-171.4994834284956
14769,Tourist Fale,Timber,-14.04155174452303,-171.49955176460045
7413,Tourist Fale,Timber,-14.041851747401326,-171.50057228549858
3804,Outbuilding,Timber,-14.04177974493345,-171.5031722244289
4693,Residential,Masonry,-14.040999223667528,-171.51381202489054
2791,Residential,Masonry,-14.041439437663048,-171.51239431311222
9494,Fale,Timber,-14.04040693709845,-171.49694393549217
14944,Residential,Masonry,-14.039224122817354,-171.49337113940248
2739,Fale,Masonry,-14.041160472729707,-171.50168760213427
5276,Residential,Masonry,-14.039049494628124,-171.49386194169628
2035,Residential,Masonry,-14.038936800215442,-171.4938425660678
1167,,,-14.040179853869365,-171.51940746294957
16235,,,-14.040074200000378,-171.51864179999797
19686,,,-14.040387250005713,-171.52016375000179
16241,,,-14.038132833493057,-171.5170345483121
11380,,,-14.038312200006068,-171.51729484999595
6295,,,-14.03914785000087,-171.5172992500002
3450,,,-14.039154715387875,-171.5174211556325
7829,,,-14.040498150002508,-171.52026120000042
10462,,,-14.042277599999807,-171.56847899999863
8701,,,-14.03227242542637,-171.63344331280828
1635,,,-14.03177170000723,-171.6332262500021
867,,,-14.033823344504789,-171.63288207810385
17011,,,-14.03147875000178,-171.63329415000027
4763,,,-14.033038200000153,-171.63402455
16412,,,-14.032787279618557,-171.63320109171102
3617,,,-14.03156127870095,-171.63328713894873
17071,,,-14.033431129411145,-171.6341024397556
19844,,,-14.031802599993963,-171.63342964999723
10371,,,-14.033209160963343,-171.63400557369783
10,,,-14.033145149999497,-171.63389610000021
17048,,,-14.032632200007612,-171.6333484500004
11963,,,-14.032080537847628,-171.63332757303192
8582,,,-14.032570576735337,-171.63467363536887
9546,,,-14.033965300000048,-171.63394924999997
2861,,,-14.033381650001544,-171.63404589999988
4076,,,-14.0325952000012,-171.63445709999954
5057,,,-14.031496331459488,-171.6332140114614
109,,,-14.031801943528466,-171.63661602459428
2284,,,-14.033956999998715,-171.63314910000258
9046,,,-14.03397949999787,-171.63376405000304
9581,,,-14.032435650001839,-171.63570095000017
18990,,,-14.032777400000453,-171.6345643
2116,,,-14.032540150007234,-171.63514360000065
16983,,,-14.031656350002402,-171.6366122000003
16255,,,-14.031773100002772,-171.63624395000025
11916,,,-14.03266992454789,-171.63462835642886
12946,,,-14.031487875405379,-171.63659658860692
17709,,,-14.031944644028549,-171.63519907277635
18510,,,-14.031972500001654,-171.6348543000002
19045,,,-14.031468649999821,-171.63620239999995
18560,,,-14.032029450001128,-171.63538965000012
1268,,,-14.03256820563739,-171.6341122708595
13801,,,-14.032695866010501,-171.63518682836525
4976,,,-14.033918039275997,-171.6329846267556
15794,,,-14.031992992557424,-171.63446863774772
10200,,,-14.032008429365304,-171.6342658214782
5288,Outbuilding,Timber,-14.038523437171769,-171.6351614248656
18321,Residential,Masonry,-14.038585855550647,-171.63471540794126
15020,Outbuilding,Timber,-14.03834427451038,-171.63467339517223
8742,Fale,Timber,-14.036277796197009,-171.63269784814676
17515,Outbuilding,Masonry,-14.0350212572341,-171.63334047482795
5737,Outbuilding,Masonry,-14.035122848451355,-171.6330514183931
11511,Residential,Masonry,-14.034463189109537,-171.6329240346051
6115,Residential,Masonry,-14.035123031876845,-171.6331710991401
18425,Commercial,Masonry,-14.037995031171793,-171.63150717653696
5086,Residential,Masonry,-14.038018209929817,-171.63120400083633
13527,Outbuilding,Masonry,-14.03774379593039,-171.6315610708031
3820,Residential,Masonry,-14.037640692286002,-171.63232754938971
996,Community,Masonry,-14.038532633878697,-171.6314899895722
12938,Fale,Masonry,-14.038458645221944,-171.6311749251008
4264,Outbuilding,Timber,-14.037673383449457,-171.6324460881419
10082,Outbuilding,Timber,-14.038243981229769,-171.63182073121615
4390,Residential,Masonry,-14.038138180540452,-171.63198916385804
2730,Residential,Masonry,-14.037830299746181,-171.63231438266516
1701,Outbuilding,Timber,-14.037569437375078,-171.63238203019188
18552,Residential,Masonry,-14.036094745504904,-171.63178649259785
6705,Residential,Masonry,-14.03557789854163,-171.63320817241234
1603,Residential,Masonry,-14.03513148951481,-171.633404995129
2885,Outbuilding,Masonry,-14.035293302728032,-171.63348074910644
2928,Outbuilding,Masonry,-14.03522812761328,-171.63326188544335
19220,Fale,Masonry,-14.034981144891535,-171.63324713597737
16369,,,-14.022611876531661,-171.6302641016664
17347,,,-14.023005547406967,-171.63042085140913
14297,,,-14.023241507632537,-171.6302349563433
15549,,,-14.022336749999827,-171.63025195000006
11965,,,-14.023398107833868,-171.63024127481174
8128,,,-14.022434492606635,-171.63026702539665
3868,,,-14.022337274592239,-171.6304652428441
18117,,,-14.022545263529908,-171.63056042456122
9429,,,-14.023336500003081,-171.63047145000033
8238,,,-14.022805399998232,-171.63041835000027
10096,,,-14.023363971566255,-171.6305675446579
19157,,,-14.02313348998456,-171.6304974286127
4655,,,-14.023581736746264,-171.63026337522828
5462,,,-14.022300675409868,-171.63057671050578
6344,,,-14.022815327445256,-171.6306313561625
13705,,,-14.021326844179315,-171.63204432553434
14014,,,-14.021265650000721,-171.63190714999996
9015,,,-14.022687143988989,-171.63056617540818
2847,,,-14.023013795322754,-171.63015676851646
8050,,,-14.022823740470534,-171.6305294574391
8476,,,-14.022481307302314,-171.6304683152522
7830,,,-14.031205662987755,-171.62685994491667
15046,,,-14.029124405039727,-171.62760302109467
18674,,,-14.032083050000855,-171.62943729999998
3919,,,-14.02154497909756,-171.6330212939921
2186,,,-14.030573625911211,-171.62817283922948
9335,,,-14.027309300000827,-171.6286036500006
13924,,,-14.027852150003586,-171.62925185000285
12098,,,-14.029449589410383,-171.62769588111283
17856,,,-14.028840200000168,-171.62849770000042
16725,,,-14.030361150000827,-171.62820805000007
13494,,,-14.021261149999763,-171.63269029999964
4088,,,-14.031573775748853,-171.63065554201162
15149,,,-14.02187784999987,-171.63302534999983
5217,,,-14.031647800000538,-171.63063010000002
9234,,,-14.031641554794565,-171.62980847432857
15994,,,-14.03220125766295,-171.6290082768334
3939,,,-14.032217599999589,-171.62916359999932
2362,,,-14.031714949999795,-171.63065899999995
4920,,,-14.027174411897013,-171.62855122646212
15365,,,-14.030128707386702,-171.62825012549052
10215,,,-14.03657975113769,-171.62630999812407
1017,,,-14.031576200000044,-171.63056620000037
12284,,,-14.033158049999477,-171.62714330000222
5956,,,-14.031251749999264,-171.62593790000204
9679,,,-14.032054750004956,-171.62705890000288
3268,,,-14.033628949996631,-171.6299764499956
5974,,,-14.032185400001218,-171.62620125000004
18353,,,-14.031437929446263,-171.6306380439064
9561,,,-14.035297899999554,-171.6275697500004
233,,,-14.031747750001639,-171.62672719999975
11036,,,-14.032482771280522,-171.6277126458443
14502,,,-14.036576651147183,-171.62636329810914
1109,,,-14.033665813578647,-171.62984732614098
8711,,,-14.03193399320824,-171.63115842438884
13125,,,-14.03536416056754,-171.62767382476727
5210,,,-14.033959150000587,-171.62710535000002
2089,,,-14.031964824454093,-171.63099615977626
9616,,,-14.031972947017646,-171.62623173174742
3830,,,-14.031232250000683,-171.62553215000008
1528,,,-14.033534535381415,-171.6269379684457
1161,,,-14.03195770000057,-171.62707829999954
17625,,,-14.035295729593214,-171.62708980467048
1352,,,-14.031215800001203,-171.62565719999978
13217,,,-14.033884350001918,-171.6271445499998
4130,,,-14.03118484401533,-171.6258084305774
16713,,,-14.032597883285778,-171.6257344552282
220,,,-14.032707299995842,-171.63011319999976
10501,Residential,Masonry,-14.040484318889066,-171.60305569910048
5849,Residential,Masonry,-14.04048415209845,-171.60283296586556
1995,Outbuilding,Timber,-14.040617639822457,-171.6030968118238
2808,Residential,Masonry,-14.038989099998426,-171.60122124999904
18951,Residential,Masonry,-14.040873710094889,-171.6018405224221
10951,Residential,Masonry,-14.040413580999818,-171.60121383387764
14739,Education,Masonry,-14.039946757283506,-171.6013893411395
10139,Residential,Masonry,-14.04038504272644,-171.6041406201263
1552,Residential,Masonry,-14.040594822910453,-171.60424273015306
1589,Residential,Masonry,-14.040446177297781,-171.60105539199168
4489,Outbuilding,Masonry,-14.045669234231331,-171.43954774062246
19779,Hotel,Timber,-14.043739002802242,-171.47606990427786
16871,Hotel,Timber,-14.043755809671449,-171.47620009815142
1019,Hotel,Timber,-14.043746223202431,-171.4763403431218
19858,Hotel,Timber,-14.043746190412486,-171.47648874207772
14583,Hotel,Timber,-14.043746507220057,-171.47698255135185
7772,,,-14.039755200001778,-171.43696480000054
8138,,,-14.039501804341826,-171.43868888027401
17919,,,-14.03821850000162,-171.43880975000027
7648,,,-14.040034600004562,-171.43779374999264
11160,,,-14.039945246737405,-171.43729166786628
19963,,,-14.040051900002792,-171.43759549999515
10975,,,-14.038559956204685,-171.4378637940139
16021,,,-14.037619875609064,-171.44020789456835
6063,,,-14.035950849998684,-171.4387928999996
16583,,,-14.039921345032576,-171.4379573765063
19113,,,-14.035936245256787,-171.43902453661332
8555,,,-14.038211929377429,-171.4408166411966
14654,Residential,Masonry,-14.041431842634648,-171.43654541127245
16217,Residential,Masonry,-14.041162851413954,-171.43637724113307
7071,Outbuilding,Timber,-14.04124901040892,-171.4364309019584
11743,Residential,Masonry,-14.041137215206655,-171.43652426438982
18844,Outbuilding,Masonry,-14.041195414174346,-171.43657279798566
16853,Residential,Masonry,-14.040954662802664,-171.4365788355245
14755,Residential,Timber,-14.040967574030345,-171.4368692697189
1477,Residential,Masonry,-14.040439008279154,-171.43632108429998
13674,Residential,Masonry,-14.040596256053638,-171.43637693226
5254,Residential,Masonry,-14.04048054388028,-171.43649824369848
2206,Residential,Masonry,-14.04059592114228,-171.43656737667186
18336,Residential,Masonry,-14.038987124047733,-171.43540297633285
7968,Residential,Masonry,-14.038956317562647,-171.43557515881338
14191,Residential,Masonry,-14.038984726587184,-171.43581786328997
1805,Residential,Masonry,-14.03860921084195,-171.43582018430263
19405,Outbuilding,Masonry,-14.038438127430988,-171.43587940221207
2599,Outbuilding,Masonry,-14.037661268624108,-171.43431197476463
4407,Residential,Masonry,-14.037764792453421,-171.4343732907248
3242,Residential,Masonry,-14.037593796830857,-171.43496332929894
501,Residential,Masonry,-14.037591660773254,-171.43517020504348
7160,Outbuilding,Timber,-14.037604457036911,-171.43532307715404
19041,Residential,Masonry,-14.037241857518495,-171.43569639232288
10044,Outbuilding,Timber,-14.037196937020726,-171.4357845744878
9349,Residential,Timber,-14.037076559061948,-171.43570357592543
17005,Outbuilding,Timber,-14.037029631746806,-171.43563767735952
5200,Outbuilding,Timber,-14.037032715167301,-171.4355473656744
365,Residential,Masonry,-14.037174007470625,-171.43493377845343
2403,Residential,Masonry,-14.037081853223222,-171.43504404057677
4310,Residential,Masonry,-14.036828982108505,-171.43482118235008
19819,Residential,Masonry,-14.036912200679676,-171.43465740373315
19350,Residential,Masonry,-14.036581686667407,-171.43491669917717
15844,Residential,Masonry,-14.036643470516523,-171.43463430776765
19195,Outbuilding,Timber,-14.036531119099907,-171.43466869424998
15158,Residential,Masonry,-14.03700019078728,-171.4348134169802
5494,Residential,Masonry,-14.03690675460323,-171.43494397993646
4778,Residential,Masonry,-14.037139635652242,-171.43549954685795
9949,Residential,Masonry,-14.037442819130549,-171.43525518507315
12999,Residential,Masonry,-14.03790775973613,-171.43508596441202
9262,Fale,Masonry,-14.037756599860382,-171.43496689029814
13691,Residential,Masonry,-14.037920021175621,-171.43444756286934
14955,Residential,Masonry,-14.039403820391778,-171.43504219638066
6042,Residential,Masonry,-14.039656321308016,-171.4358144615204
18651,Commercial,Masonry,-14.039814143378797,-171.4359297869822
15972,Residential,Masonry,-14.039487749107876,-171.4355691464821
13240,Residential,Masonry,-14.040093175966886,-171.43599485556317
9985,Fale,Timber,-14.04030037061863,-171.43624706844378
3416,Residential,Masonry,-14.037234719168941,-171.4352653471982
610,Community,Masonry,-14.038616996229285,-171.4351212169803
5352,Community,Masonry,-14.038250716626962,-171.43482526821012
10459,Residential,Masonry,-14.038744912431971,-171.43558808691316
7365,Commercial,Masonry,-14.038644525827383,-171.43495476229174
10141,Religious,Reinforced_Concrete,-14.038496508417925,-171.43537197916314
11802,Religious,Masonry,-14.038113797065671,-171.43550175550828
5205,Community,Timber,-14.036402049568643,-171.43435864654876
16439,Outbuilding,Timber,-14.036171180860547,-171.4345975490707
5525,Fale,Timber,-14.040315180262576,-171.43612906965507
2423,Residential,Masonry,-14.03733335598748,-171.43551173487958
13820,Outbuilding,Masonry,-14.04038609480982,-171.43669392366002
9195,Residential,Masonry,-14.040666279409383,-171.43686914525415
10792,Residential,Masonry,-14.04054390920804,-171.43678894399616
6702,Residential,Masonry,-14.04045248039354,-171.43675008723946
14903,Residential,Masonry,-14.040260888834945,-171.43679697236178
15878,Residential,Masonry,-14.040297190600409,-171.43654927515033
13178,Residential,Masonry,-14.039832451426998,-171.43683355489952
2557,Residential,Masonry,-14.040026765971962,-171.436819454637
13565,Residential,Masonry,-14.040105419715411,-171.43623200146413
12451,Outbuilding,Masonry,-14.0405095748165,-171.4362342350421
2895,Outbuilding,Masonry,-14.040002077271193,-171.43642919465364
18949,Outbuilding,Masonry,-14.040269000299919,-171.4359804438657
1058,Outbuilding,Masonry,-14.040187324831637,-171.43668498903466
16724,Fale,Masonry,-14.040141000973156,-171.43642492829773
10774,Fale,Masonry,-14.03999476520498,-171.43613410491392
16422,Residential,Masonry,-14.03965900956546,-171.43603013142194
2645,Fale,Masonry,-14.039478630642568,-171.4358981358677
15180,Outbuilding,Masonry,-14.039422365307088,-171.4357908959405
1739,Residential,Masonry,-14.039214243439112,-171.43570715253784
8804,Residential,Masonry,-14.039098463190019,-171.43598149729993
19895,Residential,Masonry,-14.03584632579532,-171.43626704411005
11132,Residential,Masonry,-14.031853745660825,-171.43307047545755
7361,Residential,Masonry,-14.032072199872198,-171.43316620004674
19249,Outbuilding,Timber,-14.035897431926792,-171.43463410771295
19181,Outbuilding,Timber,-14.035828163102924,-171.43462070427427
7509,Residential,Masonry,-14.035118207294042,-171.4344556620342
11760,Residential,Masonry,-14.03490123746377,-171.4345783381476
4243,Outbuilding,Masonry,-14.034855596151774,-171.4346927789133
19454,Residential,Masonry,-14.034597967322865,-171.43432215149224
907,Residential,Masonry,-14.034736716392025,-171.43423958301653
1648,Residential,Masonry,-14.034258748410556,-171.43425065984852
10305,Residential,Masonry,-14.034383117750915,-171.4343180941666
9286,Residential,Masonry,-14.034202887120347,-171.4345728741102
7414,Outbuilding,Timber,-14.034452663809573,-171.43491358807822
13534,Residential,Timber,-14.034279018431246,-171.43481306318532
9903,Outbuilding,Timber,-14.03407669051859,-171.4347381867613
15632,Residential,Masonry,-14.03387565528131,-171.4350706958666
5327,Residential,Masonry,-14.033670147681912,-171.43471213935007
18971,Residential,Masonry,-14.033490652678417,-171.43363346145412
15390,Outbuilding,Timber,-14.033384941414505,-171.43386608611604
2128,Residential,Masonry,-14.033277831258989,-171.43351805537014
12836,Residential,Masonry,-14.032704576263699,-171.4333625691699
1199,Residential,Masonry,-14.032321422242214,-171.43297053441634
1895,Residential,Masonry,-14.032417860280018,-171.43307262583278
3097,Outbuilding,Masonry,-14.032347810808037,-171.4332327376013
11178,Outbuilding,Masonry,-14.032290300869736,-171.43319040147776
4105,Outbuilding,Masonry,-14.032262733545693,-171.4332902869606
15353,Outbuilding,Masonry,-14.031917087145333,-171.43328339530046
5037,Commercial,Masonry,-14.035846010924828,-171.43439149300957
6393,Outbuilding,Timber,-14.035590052399678,-171.43465795027024
7200,Residential,Masonry,-14.034910660419515,-171.4343684039127
2579,Residential,Masonry,-14.034514059174619,-171.43402458938752
13578,Residential,Masonry,-14.032655838636606,-171.4331542113565
15234,Outbuilding,Masonry,-14.032628175573233,-171.4334592423587
4393,Outbuilding,Masonry,-14.032501964050045,-171.43342061207906
5088,Outbuilding,Timber,-14.033033733105738,-171.43401431307421
12886,Residential,Masonry,-14.033569217022531,-171.43462155171508
18578,Outbuilding,Timber,-14.03456727857159,-171.43453784570673
1227,Community,Masonry,-14.034265897510979,-171.43338671393127
13142,Fale,Masonry,-14.032045061822396,-171.43332218383205
4357,Residential,Masonry,-14.032575181339054,-171.43356373546368
10532,Fale,Timber,-14.03545383228694,-171.43516980116607
8296,Outbuilding,Timber,-14.035368405587972,-171.43462735484218
2589,Outbuilding,Timber,-14.035349000277186,-171.43471719177418
1115,Outbuilding,Timber,-14.035448562394594,-171.43466566010488
16192,Outbuilding,Timber,-14.034506226751724,-171.4357892356608
11994,Outbuilding,Timber,-14.034523545071215,-171.43573469226337
8119,Residential,Masonry,-14.03343249996854,-171.43582499995566
4331,Outbuilding,Masonry,-14.033786443793844,-171.43678199657202
18308,Outbuilding,Masonry,-14.033592307522067,-171.4366884349607
872,Outbuilding,Masonry,-14.033795282916024,-171.43660911500476
7112,Outbuilding,Masonry,-14.033711613275276,-171.43653469667808
5836,Outbuilding,Masonry,-14.033192124494846,-171.4363246717019
1099,Outbuilding,Masonry,-14.033227666388068,-171.43582816994845
14672,Residential,Masonry,-14.033740689876414,-171.43659480543792
19029,Residential,Masonry,-14.033099801372375,-171.4364314497958
5564,Residential,Masonry,-14.033746598884735,-171.4339857431646
18069,Industrial,Steel,-14.025521200015092,-171.42551959076707
7476,Industrial,Steel,-14.025892734926602,-171.42506827916415
16767,,,-14.028149730740235,-171.43950802626551
2091,,,-14.028467507110344,-171.43961396500532
19934,,,-14.029102731435632,-171.43579586061773
16449,,,-14.028073782892502,-171.43501464863422
18404,,,-14.028216468512975,-171.43936840912266
9868,,,-14.027167229345444,-171.4349258951894
18591,Residential,Masonry,-14.027186665494773,-171.4301369940447
3286,Residential,Masonry,-14.026997917937297,-171.4299340212603
477,Residential,Masonry,-14.026724746791992,-171.42999521029034
17676,Outbuilding,Timber,-14.02651751381604,-171.42973986981883
13603,Residential,Masonry,-14.026762322762394,-171.42874033399164
6751,Outbuilding,Timber,-14.02710990328575,-171.43069399293213
7200,Outbuilding,Timber,-14.027040224722969,-171.4302613346115
9446,Outbuilding,Masonry,-14.026921880843128,-171.4299980779072
8735,Outbuilding,Timber,-14.02698039123054,-171.43032171674167
11586,Residential,Masonry,-14.026045512407523,-171.4293824931676
3989,Outbuilding,Timber,-14.025801298453406,-171.4294590272783
774,Outbuilding,Timber,-14.025865893339482,-171.42963781505756
17865,Outbuilding,Timber,-14.026960098302382,-171.4288347333019
1588,Fale,Timber,-14.027991368998018,-171.43129322082905
18179,Residential,Masonry,-14.026935016401994,-171.43017586886717
2299,Residential,Masonry,-14.030312211071598,-171.4349819345452
1900,Outbuilding,Masonry,-14.030363467721976,-171.43441085660626
2791,Residential,Masonry,-14.030132078908904,-171.43507171813235
5025,Residential,Masonry,-14.025456288857086,-171.43405543376895
4568,Residential,Masonry,-14.030586188317706,-171.43213164957572
11370,Residential,Masonry,-14.030356769572101,-171.43205046063926
16478,Residential,Masonry,-14.030241739708872,-171.4322312190867
12845,Residential,Masonry,-14.03055637995689,-171.43148734630176
8103,Residential,Masonry,-14.029198027845085,-171.43122783158702
12955,Outbuilding,Masonry,-14.029150036343434,-171.43162026658143
11128,Residential,Masonry,-14.028781320614192,-171.43088626387808
17636,Residential,Masonry,-14.028792230105022,-171.43117543383747
17060,Residential,Masonry,-14.028933379434744,-171.43101526632833
12440,Commericial - not verified,Masonry,-14.028567015306658,-171.4303232033218
7400,Community - not verified,Masonry,-14.027554867323296,-171.43068882186014
14488,Outbuilding,Timber,-14.027386856847329,-171.43055624013812
15265,Religious,Reinforced_Concrete,-14.027718849046236,-171.43046977673376
11470,Residential,Masonry,-14.026397543166029,-171.42929194652461
10970,Residential,Masonry,-14.026267755138045,-171.42911280182028
10848,Industrial,Steel,-14.025624364276943,-171.4244914870634
9284,Industrial,Steel,-14.025306881444589,-171.42575559650183
10951,Residential,Masonry,-14.027165974476079,-171.43058981950801
4219,Residential,Masonry,-14.026751402970277,-171.4289531392986
4948,Residential,Masonry,-14.026246954258244,-171.42947297101313
14850,Fale,Timber,-14.030463580367039,-171.4322573352667
70,Residential,Masonry,-14.030996475427722,-171.43251817589214
19731,Outbuilding,Timber,-14.03095990180875,-171.4326296892485
11670,Residential,Masonry,-14.031326042635085,-171.43258743574634
121,Residential,Masonry,-14.030969288661716,-171.43391290991286
6625,Fale,Timber,-14.030996361350649,-171.43407939396607
6056,Outbuilding,Timber,-14.031052177324542,-171.43391648541484
17643,Outbuilding,Masonry,-14.030452718090501,-171.43391387208547
2086,Residential,Masonry,-14.030457463330544,-171.43372655922988
11751,Residential,Masonry,-14.030316823727112,-171.43366044680494
19314,Outbuilding,Timber,-14.030397746182766,-171.43360600137467
7556,Fale,Timber,-14.030191976011526,-171.4336687450967
924,Residential,Masonry,-14.030258766761104,-171.434022113958
10072,Community - not verified,Masonry,-14.027893522710563,-171.43059056077726
13048,Outbuilding,Timber,-14.027669547077368,-171.43081347373692
4475,Outbuilding,Timber,-14.0274548618896,-171.43087908753236
11154,Residential,Masonry,-14.02661509076049,-171.4294248609397
4978,Residential,Masonry,-14.030514645843109,-171.43198979364652
13042,Residential,Masonry,-14.025563929129149,-171.431361073612
8375,Outbuilding,Masonry,-14.025558419475773,-171.43161039214564
8155,Residential,Masonry,-14.025698199044262,-171.4316601021334
7903,Residential,Masonry,-14.025785931391512,-171.4314629389152
13937,Outbuilding,Timber,-14.025946701569964,-171.43170386582952
19146,Outbuilding,Timber,-14.02513786518339,-171.43136649107205
13968,Outbuilding,Timber,-14.025057890904785,-171.4313508545733
397,Outbuilding,Timber,-14.025013641666678,-171.43139184978259
28,Outbuilding,Masonry,-14.028683467376737,-171.43140246305092
12999,Residential,Masonry,-14.027742537170484,-171.43231017730437
17221,Outbuilding,Masonry,-14.02742821568674,-171.43242677915023
18242,Outbuilding,Masonry,-14.0274896819224,-171.43232366883836
13965,Fale,Timber,-14.027533531109599,-171.4325065572054
4523,Residential,Masonry,-14.027296054105129,-171.43071175599502
18635,Industrial,Masonry,-14.024183810909175,-171.42698801587025
7983,Outbuilding,Masonry,-14.031367445020386,-171.43307374216923
13947,Outbuilding,Masonry,-14.03128264878208,-171.43277196770484
10554,Outbuilding,Timber,-14.031428961262405,-171.43315191393216
15741,Outbuilding,Masonry,-14.030714300565196,-171.432252088644
7979,Outbuilding,Masonry,-14.030156258896854,-171.43173316109755
12507,Outbuilding,Masonry,-14.030116980619924,-171.43221943846717
16560,Residential,Masonry,-14.030308363935896,-171.43182410368078
8312,Residential,Masonry,-14.030245076587128,-171.43410795628168
18463,Outbuilding,Masonry,-14.029545400004173,-171.43093095000563
18157,Residential,Masonry,-14.029692518609584,-171.43485167037625
11441,Residential,Masonry,-14.030004201795045,-171.43536607674065
19419,Residential,Masonry,-14.029800116386795,-171.43467337075307
8061,Outbuilding,Masonry,-14.028369036349124,-171.6974814937112
4914,Outbuilding,Masonry,-14.028089063211246,-171.69729247975926
2424,Outbuilding,Masonry,-14.028073142998991,-171.69720074980614
1233,Outbuilding,Masonry,-14.024386059025746,-171.6978468316905
1234,Outbuilding,Masonry,-14.023947592067698,-171.69773963006978
14117,,,-14.022364000000675,-171.69189294999578
8182,,,-14.012831599997757,-171.69476684999987
18746,,,-14.024074052278335,-171.68843856720517
8192,,,-14.024746100001542,-171.68833824999993
7999,,,-14.025429320469211,-171.68884788106692
15339,,,-14.025419850005372,-171.68898955000236
17079,,,-14.023680650000557,-171.68561475000004
8804,,,-14.025456566790597,-171.68994424570775
5062,Residential,Masonry,-14.026850697778286,-171.6955756314065
11188,,,-14.025403004632784,-171.69011121736256
9725,,,-14.02520738333803,-171.6891268998923
17228,,,-14.022456849998846,-171.68453734999994
13641,,,-14.023487751979648,-171.68776733380614
13790,,,-14.022584474728951,-171.68534686542844
1988,,,-14.022605410166637,-171.6866187775669
7986,,,-14.024080400004264,-171.68744064999638
1889,,,-14.02272310544402,-171.68535567629328
9510,,,-14.024294804224455,-171.687797566092
6821,,,-14.022718475652075,-171.68502983766
630,,,-14.02271920000177,-171.68663765000034
19940,,,-14.025600151345067,-171.69000526734777
17603,,,-14.022605900012984,-171.6859017500038
5247,,,-14.023687422664247,-171.68546931567488
12677,,,-14.025218250003954,-171.68975995000417
3200,,,-14.022710256116564,-171.68573007801297
11667,,,-14.023562027094554,-171.68545424433248
1348,,,-14.022704460850333,-171.6842883345661
11268,,,-14.022862567203914,-171.68674764399182
14388,Residential,Masonry,-14.028154778116928,-171.69623230169964
18529,Outbuilding,Timber,-14.02820472421605,-171.69612689492905
1041,Outbuilding,Timber,-14.028270221740833,-171.69612664038155
16042,Residential,Masonry,-14.028250167791873,-171.69712909262964
6466,Residential,Masonry,-14.027165227486917,-171.69528219077733
6619,Residential,Masonry,-14.027185329764093,-171.69493763661893
13480,Outbuilding,Masonry,-14.026856250001886,-171.69120215000012
14945,Outbuilding,Masonry,-14.026157799999991,-171.69219319999996
8503,Residential,Masonry,-14.026472548550975,-171.6936220898538
7878,Residential,Masonry,-14.027062792602546,-171.69433202357848
9341,Residential,Masonry,-14.026887823374809,-171.69407036905946
14543,Residential,Masonry,-14.02692840002278,-171.69376180000683
12248,Outbuilding,Masonry,-14.026870500047247,-171.69052739974794
9963,Education,Masonry,-14.027594141990054,-171.69309885225488
11112,Education,Masonry,-14.027125908883768,-171.6931304210612
16935,Community,Masonry,-14.027439475541803,-171.69423337668374
8393,Religious,Reinforced_Concrete,-14.02725298691479,-171.69255603725432
8798,Residential,Masonry,-14.031259800361614,-171.68789731205928
17198,Community,Timber,-14.030865581203553,-171.6889193274337
16421,Residential,Masonry,-14.030749350332748,-171.6905274105826
8453,Residential,Masonry,-14.03061956041226,-171.69069734587055
5437,Residential,Masonry,-14.03015160293728,-171.69034288250697
13749,Religious,Masonry,-14.030170554847178,-171.69055465599672
876,Outbuilding,Masonry,-14.030121547315137,-171.6901985528626
10676,Outbuilding,Timber,-14.030024346138402,-171.69036109788436
5774,Residential,Masonry,-14.029928249487881,-171.69104642678857
6043,Outbuilding,Masonry,-14.029816845000363,-171.69099732692152
5085,Outbuilding,Masonry,-14.029782589079998,-171.69078190317973
6549,Outbuilding,Timber,-14.02899067166189,-171.69289565790783
16802,Residential,Masonry,-14.029035740049931,-171.69295901445068
4647,Residential,Masonry,-14.029061017942338,-171.69472600538847
16348,Residential,Masonry,-14.02821660363242,-171.69487493014276
18240,Residential,Masonry,-14.028009118718048,-171.69479482481657
8917,Residential,Masonry,-14.028648414727167,-171.69571803046344
10707,Outbuilding,Timber,-14.028640897556073,-171.6958528323655
16211,Residential,Masonry,-14.028450215485654,-171.69633438935455
6718,Residential,Masonry,-14.028439460921504,-171.69618750348997
10194,Residential,Masonry,-14.030779263282753,-171.68982645715278
19394,Residential,Masonry,-14.029897512193877,-171.69087460055246
16467,Religious,Masonry,-14.029710633270478,-171.69167942538365
15275,Community,Masonry,-14.02969092793016,-171.69190285497442
15632,Residential,Masonry,-14.030040785725136,-171.69211887057637
877,Outbuilding,Masonry,-14.029305284642664,-171.6920672355736
12406,Fale,Timber,-14.029482907647806,-171.69220064718832
13885,Residential,Masonry,-14.028483791327773,-171.69482188007467
11996,Education,Masonry,-14.027909480965532,-171.69317990280288
4153,Residential,Timber,-14.027549652024533,-171.69273109175128
11807,Residential,Masonry,-14.02766628682322,-171.69483158807958
6031,Outbuilding,Timber,-14.027685907724033,-171.69501557883788
17237,Residential,Masonry,-14.028120878093743,-171.6906960940882
656,Residential,Masonry,-14.028238167540053,-171.69059636007137
4234,Outbuilding,Timber,-14.028245821095709,-171.69071974230246
11579,Outbuilding,Timber,-14.028176462215843,-171.69078244553725
12347,Outbuilding,Timber,-14.028072605054954,-171.69060176496353
1736,Residential,Masonry,-14.027071931222205,-171.6905800269633
11999,Outbuilding,Timber,-14.027242143697647,-171.690501108819
6775,Residential,Masonry,-14.026863902446276,-171.6899741136435
3112,Residential,Masonry,-14.02694966033072,-171.68984342343623
6977,Education,Timber,-14.027094367142793,-171.69360076630818
11457,Residential,Masonry,-14.026916804421099,-171.69069315851195
5583,Residential,Masonry,-14.027148192487235,-171.69211687080931
9331,Residential,Masonry,-14.026640709116704,-171.69341417928584
8756,Outbuilding,Masonry,-14.026193300000152,-171.68930094999993
11323,Residential,Masonry,-14.026060520943906,-171.6892951051455
5373,Residential,Masonry,-14.027084705962919,-171.69198789187823
19956,Residential,Masonry,-14.028206925823481,-171.69651452769585
12527,Residential,Masonry,-14.028175525530063,-171.6968854660642
3312,Residential,Masonry,-14.027733122321361,-171.69683816856102
14322,Residential,Masonry,-14.027626307340878,-171.69692144389555
13945,Residential,Masonry,-14.026918202037495,-171.69491913220833
12027,Residential,Masonry,-14.027121520965357,-171.69507724730533
19618,Outbuilding,Masonry,-14.02807681751557,-171.69692597831664
7970,Outbuilding,Masonry,-14.027990743352234,-171.69698732642743
8738,Outbuilding,Masonry,-14.028068777270823,-171.6965046661661
3928,Outbuilding,Masonry,-14.027918467128774,-171.6964474499049
1645,Outbuilding,Masonry,-14.02724462352898,-171.69510820409084
7945,Outbuilding,Masonry,-14.027264826443929,-171.6950288423159
916,Outbuilding,Masonry,-14.027776367954662,-171.6949455337392
17426,Fale,Masonry,-14.028110292108579,-171.69659352715692
4853,Residential,Masonry,-14.026417007675498,-171.69277233412092
17213,Residential,Masonry,-14.026467355438962,-171.6921240666122
6896,Residential,Masonry,-14.026436634368505,-171.691650663555
10833,Residential,Masonry,-14.026394099126538,-171.69294874428542
15738,Residential,Masonry,-14.02641693401281,-171.69194836392572
3049,Outbuilding,Masonry,-14.02631339726684,-171.69169409467463
15449,Outbuilding,Masonry,-14.02610836895766,-171.69222207678513
9425,Outbuilding,Masonry,-14.026182907789863,-171.69286340366173
18665,Outbuilding,Masonry,-14.026208473076908,-171.68904734908654
11467,Outbuilding,Masonry,-14.026447509830989,-171.6890251161879
8399,Outbuilding,Masonry,-14.025695893740036,-171.69133731420555
6688,Fale,Masonry,-14.026176974437618,-171.69212572618554
2658,Residential,Masonry,-14.025923925402656,-171.6897478519803
5006,Residential,Masonry,-14.026099887642454,-171.6892038269831
461,Outbuilding,Masonry,-14.002291422849398,-171.81506839473582
17175,Residential,Masonry,-14.040587246111153,-171.60237652409316
14368,,,-13.998488573941456,-171.48087910667257
9175,,,-13.99558470000119,-171.4919379999999
5902,,,-13.998679450065543,-171.48403505004242
14443,,,-13.991154200006202,-171.50428450000726
12544,,,-13.99177904558013,-171.50447836832308
10089,,,-13.99017805000325,-171.50551715000532
12080,,,-13.998735900004982,-171.4852235000002
5213,,,-13.996290400001852,-171.4895393000021
19391,,,-13.995741932666046,-171.48866789101385
3299,,,-13.997642253232007,-171.47908972787891
3589,,,-13.995894118606657,-171.49054760713233
1148,,,-13.997812549999397,-171.48375424999983
16589,,,-13.998202658451643,-171.47765372536196
14914,,,-13.994624750003236,-171.49853790000128
13529,,,-13.997535100000157,-171.4839471999998
4426,,,-13.998493575643414,-171.48248189005784
2236,,,-13.994558350002112,-171.49439975000024
11511,,,-13.995685245139295,-171.47419387036197
17721,,,-13.99872407950914,-171.4820108924529
14903,,,-13.99524392275564,-171.4928345171964
1706,,,-13.995017426377537,-171.4970247558279
10035,,,-13.997671297276508,-171.48107261997671
7461,,,-13.994905721861175,-171.49188166079531
3529,,,-13.994160650003309,-171.49791715000134
11003,,,-13.99181173246117,-171.5030693422425
11719,,,-13.989109800003886,-171.47042520000196
12258,,,-13.991688983032219,-171.5047036873189
2548,,,-13.997666900000587,-171.48604289999415
19098,,,-13.995693950024378,-171.4891990500279
8521,,,-13.997722277956449,-171.47913083372808
15321,,,-13.995679655182165,-171.49139968115918
13274,,,-13.997704620327829,-171.48382135980322
5938,,,-13.997470648607376,-171.47734491753766
9059,,,-13.998414299998657,-171.4828923499984
12505,,,-13.994522094405422,-171.4937504733226
980,,,-13.995207000000025,-171.49567154999937
3579,,,-13.997611346019543,-171.4748799697614
15077,,,-13.998352156727831,-171.4807998269769
4099,,,-13.995284724355827,-171.49305960305497
10859,,,-13.994405980394067,-171.49632523546205
19358,,,-13.99466480000158,-171.49245265000033
9224,,,-13.988567350000569,-171.4717373500001
18040,,,-13.99675948930349,-171.48890397069022
19045,,,-13.998343881163468,-171.48206683930783
12044,Outbuilding,Masonry,-13.976347475681024,-171.4665493527631
10204,Residential,Masonry,-13.976299325889604,-171.4671606422835
3019,Outbuilding,Masonry,-13.974773700004242,-171.47029534999984
8273,Residential,Masonry,-13.976716524058375,-171.4657251008865
4576,Residential,Masonry,-13.976338817220489,-171.46672697944734
12376,Residential,Masonry,-13.977314684470622,-171.46479029780926
402,Outbuilding,Timber,-13.975630452323099,-171.4695258157343
9094,Outbuilding,Timber,-13.976983800001026,-171.46606129999924
10346,Outbuilding,Masonry,-13.975797600001055,-171.46907944999896
13412,Residential,Masonry,-13.976061850002822,-171.46912804999562
5061,Outbuilding,Masonry,-13.977414677208705,-171.46492090427216
14413,Outbuilding,Timber,-13.976810600001187,-171.46600020000022
3854,Residential,Masonry,-13.976326589162094,-171.46774728577603
5851,Outbuilding,Masonry,-13.976521561403317,-171.46635624877177
16883,Residential,Masonry,-13.9764747519988,-171.46736738108558
17644,Residential,Masonry,-13.9763590219472,-171.46747261401097
1128,,,-13.972644890864325,-171.56338828178744
6219,,,-13.975217500004325,-171.56264559999929
7126,,,-13.977605121073754,-171.55024600765347
2933,,,-13.97941483331022,-171.54663294415735
10516,,,-13.968183376549389,-171.56175412618984
18849,,,-13.980357457922475,-171.54453978295984
16774,,,-13.980674296470122,-171.5430930688622
9645,,,-13.982162550000453,-171.53968749999916
10202,,,-13.981273864217512,-171.53725697236675
594,,,-13.975488899418371,-171.554608166481
7660,,,-13.964965400004683,-171.56257339999877
2758,,,-13.9852039031608,-171.53591423198822
5252,,,-13.978179091392198,-171.55213491920668
7339,,,-13.96897533652081,-171.56167047578802
1340,,,-13.912016900001875,-171.55424990000006
5744,,,-13.912257911919696,-171.5581667754221
14060,,,-13.912160250002707,-171.5555784500002
3596,,,-13.912244223056625,-171.55575796727857
5593,,,-13.911318900000204,-171.55338485000038
13241,,,-13.912165375579486,-171.5557383919792
11710,,,-13.912480000003939,-171.55540640000092
2337,,,-13.911994150000371,-171.5541584000002
3908,,,-13.912385423727146,-171.5557801264057
17052,,,-13.91231665000419,-171.55579699999993
16083,,,-13.911746450013775,-171.55389154999702
13879,,,-13.912271578917938,-171.55805928168957
9396,,,-13.911870534944423,-171.55456849320225
10891,,,-13.91192441847041,-171.55486235081327
1474,,,-13.912227674590774,-171.55828631157192
19812,,,-13.912215650003048,-171.5579048000002
1366,,,-13.911499650004629,-171.55336789999774
6844,,,-13.912129371681514,-171.5541757531622
4026,,,-13.912328050000808,-171.55475735000002
10777,,,-13.91222281590515,-171.55485126832332
10099,,,-13.912328500002562,-171.55540045000023
19645,,,-13.912291450007064,-171.555975500002
3458,,,-13.912831249999625,-171.5554592
15388,Outbuilding,Masonry,-13.91195419412398,-171.55722397899336
13403,Residential,Masonry,-13.911986576826363,-171.5571120510159
13629,Residential,Masonry,-13.912130549998889,-171.5553050000015
6370,Residential,Masonry,-13.911983850006527,-171.55602995000103
1668,Residential,Masonry,-13.91183129999871,-171.55579564999957
17094,Residential,Masonry,-13.912035930270381,-171.5557042605489
1628,Residential,Masonry,-13.91210864276652,-171.55604732438167
17847,Residential,Masonry,-13.911896650000571,-171.55529730000072
12045,Residential,Masonry,-13.911822775364978,-171.55667995876806
10829,Residential,Masonry,-13.911861583713767,-171.55647959853698
15087,Residential,Masonry,-13.911990449999895,-171.5555733000008
10106,Residential,Masonry,-13.912022146176243,-171.55669019889757
18334,Outbuilding,Masonry,-13.91196502103512,-171.55519639481236
548,Residential,Masonry,-13.912025163635377,-171.55822963449356
10352,Residential,Masonry,-13.91203640502322,-171.5578005108307
19629,Residential,Masonry,-13.911643969240318,-171.55392400843763
14050,Outbuilding,Masonry,-13.911562796716147,-171.55406278078723
19289,Outbuilding,Masonry,-13.91165059322458,-171.55404840330874
17281,Outbuilding,Masonry,-13.91160615254642,-171.55378347114103
7532,Outbuilding,Masonry,-13.912047775735415,-171.55587209191876
17999,Outbuilding,Masonry,-13.912065346157142,-171.55596186112777
9255,Outbuilding,Masonry,-13.911919790444509,-171.556723344293
13320,Outbuilding,Masonry,-13.911857665690457,-171.55659513284849
1803,Outbuilding,Masonry,-13.911808545944483,-171.55676143995842
5293,Residential,Masonry,-13.912033083364049,-171.55874908534196
9717,Fale,Masonry,-13.911643723731109,-171.55676434847075
18621,Residential,Masonry,-13.912074448958474,-171.55656179823953
4651,,,-13.910663000005194,-171.56519674999632
9767,,,-13.911293615599188,-171.5612690578053
17764,,,-13.911939857144803,-171.56187092549715
15968,,,-13.911616700002892,-171.56583110000207
13344,,,-13.911783150002513,-171.5630276000027
15241,,,-13.911414150007081,-171.56209815000304
11832,,,-13.911179350001053,-171.56220629999973
3038,,,-13.91132018379786,-171.561382748115
8726,,,-13.910974550002992,-171.56324894999526
12145,,,-13.910884152054049,-171.56234848260314
1596,,,-13.911575922700301,-171.56231843932116
3913,,,-13.910408685521354,-171.56502652436586
12020,,,-13.911225300000186,-171.56159959999957
720,,,-13.911310000002496,-171.5614959500028
12042,,,-13.91125890000083,-171.5651645500027
1791,,,-13.911003031690592,-171.56216044416627
17605,,,-13.91094945000114,-171.56341460000183
12376,,,-13.911068396824673,-171.56343723080477
4391,,,-13.911075800001415,-171.56362320000198
5460,,,-13.911760600000736,-171.56579160000115
17093,,,-13.911695665471846,-171.56572991642813
16709,,,-13.911537150051046,-171.56530508335058
2041,Residential,Masonry,-13.91087650001113,-171.56202180000946
8408,Residential,Masonry,-13.910955850003974,-171.56179320000436
18351,Residential,Masonry,-13.911058699589578,-171.5618497668142
3268,Residential,Masonry,-13.911262411798537,-171.5618278019202
5805,Residential,Masonry,-13.910307016600278,-171.56205160543985
1311,Residential,Masonry,-13.91056654867963,-171.56179723372375
12040,Residential,Masonry,-13.911159450002629,-171.5614959000021
14385,Residential,Masonry,-13.909970750000289,-171.56269704999596
9461,Religious,Masonry,-13.91038225001101,-171.5629579999731
16159,Residential,Masonry,-13.910689781433263,-171.56230241074257
7794,Residential,Masonry,-13.910080950003366,-171.56338795000192
18218,Residential,Masonry,-13.91006200000199,-171.56297399999508
3994,Residential,Masonry,-13.91029615000442,-171.5627121000011
13442,Residential,Masonry,-13.910007579827806,-171.5625420212134
12323,Outbuilding,Masonry,-13.90991065377098,-171.5629467807011
9568,Residential,Masonry,-13.91024732578037,-171.56311333328827
6892,Residential,Masonry,-13.910073159783813,-171.56309508322985
12566,Outbuilding,Masonry,-13.910478131480613,-171.56273797403054
12556,Residential,Masonry,-13.910509775785304,-171.562889646306
10167,Residential,Masonry,-13.910468581359613,-171.56186002967135
11495,Outbuilding,Masonry,-13.911063002081306,-171.56161703282496
10089,Residential,Masonry,-13.910424509160368,-171.56239858190727
18318,Residential,Masonry,-13.910189616891392,-171.56342285825633
9826,Outbuilding,Masonry,-13.911128895152967,-171.56189707089973
592,Outbuilding,Masonry,-13.910580453033326,-171.5627730742835
10359,Outbuilding,Masonry,-13.91023214743961,-171.56301199173407
11147,Outbuilding,Masonry,-13.910052528394324,-171.56350401927938
5136,Residential,Masonry,-13.910060068017636,-171.56315196342055
8363,Outbuilding,Masonry,-13.909969808301183,-171.56306940464273
8803,Outbuilding,Masonry,-13.910532459876773,-171.56299403739231
18467,Outbuilding,Masonry,-13.910500296508626,-171.5624981418893
13406,,,-13.941103650001763,-171.5945945500073
5240,,,-13.946621095521186,-171.58816863930576
19366,,,-13.932820471715235,-171.58209480943654
5694,,,-13.935855789023343,-171.58673641556084
6098,,,-13.935939450001175,-171.58556895000123
1357,,,-13.932720499999768,-171.5821009999997
4526,,,-13.933715150000094,-171.58203329999995
12732,,,-13.932867999996617,-171.582374799998
18203,,,-13.932939900005353,-171.58217615000038
16028,,,-13.932469381699402,-171.5822720073545
8769,,,-13.936026665709019,-171.58562764750863
15891,,,-13.935809307331128,-171.5867754367719
7862,,,-13.93319394604401,-171.58220917427792
3028,,,-13.932166499999502,-171.58275479999858
14642,,,-13.936184200000808,-171.58569320000097
11434,,,-13.93235145000219,-171.58225209999918
3982,,,-13.934384649999894,-171.5830998
14446,,,-13.93291675000218,-171.58199190000076
14181,,,-13.936145750001813,-171.58639939999804
12744,,,-13.932225600000907,-171.58231714999937
8668,,,-13.920824400003927,-171.58663920000205
9525,,,-13.922100349998008,-171.58485565000024
17959,,,-13.919984950004254,-171.58684875000617
9550,,,-13.923124522297975,-171.58495870847523
16032,,,-13.920065800000831,-171.58676674999847
9070,,,-13.920255400003946,-171.58693160000303
9017,,,-13.922585841856325,-171.58456867389384
14689,,,-13.921569864564018,-171.58565104241902
9216,,,-13.919746000003803,-171.58734380000303
960,,,-13.920493800001795,-171.5861394000023
9556,,,-13.922669599998907,-171.58561384999942
1550,,,-13.92095055000473,-171.58604060000397
3490,,,-13.931444332801055,-171.58201185205323
17698,,,-13.929590100003482,-171.58366925000314
4574,,,-13.919980350002197,-171.58735635000002
13668,,,-13.928924950001491,-171.58429925000036
14814,,,-13.918346395936346,-171.5864696192736
13135,,,-13.921521082468777,-171.58578274773794
18482,,,-13.920123650001598,-171.58664234999776
6846,,,-13.92471047509965,-171.58541204388757
10494,,,-13.921533803763351,-171.58626517984595
2146,,,-13.922952400000588,-171.58485739999844
8317,,,-13.920372850002835,-171.58629284999603
3728,,,-13.921063928779684,-171.5869309362266
1362,,,-13.92240057591232,-171.58528609478117
14494,,,-13.9203137521145,-171.5864403826053
232,,,-13.921510534168604,-171.58603298321407
946,,,-13.91987715000211,-171.58699520000079
3412,,,-13.920271400004063,-171.5861566500027
12040,,,-13.929304650001246,-171.58320015000191
14792,,,-13.919767451725958,-171.58712991585898
9735,,,-13.930298800000624,-171.58279170000574
10858,,,-13.92023508424053,-171.58712132839946
7094,,,-13.920225411776839,-171.58654425820478
957,,,-13.914616850009974,-171.58747755000064
12366,,,-13.915311649999692,-171.5877983999996
2319,,,-13.91553664999991,-171.58718764999932
18941,,,-13.914616305368757,-171.58995182726997
8631,,,-13.915041794479086,-171.5910747217008
18769,,,-13.914650191115577,-171.5886766236844
7154,,,-13.914512749999812,-171.59007509999833
15446,,,-13.91421495439128,-171.5906957794868
15381,,,-13.914171256825789,-171.59090862862973
10409,,,-13.914672649999686,-171.5868847999996
9938,,,-13.922243676505946,-171.59506965667816
7104,,,-13.913214429393511,-171.59658835504723
4101,,,-13.940846913119373,-171.58406418216452
1791,,,-13.917027399972392,-171.58773900002097
7636,,,-13.917323550000585,-171.58755890000327
12047,,,-13.922187274186422,-171.59515959314388
5356,,,-13.917152150001153,-171.58684295000984
13857,,,-13.921913999996566,-171.59518525000175
16251,,,-13.91336230000475,-171.58686065000032
12235,,,-13.91311301872569,-171.59562015729315
10655,,,-13.914045050002452,-171.58635134999992
18144,,,-13.91485864999912,-171.58640324999942
11558,,,-13.916049649999579,-171.5879059499991
13429,,,-13.916576838422838,-171.5879654278096
6834,,,-14.0391673999991,-171.54888470000284
15581,,,-14.039245300000916,-171.55432235
8530,,,-14.038973075718134,-171.5489459418191
4870,,,-14.040287878529986,-171.55218459244608
7832,,,-14.039968900004705,-171.55400940000263
10525,,,-14.037052816261214,-171.5529123169648
16160,,,-14.040582178153118,-171.55340293981854
11263,,,-14.041206500003314,-171.5516774500003
9105,,,-14.041178800003172,-171.5504970500003
11757,,,-14.03993055431269,-171.55331003189545
11530,,,-14.039572105367101,-171.55092152309226
291,,,-14.040581600001483,-171.55324110000026
14670,,,-14.034901149999365,-171.554044399999
5855,,,-14.039367521533318,-171.54880618588234
3434,,,-14.040952595405912,-171.55215637098743
11521,,,-14.041617550000405,-171.55431824999997
3466,,,-14.039066168691898,-171.54898184454538
1880,,,-14.04044220000568,-171.55216595000226
13446,,,-14.035133900003261,-171.5530415000022
12127,,,-14.04117597660337,-171.55388979188047
2325,,,-14.039849228918287,-171.55293499687838
17378,,,-14.039651250001457,-171.5509324000001
15658,,,-14.040082350005934,-171.5527626500033
15333,,,-14.041772499999906,-171.55129670000125
4324,,,-14.039354372694898,-171.5493829946874
11495,,,-14.040881323290527,-171.5524026405986
5057,,,-14.040548179397174,-171.5508430940774
11796,,,-14.040344373831166,-171.5513504960301
727,,,-14.039345152013503,-171.55439408174914
6213,,,-14.03462077654847,-171.55343389057805
1847,,,-14.041040287754786,-171.54867612167178
2524,,,-14.038344883876237,-171.54947868182927
15567,,,-14.041741900001835,-171.5534323000001
10841,,,-14.041071850007832,-171.5510843000003
7647,,,-14.040533794283276,-171.5509946736957
16360,,,-14.03967747096894,-171.55333211102047
13329,,,-14.039866822683962,-171.55046301464287
4572,,,-14.040335796781536,-171.55237806977786
8707,,,-14.041848600000097,-171.55116140000226
5063,,,-14.04080020000185,-171.55264854999618
12220,,,-14.033923400000623,-171.55322895000006
17251,,,-14.042120188394195,-171.54868237259493
11163,,,-14.039652527858873,-171.55348194378033
14650,,,-14.039016483309258,-171.54885495024584
18256,,,-14.040312456166125,-171.5517984238503
19486,,,-14.04020350278612,-171.5537496321799
13856,,,-14.038082854971389,-171.5529423259203
12965,,,-14.040694900004263,-171.55030685000074
18604,,,-14.040610245055477,-171.55287272245909
9756,,,-14.041899011573319,-171.55328987969483
15311,Residential,Masonry,-14.042841504814843,-171.55015582363464
10299,Fale,Timber,-14.043413853366115,-171.55180236489073
16632,Fale,Timber,-14.043340300505758,-171.55182518413375
8455,Hotel,Timber,-14.043558260451618,-171.5518275073702
13261,Hotel,Timber,-14.04356760664968,-171.55190676932546
2434,Hotel,Timber,-14.043580980907324,-171.5520044369185
15602,Hotel,Masonry,-14.043279012852878,-171.55203222086357
16569,Outbuilding,Masonry,-14.042528077930523,-171.5479031348018
7422,Outbuilding,Masonry,-14.042580973573777,-171.5482595170581
13613,Outbuilding,Masonry,-14.042565599999836,-171.54817375
8267,Residential,Masonry,-14.04152875297639,-171.48037499580334
13967,Residential,Timber,-14.041925442178462,-171.48031182383394
12638,Outbuilding,Masonry,-14.04793310908076,-171.43608972473928
16127,Outbuilding,Masonry,-14.048378101352563,-171.43576176361194
4476,Fale,Timber,-14.048468372196162,-171.4359208161466
1817,Outbuilding,Timber,-14.046568451761818,-171.43970333898326
14148,Outbuilding,Timber,-14.045551157949683,-171.4471570542133
10086,Outbuilding,Masonry,-14.045575602260294,-171.4470575609478
8538,Outbuilding,Masonry,-14.044832440126564,-171.44994420609277
2988,Hotel,Timber,-14.045604739162389,-171.45167448771625
6484,Outbuilding,Masonry,-14.045146650571123,-171.45190553888523
2800,Tourist Fale,Timber,-14.045618854494522,-171.45238239984735
14742,Tourist Fale,Timber,-14.045617872949128,-171.45230875695034
3223,Tourist Fale,Timber,-14.045625687520998,-171.45223161361625
14889,Tourist Fale,Timber,-14.045626083524063,-171.452163311504
7774,Tourist Fale,Timber,-14.045631143063323,-171.45207548656535
3715,Tourist Fale,Timber,-14.045630319651979,-171.45200365017112
969,Tourist Fale,Timber,-14.045629925313301,-171.45192631493327
8727,Tourist Fale,Timber,-14.045702342475273,-171.44997617703524
17543,Tourist Fale,Timber,-14.0457107158213,-171.4499158240788
9705,Outbuilding,Masonry,-14.04505155494968,-171.45522856595738
18497,Community,Masonry,-14.045307447191062,-171.4553363697079
7898,Residential,Masonry,-14.047899659715144,-171.43725677750464
7094,Residential,Masonry,-14.04530495000038,-171.43788480000435
444,Residential,Masonry,-14.046567200003848,-171.44011980000013
5239,Residential,Masonry,-14.048218350002735,-171.43629164999982
558,Outbuilding,Masonry,-14.045172924544755,-171.45356408613017
13520,Residential,Masonry,-14.046232754332118,-171.440333267335
18567,Residential,Masonry,-14.04309315000567,-171.4373466500004
4338,Residential,Masonry,-14.045692992736175,-171.4378659179699
17412,Residential,Masonry,-14.047898752507633,-171.43622210577334
15202,Residential,Masonry,-14.046444856478141,-171.43984451453946
3785,Fale,Masonry,-14.045882394016301,-171.4454068228722
11909,Outbuilding,Masonry,-14.047963162411557,-171.4376256732957
15806,Residential,Masonry,-14.047516956252249,-171.4383016951759
2561,Outbuilding,Masonry,-14.047174635910118,-171.43875476335387
5760,Outbuilding,Masonry,-14.044902825318841,-171.44680704156409
2540,Outbuilding,Masonry,-14.04461173768594,-171.44983332936692
5478,Residential,Masonry,-14.044677881501626,-171.4497701647908
16837,Outbuilding,Masonry,-14.044833350001015,-171.4495722
9095,Outbuilding,Masonry,-14.046477374906631,-171.43884051976994
4282,Residential,Masonry,-14.045441067111003,-171.44019543876988
17067,Outbuilding,Masonry,-14.045355181450427,-171.44008618891252
13374,Outbuilding,Masonry,-14.045663228457272,-171.43962405657524
3876,,,-13.906271150003285,-171.61270169999747
1746,,,-13.898991000003624,-171.59078275000041
14346,,,-13.893194368140557,-171.58998226564225
1503,,,-13.91290475000251,-171.58685965000018
7898,,,-13.897194163774394,-171.59064903070308
6834,,,-13.89689498675383,-171.59067421906397
1592,,,-13.894859776314334,-171.59007605323262
4433,,,-13.89740359998892,-171.59068674999938
19991,,,-13.911925100000472,-171.5869707000002
3232,,,-13.906140971916523,-171.58988664332335
18698,,,-13.89482051178635,-171.59032037574275
9413,,,-13.900917374587756,-171.5900929582299
17807,,,-13.913060030042857,-171.5869304906281
3007,,,-13.904999350000514,-171.59076230000008
8289,,,-13.901531260704086,-171.59020177622827
971,,,-13.89771971306309,-171.5906410302287
7954,,,-13.90078117599564,-171.59014054300982
11478,,,-13.893418738868919,-171.588997721751
1512,,,-13.893238950004871,-171.58962170000015
8164,,,-13.896194975450461,-171.5905895744456
11573,,,-13.905822000000422,-171.59067805000075
19974,,,-13.913034149999591,-171.58677224999946
2161,,,-13.906929250005843,-171.59003499999542
10565,,,-13.896414649999304,-171.59060129999952
4217,,,-13.894615777812968,-171.5907865913048
15203,,,-13.893481900003556,-171.59116855000013
12387,,,-13.898584399999839,-171.59164944999932
17082,,,-13.897846976058636,-171.59076063995587
5349,,,-13.894310050001515,-171.5942414499987
8621,,,-13.912391796021243,-171.58690992890374
17494,,,-13.898325136975862,-171.5906762311215
16741,,,-13.895662952687427,-171.59453353258615
9801,,,-13.912208100001177,-171.58694095000212
9574,,,-13.897975466611653,-171.59063128608196
12193,,,-13.893575790810912,-171.58919023709922
1204,,,-13.905105232229957,-171.5896790519638
11241,,,-13.90599733677855,-171.58982257119476
11903,,,-13.898260095266343,-171.5911338943876
6151,,,-13.900522438345984,-171.589950124224
15060,,,-13.893825630967514,-171.58911868196793
5956,,,-13.893951539823622,-171.58919712005002
15285,,,-13.894158850002382,-171.5894674500014
12824,,,-13.913021950004191,-171.62468720000226
1834,,,-13.929980734538251,-171.63058350220436
4228,,,-13.926320320847932,-171.62827321370648
19830,,,-13.950782250001335,-171.5186259000048
2259,,,-13.950632200008654,-171.51879854999373
1146,,,-13.950919934160863,-171.51863253208992
16100,,,-13.95184791493173,-171.51665928605033
15226,Residential,Masonry,-13.95204928019479,-171.51159949474393
5926,Residential,Masonry,-13.952042184113644,-171.51151340118116
15647,Outbuilding,Masonry,-13.951154859255588,-171.5181745454965
18518,Residential,Masonry,-13.950073252421504,-171.51817727863025
14243,Outbuilding,Masonry,-13.950111622439797,-171.51792931407144
19666,Outbuilding,Masonry,-13.950011084845075,-171.5177581027735
5090,Residential,Masonry,-13.952685931170919,-171.51510030492085
11627,Residential,Masonry,-13.95260770000219,-171.51548555000022
14429,Residential,Masonry,-13.952626550000984,-171.51529834999667
19391,Residential,Masonry,-13.952277083615531,-171.516122329678
19275,Residential,Masonry,-13.951570649503056,-171.51590509081615
13440,Residential,Masonry,-13.952190441086877,-171.51598613240145
11600,Residential,Masonry,-13.9518822501682,-171.51595029485017
3459,Residential,Masonry,-13.951714473148819,-171.5159772650428
11709,Outbuilding,Masonry,-13.949887064700151,-171.5176085922554
4137,Residential,Masonry,-13.949914829824476,-171.51750753624265
13995,Residential,Masonry,-13.950205675343648,-171.5176723269468
5488,Outbuilding,Masonry,-13.9514698836843,-171.5163786656356
1336,Religious,Masonry,-13.951399105632449,-171.51677145481472
13922,Religious,Masonry,-13.951226293542296,-171.51668554257
16979,Religious,Masonry,-13.951971334955749,-171.51431714399857
1881,Residential,Masonry,-13.952040899242824,-171.51174254304573
11092,Residential,Masonry,-13.9520890518829,-171.5120388876607
11694,Residential,Masonry,-13.952262316487216,-171.51232983309743
14721,Residential,Masonry,-13.951898502022472,-171.51106514628316
9409,Residential,Masonry,-13.952182635038449,-171.5117057444032
8856,Residential,Masonry,-13.951560800002497,-171.51626190000135
15664,Outbuilding,Masonry,-13.952116301559268,-171.51516736163012
7496,Residential,Masonry,-13.951394864762385,-171.5161556361197
9987,Outbuilding,Masonry,-13.952747608840141,-171.51490468054743
8889,Residential,Masonry,-13.951845029336182,-171.51518384739128
11672,Residential,Masonry,-13.951897112837699,-171.51507242306315
11106,Outbuilding,Masonry,-13.951993224703774,-171.51525809878993
12100,Outbuilding,Masonry,-13.95190702991319,-171.51494030982767
55,Residential,Masonry,-13.952305658516128,-171.51567408706708
10051,Residential,Masonry,-13.952201275196373,-171.51388931446755
8333,Residential,Masonry,-13.951981293332304,-171.5154591924265
1350,Residential,Masonry,-13.95176153482874,-171.51568776468287
10809,Residential,Masonry,-13.952216265377091,-171.51584513119334
17767,Residential,Masonry,-13.95216286496407,-171.5147804312672
1464,Outbuilding,Masonry,-13.952153288274733,-171.51548309979344
6186,Residential,Masonry,-13.95173965908754,-171.5147539027925
411,Residential,Masonry,-13.952015031628179,-171.51400876527995
8916,Residential,Masonry,-13.95211998270551,-171.51315503981277
9601,Residential,Masonry,-13.951908676596426,-171.51557879501203
9156,Residential,Masonry,-13.952014608517402,-171.5146643907004
766,Outbuilding,Masonry,-13.952079709078086,-171.51328161445375
3771,Residential,Masonry,-13.951902478468606,-171.51578105225354
4825,Residential,Masonry,-13.952074171635262,-171.51454378106283
8818,Residential,Masonry,-13.952591529297191,-171.51261490485058
4003,Outbuilding,Masonry,-13.95257993026397,-171.51288070822693
14207,Residential,Masonry,-13.951875144772913,-171.51445344849637
17216,Outbuilding,Masonry,-13.952219958094636,-171.51255552880005
3017,Residential,Masonry,-13.951572215271383,-171.51566264384135
17134,Residential,Masonry,-13.951789953690218,-171.51586131000875
1656,Residential,Masonry,-13.952083606375627,-171.51499416201034
344,Residential,Masonry,-13.952226963809792,-171.5129071255653
274,Residential,Masonry,-13.951948684699785,-171.5113358720336
7043,Residential,Masonry,-13.952271142013625,-171.5119396343948
2650,Residential,Masonry,-13.95200228023901,-171.51415230371256
16010,Residential,Masonry,-13.951783027575468,-171.51457952083155
12817,Residential,Masonry,-13.951675048352367,-171.51495549581907
16564,Residential,Masonry,-13.951576503292026,-171.51532138432032
6582,Residential,Masonry,-13.952688869499214,-171.5148084074024
9910,Residential,Masonry,-13.952647484194,-171.5150242511681
2141,Residential,Masonry,-13.952783609352993,-171.5150686273
5582,Residential,Masonry,-13.952913902483626,-171.51497408412067
478,Residential,Masonry,-13.950940909407194,-171.51648627604513
8269,Residential,Masonry,-13.950031087752636,-171.51741404765806
15938,Residential,Masonry,-13.950036254782272,-171.5177977543998
19805,Outbuilding,Masonry,-13.952670042569101,-171.5128028103496
6373,Outbuilding,Masonry,-13.95232065845116,-171.51300513144858
9668,Outbuilding,Masonry,-13.952343650706226,-171.51475543784997
13913,Outbuilding,Masonry,-13.952332142436017,-171.51456574630245
14323,Outbuilding,Masonry,-13.952275113014734,-171.51450450472586
8315,Outbuilding,Masonry,-13.95237381095966,-171.51517437019697
15906,Outbuilding,Masonry,-13.952378215025377,-171.51603659712654
9176,Outbuilding,Masonry,-13.952308101681911,-171.51598014749774
19003,Outbuilding,Masonry,-13.952024909431595,-171.51569116077243
18068,Outbuilding,Masonry,-13.95208374317542,-171.51545197693693
1144,Outbuilding,Masonry,-13.952055751011883,-171.51515961925244
11813,Outbuilding,Masonry,-13.952073708335773,-171.51510307482738
8510,Outbuilding,Masonry,-13.95202183720557,-171.51513922627356
1274,Outbuilding,Masonry,-13.951631366608614,-171.51557969166578
19472,Outbuilding,Masonry,-13.951868151227519,-171.5160347252373
11692,Outbuilding,Masonry,-13.952098581928972,-171.5159215414917
10912,Outbuilding,Masonry,-13.95092231127246,-171.51660480665373
19099,Outbuilding,Masonry,-13.951353407815304,-171.5168627299649
17689,Outbuilding,Masonry,-13.951412294766996,-171.51685752421795
18697,Outbuilding,Masonry,-13.95119040507661,-171.51678431736414
15825,Outbuilding,Masonry,-13.950035258142275,-171.517558279416
14370,Outbuilding,Masonry,-13.951278478467273,-171.51815444184984
12210,Outbuilding,Masonry,-13.951179051238743,-171.51798904146818
10311,,,-13.933312634099332,-171.5304392542065
5476,,,-13.933381400001844,-171.5305769500006
5698,,,-13.933258888391324,-171.53020553344263
6941,,,-13.93445540553023,-171.53186672452563
18835,,,-13.933090164506641,-171.53036058066533
10275,,,-13.934572332615819,-171.53205699034905
8311,,,-13.933934301067318,-171.5310292336996
12340,,,-13.934197747102267,-171.53187966717246
3508,,,-13.934168550001248,-171.53129575000003
4241,,,-13.93438133793712,-171.53263575954932
507,Tourist Fale,Timber,-14.039978949315552,-171.49486886777072
7187,,,-14.039853083035089,-171.51820584674832
7854,,,-14.039928014968325,-171.51864441804847
3264,,,-14.039223750005943,-171.5191165999984
14682,,,-14.03925665259047,-171.51894131609941
14831,,,-14.039836700002816,-171.51971609999651
19578,,,-14.03937433109998,-171.5201941152595
10914,,,-14.03997920000169,-171.5202777000004
18136,Outbuilding,Timber,-14.04092603361598,-171.52050443161434
12751,Outbuilding,Masonry,-14.041172723666,-171.51814659103712
19402,Residential,Masonry,-14.041182507987594,-171.51851793292894
2769,Outbuilding,Masonry,-14.041048914333045,-171.51849211702097
14168,Residential,Masonry,-14.04117926877039,-171.51870466316674
1812,Hotel,Masonry,-14.041601170825212,-171.5203053593044
11625,Hotel,Masonry,-14.041700267264163,-171.52022116004562
15022,Hotel,Masonry,-14.041693437947226,-171.52016572323632
11471,Hotel,Masonry,-14.041679400582519,-171.52004583503006
12895,Outbuilding,Timber,-14.041303411087354,-171.52027454250998
7466,Residential,Masonry,-14.041194914859052,-171.52022135242765
12213,Residential,Masonry,-14.041054844024538,-171.52056797264942
19647,Residential,Masonry,-14.041220968533993,-171.51938351079988
14910,Residential,Masonry,-14.041211377530917,-171.51965421034453
2547,Residential,Masonry,-14.041091146298154,-171.51970871222915
2679,Residential,Masonry,-14.041101562802197,-171.51981413738918
12617,Residential,Masonry,-14.041029427238136,-171.51995215321693
15121,Residential,Masonry,-14.041079819298629,-171.5200919542844
1970,Residential,Masonry,-14.04105987747006,-171.5202240506317
1325,Residential,Masonry,-14.041271730188896,-171.51808344221791
9914,Outbuilding,Masonry,-14.041151162346965,-171.5191222213745
13323,Outbuilding,Masonry,-14.041135290422154,-171.5194553771241
16521,Residential,Masonry,-14.04117042197148,-171.520577903018
17485,Residential,Masonry,-14.047038445351514,-171.43748665710729
11637,Tourist Fale,Timber,-14.04617371589978,-171.4458374007695
1526,Tourist Fale,Timber,-14.046164115624173,-171.44590100047668
11958,,,-14.04594967894607,-171.4380442860847
13596,,,-14.047314072521182,-171.43822326113545
11616,,,-14.043795400003223,-171.44249589999643
11604,,,-14.046305700001367,-171.43871250000086
17425,,,-14.043862149998485,-171.43756319999704
19047,,,-14.046410594671578,-171.43821182149168
17751,,,-14.04513708376016,-171.43884621120273
4836,,,-14.04387812565734,-171.44132653609756
8770,,,-14.042221668272663,-171.44399372000157
12807,,,-14.046994800003583,-171.43825540000563
8484,,,-14.043690735307884,-171.4402970352463
9246,,,-14.044258310554294,-171.43938723520017
17837,,,-14.041967175712369,-171.4437648364603
8272,,,-14.044090400016305,-171.43836320001347
10026,,,-14.045900644243892,-171.43779111880465
3414,,,-14.043509350005314,-171.44215749999793
19792,,,-14.043604404291635,-171.4415691259291
4302,,,-14.041221869807895,-171.4440717840739
10225,,,-14.042148480563313,-171.44365754436154
18636,,,-14.045009648936677,-171.4415433331479
17101,,,-14.045802783289066,-171.438226866609
7474,,,-14.043531444402971,-171.43754751979964
11840,,,-14.044957757728188,-171.43871936877613
5320,,,-14.043239784430954,-171.44084713091513
11007,,,-14.044704050051102,-171.43977108333783
2385,,,-14.047023536069224,-171.43793132278918
10542,,,-14.045267577877146,-171.4428875091164
3991,,,-14.047292844871874,-171.43749977098636
9159,,,-14.044954212016483,-171.4404984694975
9132,,,-14.043006300004087,-171.44246390000265
1067,,,-14.044693934229256,-171.43918039574183
16503,,,-14.041069125993008,-171.44080630973724
1534,,,-14.041952733287353,-171.44362251656946
146,,,-14.044451616529335,-171.44127374925813
8731,,,-14.045704194564607,-171.43820067373085
8826,,,-14.041679733957354,-171.44506609407537
5845,,,-14.040982319480232,-171.4409084817153
12117,,,-14.043985582494646,-171.4423689971757
12943,,,-14.046551599997274,-171.43868924999845
13205,,,-14.043717265636522,-171.43750291719064
18361,,,-14.045230482956455,-171.43861570376876
3041,,,-14.043793450004321,-171.44162364999585
14298,,,-14.042496050000414,-171.4440661999997
14561,,,-14.043964849999972,-171.43877339999767
6368,,,-14.046922850000657,-171.4381321000005
9216,,,-14.04482664885357,-171.4389838830378
17562,,,-14.043141167457495,-171.44385695077384
3652,,,-14.044675450006515,-171.44276975000096
4491,,,-14.043181050001307,-171.44168340000024
12572,,,-14.044993811581117,-171.43821320979507
19065,,,-14.041359413551044,-171.44378736694094
17822,,,-14.042267550005768,-171.4432320999991
8654,,,-14.046155005511993,-171.4377676271252
14786,,,-14.043610507281272,-171.4418756318189
18948,,,-14.044529966782097,-171.4411252507131
9114,,,-14.044056600002904,-171.44108684999713
18670,,,-14.046730888874066,-171.43827337659118
11376,,,-14.045123200002179,-171.4397943500001
6212,,,-14.043400793546077,-171.44337641741012
19022,,,-14.044955900001426,-171.4384846000001
3282,,,-14.043034489027518,-171.44111501170036
6367,,,-14.044255333205522,-171.43957949904726
7674,,,-14.044535600000367,-171.44280289999938
19405,,,-14.04713305000282,-171.43774214998447
9941,,,-14.042940867787708,-171.4421299515409
6059,,,-14.045631284562534,-171.43847617653756
10698,,,-14.041698050004323,-171.44465285000294
19804,,,-14.04145864292781,-171.4411950022157
15688,,,-14.045300254293677,-171.4387663625493
19076,,,-14.04208242913729,-171.44443623522088
3960,,,-14.044992202848936,-171.4388816450567
2912,,,-14.04270195274373,-171.4446828260061
15193,,,-14.044398317893469,-171.43939224033576
9112,,,-14.04512872632094,-171.43850001998499
10533,,,-14.044098055103472,-171.43794447196538
11921,,,-14.043446182532346,-171.43983735937843
7372,,,-14.039170040879984,-171.45669692561313
16616,,,-14.03906197751974,-171.45666611401407
13222,,,-14.039033712046725,-171.45783668280362
16216,,,-14.03895010000107,-171.45777449999653
12929,,,-14.03876125000058,-171.45807825000003
6218,,,-14.03871430000198,-171.45784519999978
13340,,,-14.038090084763596,-171.45657776802693
5126,,,-14.047066954909395,-171.43813202227457
11773,,,-14.046684250004407,-171.43811079999978
7720,,,-14.040114356958105,-171.44668226846204
1017,,,-14.040110873952251,-171.44788939144456
3403,,,-14.04019575000279,-171.44796134999999
11448,,,-14.041026131584967,-171.4468093973438
299,,,-14.041129650000368,-171.4468259999992
7663,,,-14.041028641749733,-171.44668522372905
6660,,,-14.040872150000858,-171.44630545000058
5560,,,-14.040920282848747,-171.44619688334788
1873,,,-14.040869656784535,-171.44617878011195
19325,,,-14.041847767396598,-171.44651215550698
121,,,-14.042095408100156,-171.44652101710324
14645,,,-14.041934383227344,-171.44604609001811
8608,Residential,Masonry,-14.039761286314478,-171.66309245668882
13477,Hotel,Masonry,-14.039857607334367,-171.6609479094487
9911,,,-14.032866900003041,-171.6504803000005
991,,,-14.032759550001387,-171.65057500000023
3125,,,-14.032295190734104,-171.65040722338247
1149,,,-14.03279884999943,-171.64986510000048
2480,,,-14.03314995000344,-171.64990535000018
13631,,,-14.032955204933884,-171.6498819738926
14225,,,-14.032881719614894,-171.64969264289772
11351,,,-14.032727628506006,-171.64969022474665
14822,,,-14.032755060608718,-171.64695077780186
10093,,,-14.03132215000033,-171.64406935000005
5828,,,-14.032785963176163,-171.64876307087133
5358,,,-14.031707694457214,-171.64333367701258
5863,,,-14.03222650000675,-171.64607925000055
17382,,,-14.03208052059151,-171.64282199705215
18247,,,-14.032898149999802,-171.64589849999948
14720,,,-14.03211952527342,-171.64883216241014
7618,,,-14.032741955985074,-171.64913317577722
16335,,,-14.03230342532915,-171.64583118394046
1131,,,-14.032911910140054,-171.64517712562545
18745,,,-14.032807050002194,-171.6451842000003
3727,,,-14.032790650002108,-171.64685345000038
613,,,-14.03001050565179,-171.64380222341387
4036,,,-14.032024000003105,-171.64756435000027
14714,,,-14.03272900000194,-171.64811440000017
12454,,,-14.031556249999685,-171.6440236
14497,,,-14.032804900002697,-171.6459780500003
8053,,,-14.03207280000614,-171.6490212499993
7246,,,-14.03205500000275,-171.64820640000022
1477,,,-14.032768900001185,-171.64675085000022
12074,,,-14.029998850000494,-171.64367355000002
9828,,,-14.031870000006784,-171.6428980999991
11998,,,-14.032862875358534,-171.64217860795023
12535,,,-14.031083249999789,-171.64339409999963
4463,,,-14.03253655000492,-171.64370095000035
7965,,,-14.032150369005608,-171.64748241380002
13265,,,-14.03210159999894,-171.64322925001017
5482,,,-14.03275690473043,-171.64889867206273
11506,,,-14.032871573839534,-171.64486891246685
11044,,,-14.032167324579023,-171.64578250646525
15085,,,-14.032886500000531,-171.6487633500001
3299,,,-14.032208674575863,-171.64588546174232
9607,,,-14.028416799999668,-171.64475145
6311,,,-14.032441999999994,-171.64366285000008
1082,,,-14.032995646127922,-171.64517502234705
12323,,,-14.032167474597196,-171.6481946885724
8402,,,-14.033006850007416,-171.64484850000306
18632,,,-14.032604100000148,-171.64695955
9562,,,-14.030124899998343,-171.64370100000167
5245,,,-14.032804549999238,-171.64822985000018
15508,,,-14.032687650003798,-171.64828115000032
10394,,,-14.029885710538947,-171.64380729825314
17265,,,-14.031906106758147,-171.6427358967865
8342,,,-14.032862351874085,-171.64503304279393
829,,,-14.032965898493204,-171.6459810719008
4754,,,-14.032013147721765,-171.64305945232127
7691,,,-14.032443812795732,-171.64382744463273
8977,,,-14.031438655450746,-171.64391789419798
9674,,,-14.032526165662247,-171.6435243024925
17057,,,-14.032876241500315,-171.64245674957897
18072,,,-14.032231186493688,-171.64359790002422
14571,,,-14.032174336825742,-171.64686032477513
17488,,,-14.032879061289096,-171.63961672638837
12161,,,-14.032821510867418,-171.6418571737309
12834,,,-14.032967050002613,-171.6400512500008
10039,,,-14.033019049999846,-171.64050924999992
7982,,,-14.032938005373767,-171.63978432471146
9085,,,-14.03281362947972,-171.6417042267906
766,,,-14.032542449999685,-171.64168860000018
17127,,,-14.033050950001442,-171.63993894999996
11223,,,-14.033033759042956,-171.64042087527707
8584,,,-14.032943493919321,-171.6404079756538
18159,,,-14.032617810656362,-171.64176943106108
16132,,,-14.033092676407668,-171.6397770975186
18554,Religious,Masonry,-14.033484141555187,-171.64249614454067
4156,Outbuilding,Masonry,-14.033945748789069,-171.6423505149433
816,Outbuilding,Masonry,-14.033377196859268,-171.6420289934835
8142,Residential,Masonry,-14.033289422274725,-171.64213725653514
17170,Outbuilding,Masonry,-14.032883175242045,-171.64388726010182
12452,Residential,Masonry,-14.033913076814773,-171.6425414457364
4074,Outbuilding,Masonry,-14.032539450001448,-171.64386414999993
14279,Outbuilding,Masonry,-14.033276322220692,-171.64198965657002
18747,Outbuilding,Masonry,-14.033896222364802,-171.64241145627608
5172,Outbuilding,Masonry,-14.033460016861516,-171.64218437970493
1936,Residential,Masonry,-14.033646531466438,-171.64325535995235
7303,Outbuilding,Masonry,-14.033753942672037,-171.6432742147277
13771,Outbuilding,Masonry,-14.032411700000774,-171.64392410000008
1292,Residential,Masonry,-14.033664259279435,-171.64277396953298
3850,Residential,Masonry,-14.033483055531473,-171.6436318790423
10520,Residential,Masonry,-14.033469009082658,-171.64275403492013
5978,Residential,Masonry,-14.033420380869174,-171.64351326891017
5795,Residential,Masonry,-14.034294719923658,-171.64285100349522
10901,Fale,Timber,-14.040536868431781,-171.64482091393717
19101,Residential,Masonry,-14.033906803334268,-171.643016963661
9839,,,-14.032405550004903,-171.64069170000002
19108,,,-14.029595900000492,-171.63815430000005
11876,,,-14.032631955673363,-171.6390077752426
19719,,,-14.031456450000007,-171.63737445000035
8076,,,-14.031231665665995,-171.63768256808214
10018,,,-14.031194949998094,-171.6375595000023
14111,,,-14.032311476216137,-171.6406750073287
5841,,,-14.029707750003935,-171.63826635000032
5879,,,-14.031672050000534,-171.63767350000006
4105,,,-14.031129150000302,-171.63789875000003
14017,,,-14.032728050000095,-171.63875240000002
8056,,,-14.032788050001402,-171.63884110000012
3883,,,-14.029898775862943,-171.63825453549788
9600,,,-14.031991630054199,-171.63790456442678
17843,,,-14.032660294157635,-171.63881862488358
1506,,,-14.031877250003804,-171.63792205000004
2873,,,-14.032663650002595,-171.6391924500011
3035,,,-14.032418094845317,-171.64082582632759
4499,,,-14.03144019999983,-171.63746789999996
15778,,,-14.032307815512155,-171.64086081799854
9777,,,-14.031108050005285,-171.63740564999918
8187,,,-14.031231350000644,-171.63737615000002
19145,,,-14.032770549999936,-171.6391303
16549,,,-14.031240706727388,-171.6378354234411
16737,,,-14.033004650001194,-171.63884760000013
3555,,,-14.030968074648802,-171.63704559025373
18802,,,-14.029831965792075,-171.63815236731713
12810,,,-14.032713438788441,-171.63934197724743
12847,,,-14.032022550005296,-171.6374384500001
5960,,,-14.032752541913128,-171.63899148229584
1611,Outbuilding,Masonry,-14.017368078960056,-171.72035353981857
15683,,,-13.91307465000407,-171.5944868500007
1972,,,-13.916747411107732,-171.58777747398858
4542,,,-14.041527200001196,-171.44495270000024
18928,,,-14.04144189547075,-171.44544836903225
486,,,-14.041251700001506,-171.4452821499993
10712,,,-14.043157851999352,-171.44071346854187
5553,,,-14.042854050001933,-171.44104500000066
11445,,,-14.042368749999719,-171.44087824999926
3839,,,-14.042364949999172,-171.4409458499984
9094,,,-14.04244395000198,-171.44126940000098
17432,,,-14.04232696988191,-171.44127980344228
6641,,,-14.040974800000402,-171.44083990000004
2709,,,-14.04293745000191,-171.44100675000095
13152,,,-14.04350034912708,-171.44067971635752
2382,,,-14.043718292409329,-171.4405649789229
16977,,,-14.043600646901384,-171.44059748366294
3215,,,-14.043603250002311,-171.44205309999606
11714,,,-14.043191500001916,-171.4418069500015
8166,,,-14.043479050001487,-171.4413640999998
8854,,,-14.04332002481912,-171.44132291459653
18449,,,-14.04423058350138,-171.44278760042232
15665,,,-14.044117360670603,-171.44297346900515
6455,,,-14.044183100005245,-171.44335914999144
19775,,,-14.043976659071133,-171.44301740969354
8832,,,-14.043948750002007,-171.44252005000118
5328,,,-14.043818254554148,-171.44216518124512
1806,,,-14.043883033537549,-171.44242896695962
2040,,,-14.043979150246892,-171.44211443391956
2745,,,-14.043850502601307,-171.442306831945
5703,,,-14.044338250003252,-171.44161080000285
5294,,,-14.044291925347771,-171.4414857971051
14954,,,-14.043810009882217,-171.44617448620158
5364,,,-14.044667272020055,-171.44596149391424
17817,,,-14.044403907254553,-171.446060373399
14787,,,-14.044983381051056,-171.44472989660656
16413,,,-14.045310633110153,-171.44428071947135
14425,,,-14.045138707994512,-171.44288392597124
18459,,,-14.04491101674856,-171.44202314718427
2466,,,-14.04500000000221,-171.44222614999794
9020,,,-14.044986950003235,-171.44207634999765
13045,,,-14.044920186598032,-171.44170064585992
10310,,,-14.045410509637904,-171.44177727078213
19434,,,-14.04525196475213,-171.4418432125889
15979,,,-14.045589932907427,-171.44246349798283
1821,,,-14.045541333331226,-171.44272810051146
19822,,,-14.04550112147543,-171.4428635924275
7137,,,-14.045656219378982,-171.4433849859041
17630,,,-14.045019634921182,-171.4404262572139
5064,,,-14.044982550001254,-171.4407186000002
1132,,,-14.044831004020113,-171.44062406626512
15758,,,-14.041329509076403,-171.4439265309418
10744,,,-14.04177450000337,-171.4449881999978
19354,,,-14.041946432419344,-171.44477389217968
10881,,,-14.042366850001509,-171.4453898500006
10943,,,-14.042342180096473,-171.44547889466793
19627,,,-14.04240960950073,-171.4455677754221
6506,,,-14.042472850000676,-171.44541844999915
11050,,,-14.042598081638198,-171.44531714799808
1853,,,-14.042723250003794,-171.44534480000104
10563,,,-14.04342599999949,-171.44537605000127
7604,,,-14.04349595000087,-171.44545509999972
14700,,,-14.043515200000265,-171.4453681000002
5997,,,-14.04352395,-171.44526975000207
19299,,,-14.043089443051793,-171.44564786636414
9929,,,-14.043165250001206,-171.44516929999654
13012,,,-14.043179520533744,-171.4444311355508
19224,,,-14.042795350002475,-171.44458820000068
15044,,,-14.040510753255521,-171.45392693325772
14411,,,-14.041012400000062,-171.45564419999985
11070,,,-14.04245738742692,-171.45537903372846
2879,,,-14.04116195677031,-171.45433293298427
13810,,,-14.041251880759738,-171.4520298942292
7651,,,-14.041648930592407,-171.45341588524997
14570,,,-14.042536550001646,-171.45304105000008
14392,,,-14.042494900001595,-171.4529150000001
19001,,,-14.042374181911368,-171.45276559700187
19618,,,-14.042261673772023,-171.4527181649506
9920,,,-14.04215535000059,-171.45265714999803
12413,,,-14.041926400001948,-171.45259824995327
7764,,,-14.04233696852057,-171.45178296075863
5822,,,-14.042400879656876,-171.45166458471397
6220,,,-14.04207886962875,-171.45094076392
3066,,,-14.042266994479684,-171.4504005733298
17871,,,-14.042121377071073,-171.4503859389012
10999,,,-14.042237677546131,-171.4501175913203
19118,,,-14.042869050000478,-171.4495327000001
86,,,-14.042856700001765,-171.44960704999946
1857,,,-14.042599427020276,-171.4494610799169
10367,,,-14.04258984999863,-171.44923299999994
13830,,,-14.04231248895158,-171.44896937905463
8244,,,-14.042280600000382,-171.44853639999963
2575,,,-14.041862500004612,-171.44938739999796
3973,,,-14.041425936644155,-171.45031672848293
7345,,,-14.041011555914565,-171.45086261924712
6913,,,-14.040796067028952,-171.44947544467573
7556,,,-14.040594178072048,-171.44947356168868
19872,,,-14.04119800000135,-171.44890700000047
18389,,,-14.041077150001724,-171.44814415000016
8559,,,-14.040952150001829,-171.448179
18263,,,-14.041029500007348,-171.4479741499999
2688,Residential,Masonry,-14.047253940005284,-171.43858931583551
7748,Outbuilding,Masonry,-14.045183446604309,-171.44649095334728
15589,Residential,Masonry,-14.04735781558713,-171.43837080756563
4776,Religious,Masonry,-14.04518027505964,-171.4393620628251
5489,Outbuilding,Masonry,-14.047790887903039,-171.4370620751078
11248,Outbuilding,Masonry,-14.045642505305771,-171.43926577038462
18200,Outbuilding,Masonry,-14.045384924655114,-171.43946010346338
6412,Residential,Masonry,-14.048256750006358,-171.4366341500019
5021,Residential,Masonry,-14.047762192133725,-171.43808924724513
13087,Residential,Masonry,-14.047709188423974,-171.43721113690322
5761,Residential,Masonry,-14.045499200011236,-171.4393853999967
4495,Residential,Masonry,-14.047887668109917,-171.4375561365862
2948,Residential,Masonry,-14.047049454221716,-171.43868899426786
18084,Outbuilding,Masonry,-14.04607435000285,-171.43876964999816
4727,Residential,Masonry,-14.047507620510558,-171.43749713469364
14691,Residential,Masonry,-14.04760049212697,-171.438206011327
19115,Residential,Masonry,-14.047826471278375,-171.43793214871104
18066,Residential,Masonry,-14.046829661925633,-171.43873177926292
7222,Residential,Masonry,-14.04595467821105,-171.43881188292318
3266,Outbuilding,Masonry,-14.046008083406676,-171.43896274977448
6742,Outbuilding,Masonry,-14.047747007188098,-171.43745108486843
9781,Outbuilding,Masonry,-14.047853226593384,-171.4377806106895
16122,Fale,Masonry,-14.047548548339526,-171.43783208748604
4111,Hotel,Masonry,-14.046200487177561,-171.4453860222915
3991,Tourist Fale,Timber,-14.046086415922726,-171.44634590071004
9557,Hotel,Masonry,-14.046218112381155,-171.4452940419846
4900,Hotel,Masonry,-14.046117636162887,-171.4457295376177
1576,Hotel,Masonry,-14.046339174660552,-171.44456652090008
1576,Residential,Masonry,-14.045438025377932,-171.44765230932504
3420,Residential,Masonry,-14.048107613368854,-171.43760345388296
13400,Residential,Masonry,-14.046959450174235,-171.44015410010616
7837,Residential,Masonry,-14.04796387192301,-171.43798348770414
11838,Fale,Masonry,-14.046074841330132,-171.4454791578662
10411,Fale,Masonry,-14.046210176991627,-171.44550492377186
14418,Fale,Masonry,-14.04617352287389,-171.44559381609957
3012,Tourist Fale,Timber,-14.0461367157737,-171.44602670085897
11145,Hotel,Masonry,-14.046280844085992,-171.4450346810863
1599,Fale,Masonry,-14.046162422999407,-171.4456448161671
10097,Hotel,Masonry,-14.046261339866701,-171.44512028907224
1183,Tourist Fale,Timber,-14.046025115827746,-171.44583450081225
14558,Fale,Masonry,-14.046134674660792,-171.44550080203578
7584,Tourist Fale,Timber,-14.046108615908075,-171.44620940060545
12102,Hotel,Masonry,-14.046293866703197,-171.4449502838435
16177,Fale,Masonry,-14.046034323135082,-171.44553071608556
9328,Fale,Masonry,-14.046182422930375,-171.44554211633454
3273,Tourist Fale,Timber,-14.046147815894857,-171.44596910062631
4980,Hotel,Masonry,-14.046242876425158,-171.4452060919113
7198,Tourist Fale,Timber,-14.046013215841612,-171.44590320059953
2131,Tourist Fale,Timber,-14.046128615887028,-171.44608660070082
251,Tourist Fale,Timber,-14.046098315875149,-171.44627520048405
8220,Tourist Fale,Timber,-14.046001415900589,-171.44597200050012
6316,Fale,Masonry,-14.046023222919933,-171.44560541618532
3870,Tourist Fale,Timber,-14.046115315890335,-171.44615240055654
4326,Community,Masonry,-14.0457521857067,-171.44588841109305
19298,Residential,Masonry,-14.048004170015851,-171.43774267455905
7319,Outbuilding,Masonry,-14.047168144928454,-171.43885616848112
5383,Hotel,Masonry,-14.046116607925143,-171.4453944683416
8623,Hotel,Masonry,-14.046136727260212,-171.445315329773
17321,Hotel,Masonry,-14.046155639204159,-171.44522347880664
8604,Hotel,Masonry,-14.046173826847813,-171.44514232969559
7641,Hotel,Masonry,-14.046193331245943,-171.4450558278071
11067,Hotel,Masonry,-14.046210938970717,-171.44497537896427
14901,Hotel,Masonry,-14.04622653625257,-171.44489289964363
11528,Hotel,Masonry,-14.04624721963765,-171.44480104345186
748,Community,Masonry,-14.045663760651129,-171.4464499585033
9186,Hotel,Masonry,-14.04594442028324,-171.44645429218025
4476,Tourist Fale,Timber,-14.046023223107856,-171.4468930989529
48,Tourist Fale,Timber,-14.046029823095328,-171.44682339891432
17538,Tourist Fale,Timber,-14.046048023000049,-171.44675899883595
14869,Tourist Fale,Timber,-14.046012889355884,-171.44696887485554
14559,Tourist Fale,Timber,-14.045985096652759,-171.44710752620176
7491,Tourist Fale,Timber,-14.04593979308891,-171.44723140154267
19583,Tourist Fale,Timber,-14.045952793118014,-171.44716570130493
7033,Tourist Fale,Timber,-14.046072315777193,-171.44641300058046
11249,Hotel,Masonry,-14.046325832027842,-171.4447785730466
11956,Hotel,Masonry,-14.046309081661608,-171.44486178364772
6110,Outbuilding,Masonry,-14.047049600504067,-171.44029850444642
1136,Outbuilding,Masonry,-14.047093490628813,-171.44020004681946
10806,Residential,Masonry,-14.046525743713781,-171.44137992450084
13096,Outbuilding,Masonry,-14.046422350038839,-171.44130861882743
9628,Residential,Masonry,-14.045509758366025,-171.44681679474675
1020,Community,Masonry,-14.045720627702478,-171.4459767082631
10250,Residential,Masonry,-14.045494296087705,-171.4461230590367
9930,Residential,Masonry,-14.04543334372476,-171.4462433271801
15991,Outbuilding,Timber,-14.04540557714649,-171.44610253476105
10816,Residential,Masonry,-14.045259198425855,-171.44718709154816
14639,Residential,Masonry,-14.045125366247147,-171.4471403253327
1881,Residential,Masonry,-14.045235824280281,-171.4468512297393
1178,Outbuilding,Masonry,-14.045125536402479,-171.446931414613
2436,Residential,Timber,-14.045501806322852,-171.44752207908215
2069,Outbuilding,Masonry,-14.044722825263271,-171.4486883277813
13326,Residential,Masonry,-14.044938510225663,-171.4487633314121
12219,Residential,Masonry,-14.044999323369776,-171.4490607647071
17659,Outbuilding,Masonry,-14.044632483249693,-171.448766038066
408,Residential,Masonry,-14.045265470319857,-171.44951236606104
15777,Residential,Masonry,-14.04497860817206,-171.4499468351012
15559,Residential,Masonry,-14.044826723659469,-171.4497858910392
12897,Residential,Masonry,-14.044867143400523,-171.45039102897857
13432,Outbuilding,Masonry,-14.044790592304222,-171.45040236594153
11149,Residential,Masonry,-14.04536680872296,-171.45064987105295
12500,Residential,Masonry,-14.04519420620247,-171.45176120627715
9417,Outbuilding,Masonry,-14.04461086037887,-171.45124047112336
8199,Residential,Masonry,-14.044777829302497,-171.45131841839182
4634,Outbuilding,Masonry,-14.045038398616704,-171.4468318953432
18473,Outbuilding,Masonry,-14.045240484667726,-171.4463675241253
12155,Residential,Masonry,-14.045366207553341,-171.44640909706004
422,Tourist Fale,Timber,-14.04599610220518,-171.44703837135748
16321,Hotel,Masonry,-14.04288372244266,-171.47567440186555
534,Hotel,Masonry,-14.042653871946342,-171.47622435650072
6191,Hotel,Masonry,-14.04241871976466,-171.47643408208634
10074,Hotel,Timber,-14.042995226205468,-171.4760835007118
16976,Hotel,Timber,-14.04294477631954,-171.4762070275803
5796,Hotel,Timber,-14.04289907134686,-171.47634645745336
11540,Hotel,Timber,-14.042846769529918,-171.47645921058285
5552,Hotel,Timber,-14.042802801438327,-171.4765736658705
5292,Hotel,Timber,-14.04276065856433,-171.4766803748508
12430,Hotel,Timber,-14.042714914891674,-171.4768042887006
14142,Outbuilding,Masonry,-14.042535604870624,-171.47527220545015
11472,Hotel,Masonry,-14.042797024281334,-171.47545019461776
11443,Residential,Masonry,-14.042349843332953,-171.4754282447082
14407,Residential,Masonry,-14.042212797274939,-171.47591473609313
13729,Outbuilding,Masonry,-14.042117791809877,-171.47605169918748
2572,Outbuilding,Timber,-14.042131009197425,-171.47565698579942
14920,Hotel,Timber,-14.042607906995748,-171.47688372905952
11344,Residential,Masonry,-14.041896761347763,-171.48014841539182
17747,Outbuilding,Masonry,-14.041646716783395,-171.48024767478668
4100,Residential,Timber,-14.039760350332513,-171.48781351101718
3372,Residential,Masonry,-14.045353363442342,-171.4488224231533
15626,Residential,Masonry,-14.045247335548929,-171.44795480328642
4548,Outbuilding,Timber,-14.04515199564218,-171.4479497866098
7790,Outbuilding,Timber,-14.042909352545639,-171.43723880402817
13615,Residential,Timber,-14.042277499991904,-171.43693229237988
10364,Residential,Masonry,-14.042539123690263,-171.43696399499646
18819,Residential,Masonry,-14.048084008715518,-171.4353629769354
11653,Residential,Masonry,-14.047905070088765,-171.43560237026628
5962,Residential,Masonry,-14.048387330757109,-171.4360891710895
13841,Outbuilding,Masonry,-14.048333990888347,-171.43588058292872
7508,Residential,Masonry,-14.046368958962951,-171.4396286100739
1769,Commercial,Masonry,-14.045884595565896,-171.4395326929614
8652,Hotel,Masonry,-14.045964221264507,-171.44658433496997
8762,Tourist Fale,Timber,-14.046061824387804,-171.44668507671028
15487,Tourist Fale,Timber,-14.045885123230748,-171.44751047034288
14688,Tourist Fale,Timber,-14.045891790279661,-171.44744331725664
10494,Tourist Fale,Timber,-14.04589346052578,-171.4473741891624
17894,Tourist Fale,Timber,-14.04592271993097,-171.4470855715198
16780,Tourist Fale,Timber,-14.045910661304575,-171.44715174921802
10204,Tourist Fale,Timber,-14.046003006725677,-171.44669649369757
16643,Tourist Fale,Timber,-14.045997155920627,-171.44602310541944
11671,Tourist Fale,Timber,-14.045848323561257,-171.4478286912397
19346,Tourist Fale,Timber,-14.045843756933232,-171.4478922840183
5972,Tourist Fale,Timber,-14.045839962248612,-171.44795918598288
15040,Tourist Fale,Timber,-14.045758784946129,-171.4487902118419
17815,Tourist Fale,Timber,-14.045767056977173,-171.4486090738931
9319,Tourist Fale,Timber,-14.045769517214618,-171.4485379471911
17826,Hotel,Masonry,-14.045510581598402,-171.44559715461034
9107,Hotel,Masonry,-14.045441915416545,-171.4457746141672
7759,,,-13.997702800005298,-171.42846150000005
11792,,,-13.998426850000794,-171.43648805000004
5071,,,-13.998027286346245,-171.4284657975399
19866,,,-13.99912517291826,-171.43227700820833
8606,,,-13.999333685841151,-171.43228343115769
19453,,,-13.998754315758362,-171.43494109082908
6818,,,-13.997851576248236,-171.4284564038502
2995,,,-13.997845250126945,-171.42940308180965
2302,,,-13.998511416832601,-171.44082752986668
7769,,,-13.998021250329488,-171.44110027931728
1531,,,-13.995858424909821,-171.4463009345261
15647,,,-13.998010854590452,-171.44192740350826
13070,,,-13.997046331772891,-171.45501701192242
11841,,,-13.996662864318859,-171.4439259699108
7855,,,-13.997136222829123,-171.44390249194035
14939,,,-13.998517421530634,-171.4406868314609
64,,,-13.998011922692013,-171.4407143804181
19063,,,-13.996006491958337,-171.46052008355682
6254,,,-13.998254920029709,-171.44297310529151
17617,,,-13.99726920000578,-171.4433662000003
4950,,,-13.996534157982595,-171.44515637402367
149,,,-13.99756465000744,-171.46287134999525
15406,,,-13.99741064881841,-171.44412151747144
10278,,,-13.99723756574286,-171.46313512133008
9793,,,-13.996946800002522,-171.4623770999993
17614,,,-13.995367600009658,-171.45081554999803
19548,,,-13.991357081032707,-171.45710638719476
1573,,,-13.993425700000394,-171.46014385000026
16913,,,-13.995332494207313,-171.45214702455308
4799,,,-13.996638550004969,-171.4452659500001
4321,,,-13.995462024513577,-171.4576800590912
10702,,,-13.99782120000114,-171.4443234500001
5575,,,-13.998401368417378,-171.45807768419294
8630,,,-13.996638350001483,-171.46300635000236
7156,,,-13.997605847146907,-171.46269202957654
4527,,,-13.992332400000455,-171.45814235000057
19136,,,-13.995307435778024,-171.46139911880456
10190,,,-13.997457229390637,-171.44512138945424
2322,,,-13.99750329999943,-171.443241749999
4192,,,-13.994739950000525,-171.45859790000006
10667,,,-13.996749825679409,-171.46327021407328
18533,,,-13.99217427265463,-171.45817793769822
431,,,-13.995306300003353,-171.45858835000053
1431,,,-13.993832656772815,-171.4496558205405
5054,,,-13.9960940294829,-171.46036640509917
15255,,,-13.99747892560288,-171.46374126100847
7577,,,-13.998532693718179,-171.4386262726762
14579,,,-13.995647790624098,-171.46146248448412
1296,,,-13.993767267240267,-171.4635650056641
10025,,,-13.995966450000614,-171.4603627500025
214,,,-13.995697049999512,-171.4594028
14785,,,-13.997559496816454,-171.4634754305284
19916,,,-13.994082550004778,-171.46208995000063
10535,,,-13.995441787528481,-171.45870187324272
8443,,,-13.995257200002372,-171.44909120000068
4056,,,-13.995775604408806,-171.4626040737295
17338,,,-13.993361500001779,-171.46301220000024
14313,,,-13.993301833460958,-171.46027456027227
2641,,,-13.996797123163013,-171.44499649146988
8490,,,-13.997578176073564,-171.43864910498874
1593,,,-13.997717299999794,-171.44425014998922
14340,,,-13.994812800002064,-171.45676070000016
6120,,,-13.994571076879245,-171.45124280606177
2435,,,-13.994794249998986,-171.45884485000065
11851,,,-13.997824082973732,-171.44401834948883
15611,,,-13.997975450000121,-171.43841260000005
10053,,,-13.997039156198786,-171.44431372966844
2247,,,-13.99513401684235,-171.45615832973226
8072,,,-13.997355350003748,-171.44381945000123
5597,,,-13.997128600002865,-171.4515139500005
5884,,,-13.994540600004873,-171.45889505000278
2028,,,-13.997896100001771,-171.4549007999993
16411,,,-13.997559850001402,-171.43858294999995
7956,,,-13.995574750002886,-171.45602345000043
15239,,,-13.99057880000155,-171.45675089999938
7850,,,-13.997015850000137,-171.44337865
11117,,,-13.998370323171901,-171.4579421811693
15924,,,-13.995355012779827,-171.45207816949062
7629,,,-13.996858405044073,-171.46225656761962
1937,,,-13.99854507860089,-171.43849268765683
4201,,,-13.99765164999816,-171.44502784999588
9459,,,-13.995462858275392,-171.4594497720869
12199,,,-13.99666054574834,-171.44502489580162
13690,Residential,Masonry,-13.999137894123082,-171.42775745690577
529,Residential,Masonry,-13.998682592135758,-171.42821108845624
8555,Residential,Masonry,-13.999199180842428,-171.42747207795693
11405,Residential,Masonry,-13.999516137298325,-171.4277425469606
10599,Outbuilding,Masonry,-13.999049280656374,-171.427845892932
17805,Outbuilding,Masonry,-13.998534350390642,-171.42822044147334
4028,,,-13.995439352747525,-171.4298781754783
11632,,,-13.995728895500104,-171.43124874747696
8803,,,-13.996051346130669,-171.42960273195254
8469,,,-13.996085990136766,-171.43075233139774
16651,,,-13.995528806477424,-171.43128877257416
18666,,,-13.996086589377454,-171.42975588332732
420,,,-13.996215827589308,-171.43163740766613
13676,,,-13.995332749994473,-171.4308974500036
5677,,,-13.994261900001838,-171.4309280500019
4361,,,-13.996168331834347,-171.42952725335837
2784,,,-13.995575500000493,-171.43280400000086
8291,Residential,Masonry,-13.995596005101156,-171.42838057319503
18608,,,-13.996123850000307,-171.4294536000013
14913,Residential,Masonry,-13.995379593809593,-171.428307534547
13302,Residential,Masonry,-13.995680571624444,-171.42852269650388
205,,,-13.996318599999237,-171.42944270000078
5470,,,-13.99566805997632,-171.42990062591406
889,,,-13.995062500003685,-171.42982504999296
2906,,,-13.995607324838977,-171.43019673877845
7347,,,-13.99586514722098,-171.4300646311395
12920,,,-13.99521550000267,-171.42951374999961
4463,,,-13.996768207079821,-171.42908032251077
932,,,-13.994909400002381,-171.43002250000308
11359,Residential,Masonry,-13.9954935569741,-171.4285056717465
6197,,,-13.996219922281618,-171.42909469354078
292,,,-13.995125145843929,-171.42949098062454
14758,,,-13.99593381276094,-171.4287101720762
18202,,,-13.996330849999298,-171.42954510000104
185,,,-13.995601100001638,-171.43097150000008
13021,,,-13.996495955724814,-171.43269566997523
8612,,,-13.99478730602552,-171.43094938488136
2850,,,-13.995372477072054,-171.43022880561304
14855,,,-13.995207794307577,-171.42894593747866
6651,,,-13.995867194256723,-171.4298275213217
17746,,,-13.995204106818132,-171.4293116721482
17731,Residential,Masonry,-13.995261766674181,-171.42868490239022
4825,,,-13.996489766138525,-171.42926938318445
18775,,,-13.996057100000424,-171.43041610000174
16499,,,-13.994362116355882,-171.43082845144656
2766,,,-13.996117749999392,-171.43109345000028
8008,,,-13.994921362496674,-171.43032294898583
16231,Residential,Masonry,-13.995121107220054,-171.42889510438337
11772,Residential,Masonry,-13.993265479335136,-171.4318579853418
8538,Residential,Masonry,-13.993362620210215,-171.4319150869476
14106,,,-13.99265879893789,-171.4740243173314
17704,,,-13.992566950009325,-171.46433904998517
17061,,,-13.99276733547671,-171.4644105392443
13638,,,-13.992489711217262,-171.46422738325208
10107,,,-13.997662830398529,-171.47357959289675
3606,,,-13.998088915457465,-171.4747683789409
16420,,,-13.997701497049574,-171.47293556804473
2144,,,-13.998257950004952,-171.4746869500013
17034,,,-13.992802533346984,-171.4645974999749
13820,,,-13.998444490096691,-171.47374147773394
12584,,,-13.9980765689963,-171.47454040260374
7883,,,-13.992647449763574,-171.46454248325162
9850,,,-13.998306660703319,-171.47362092578499
19925,,,-13.99820545000154,-171.47432910000006
8993,,,-13.992932331886593,-171.4645779030953
8425,,,-13.998045295113002,-171.47520811926015
10699,,,-13.990906350000962,-171.46516805000047
10022,,,-13.992120533835681,-171.46684233028083
1553,,,-13.990316940584972,-171.4576559801344
3575,,,-13.989198551106664,-171.47285067441916
4660,,,-13.989335742075687,-171.4707383574146
1550,,,-13.991591828485658,-171.4726133649176
12703,,,-13.994127210136114,-171.49779043055705
723,,,-13.9918678666593,-171.5028716115143
6648,,,-13.989204099999155,-171.47141854999995
293,,,-13.991809050002807,-171.50476930000085
7748,,,-13.996773250005035,-171.48853939998486
12514,,,-13.997675326815537,-171.4817285871479
8354,,,-13.995565649801595,-171.48903841678742
12224,,,-13.997831373179102,-171.47908554396548
11370,,,-13.994611918623637,-171.49876635385374
11090,,,-13.997718950004094,-171.48398485000024
14871,,,-13.997336550003716,-171.47745230000092
8922,,,-13.994438914874559,-171.49456033177333
10871,,,-13.998296800003253,-171.4830463500002
17527,,,-13.99452587162666,-171.49328906117805
2086,,,-13.995428900003324,-171.49521865000125
7023,,,-13.997592850001913,-171.47469335000133
11932,,,-13.998346250000441,-171.48089605000007
15143,,,-13.995591553008596,-171.49179338186698
7978,,,-13.994317950001072,-171.4962213500003
7462,,,-13.993111750000372,-171.49209629999956
2527,,,-13.994780900004491,-171.49827465000098
965,,,-13.992127850005806,-171.50393125000582
13640,,,-13.989867421170555,-171.47162185708152
11254,,,-13.991941097916596,-171.5043723673568
1119,,,-13.996371778327726,-171.48945801662967
10936,,,-13.998683549078217,-171.48643886673315
13126,,,-13.997523400004585,-171.47906820000136
5127,,,-13.995445850002248,-171.4891878500001
16407,,,-13.99770855742251,-171.48342962452006
11333,,,-13.997542827202384,-171.47926513534915
15159,,,-13.994756581672014,-171.49854564515996
12523,,,-13.997593800000024,-171.48379039999912
7590,,,-13.998160100000526,-171.4765166499992
1355,,,-13.994329484960726,-171.49439941826296
4308,,,-13.998668350002049,-171.48188225000052
13334,,,-13.994427200004777,-171.4930901000013
6491,,,-13.995102824685466,-171.4968214927005
48,,,-13.997535300002141,-171.4746757500017
1079,Outbuilding,Masonry,-14.002668628217428,-171.79035833790607
1080,Residential,Masonry,-14.00256206822626,-171.79025943410275
11638,,,-13.916033759104156,-171.7987167802027
3914,,,-13.922171993918138,-171.79768046605798
19931,,,-13.917289722670198,-171.79527075675625
13020,,,-13.91345902369673,-171.78248800539603
7633,,,-13.914289678113995,-171.78206081856104
8538,,,-13.916042899999244,-171.79425794999943
18360,,,-13.923212362990498,-171.79708526904238
13619,,,-13.919993299999764,-171.78570175000024
5672,,,-13.921322750004261,-171.79590864999906
16865,,,-13.919896667996355,-171.7823875891064
18053,,,-13.915599000002087,-171.7888956500013
873,,,-13.916326829363454,-171.7978455847709
2170,,,-13.916265664387756,-171.79738135949898
14725,,,-13.9055309262887,-171.7790909896615
2905,,,-13.905471776319306,-171.77935161540694
5622,,,-13.91011929640595,-171.78004602049018
18747,,,-13.909592299833703,-171.7795755673563
2909,,,-13.910465827885565,-171.7834467087843
16345,,,-13.907786450007661,-171.78089824997792
4768,,,-13.905012593290369,-171.78015111793493
9611,,,-13.908208565308826,-171.78148829867376
10599,,,-13.909625920894062,-171.780528003937
10721,,,-13.905358719028099,-171.77945540175443
12856,,,-13.907604900001585,-171.78057110001643
4224,,,-13.905150405748435,-171.77990302952472
3399,,,-13.911884518166621,-171.78100175256293
5971,,,-13.907871900000009,-171.7828440499995
8995,,,-13.909589345788147,-171.78020521998124
18032,,,-13.911442074596282,-171.78173700675256
16730,,,-13.906310334436922,-171.77955735222204
4282,,,-13.910016500002937,-171.780041000002
16078,,,-13.91008372376792,-171.78024506192554
11971,,,-13.909616450021382,-171.77986770000848
14176,,,-13.90976377353221,-171.77959866333265
18190,,,-13.910104198417939,-171.77964957115037
13355,,,-13.909758800019892,-171.77987870000788
121,,,-13.909884350001228,-171.78021639999
1081,Outbuilding,Masonry,-14.002182666434553,-171.78996985476513
1082,Residential,Masonry,-14.002955297046814,-171.78986784266826
1083,Outbuilding,Masonry,-14.003072304126649,-171.78989536850239
1084,Outbuilding,Masonry,-14.003098061069013,-171.7894078686295
1085,Residential,Masonry,-14.002791338374626,-171.78927124629246
1086,Outbuilding,Masonry,-14.002939377478132,-171.78913055966166
1087,Outbuilding,Masonry,-14.002352581585894,-171.7902059667105
1088,Fale,Masonry,-14.002107710915107,-171.78936126023564
1089,Residential,Masonry,-14.002062731284678,-171.78891631390394
1090,Outbuilding,Masonry,-14.002243100598236,-171.7890425440853
1091,Outbuilding,Masonry,-14.00192748017819,-171.78875676257934
1092,Residential,Masonry,-14.001664114313092,-171.78890842931452
1093,Outbuilding,Masonry,-14.002085607912186,-171.78833954837572
1094,Outbuilding,Masonry,-14.002213078891096,-171.78865658079172
1095,Outbuilding,Masonry,-14.001494611160886,-171.78870597820588
1096,Outbuilding,Masonry,-14.00167837569779,-171.78849344506926
1097,Fale,Masonry,-14.001415460666935,-171.7889881156102
1098,Fale,Masonry,-14.001373189397428,-171.78907301418994
1099,Outbuilding,Masonry,-14.001270870983529,-171.78969362805395
1100,Residential,Masonry,-14.000911007476638,-171.78936753615238
1101,Outbuilding,Masonry,-14.000835476045804,-171.78930957910885
1102,Outbuilding,Masonry,-14.000855453793479,-171.78867978411918
1103,Residential,Masonry,-14.000643880357101,-171.79029321971575
1104,Outbuilding,Masonry,-14.000722693609356,-171.79049324490973
18273,Outbuilding,Masonry,-13.941813935013199,-171.54275515974032
1565,Religious,Masonry,-13.942062979770299,-171.54383706869226
3493,,,-14.040674491130272,-171.53586509924608
19535,,,-14.040199298372647,-171.53337008191554
8757,,,-14.04118680000591,-171.53489139999905
11842,,,-14.038698737916022,-171.5308337302195
7464,,,-14.041138965317085,-171.5344969194096
17997,,,-14.03927115000574,-171.53104960000027
3480,,,-14.039202921923811,-171.5347170104301
9359,,,-14.03966150000225,-171.5333899000004
6789,,,-14.037104050000003,-171.5344845499998
16253,,,-14.040615250003645,-171.53558169999897
1083,,,-14.039803250002029,-171.53573225000022
14355,,,-14.041343800003007,-171.53541569999982
8704,,,-14.038928500000832,-171.53038309999874
4621,,,-14.038586450003324,-171.53083930000014
8188,,,-14.039570950000495,-171.53422464999994
7261,,,-14.041445650166983,-171.54093730000645
18821,,,-14.041267350001206,-171.53443514999964
6363,,,-14.038804055737618,-171.53037732429812
18642,,,-14.03983142335285,-171.53421755587073
4178,,,-14.03738565966095,-171.53438117444225
18122,,,-14.040319953149154,-171.5336590190288
9863,,,-14.041698531257419,-171.53750236570392
15379,,,-14.043620333572811,-171.54189818762637
18664,,,-14.042766925480898,-171.5432353388776
11924,,,-14.043323900006332,-171.53849849999665
6764,,,-14.042803375298167,-171.54165998854245
15135,,,-14.043728731694307,-171.53860505295927
2112,,,-14.042735468395367,-171.54214646469694
7320,,,-14.04234025000288,-171.53861420000226
593,,,-14.04224030000968,-171.53971479999285
6454,,,-14.03998195000079,-171.54003035000022
13402,,,-14.042713726375945,-171.54385369252074
3594,,,-14.04118663524215,-171.53859221248956
19203,,,-14.043734550002094,-171.53876049999982
2177,,,-14.04270500000154,-171.54238990000061
12673,,,-14.041608850002879,-171.5373772500001
18709,,,-14.042468200003137,-171.5388873500015
8709,,,-14.042097582315908,-171.53921340553
19098,,,-14.042757223646111,-171.54343671440597
3685,,,-14.042748500000988,-171.5384107500028
4214,,,-14.0429727000021,-171.54166394999905
6649,,,-14.041299300002574,-171.53820729999828
9454,,,-14.041911873397888,-171.5377711642436
4618,,,-14.041839300001296,-171.53897284999968
776,,,-14.04237650000293,-171.5438682000004
7737,,,-14.042985250001733,-171.53929479999965
1633,,,-14.041215350001709,-171.53825244999888
8132,,,-14.043658718927274,-171.5388539937504
17044,,,-14.042829450003724,-171.54228115000095
6836,,,-14.042815600004925,-171.5394210000012
780,,,-14.042496400001069,-171.53854079999996
18024,,,-14.042773299999732,-171.5407826500045
15641,,,-14.041441050007068,-171.5382966499942
10687,,,-14.041507562817328,-171.53856981549683
13900,,,-14.042753650001474,-171.54181250000016
2097,,,-14.042037400003073,-171.5389990000059
1832,,,-14.042578184534328,-171.5388052408446
12432,,,-14.042503549999125,-171.54392134999856
18600,,,-14.043476638170967,-171.5393581315309
18650,,,-14.042649750005868,-171.54036569999866
12787,,,-14.04355692893036,-171.53890106565302
1141,,,-14.042973107359725,-171.5419273797723
9803,,,-14.042699650003996,-171.5392253500035
17470,,,-14.039633656813498,-171.5391997721452
18339,,,-14.042661123701443,-171.54150084104927
12280,,,-14.041637650005763,-171.53867119999953
14564,,,-14.043644250002076,-171.53844249999963
5260,,,-14.042770050000449,-171.54191454999952
7736,,,-14.042593050003239,-171.53907249999878
14512,,,-14.04256464354291,-171.54342997471787
1538,,,-14.043534897397317,-171.53828986509797
201,,,-14.042392681867819,-171.54008160737203
11146,,,-14.039848200002183,-171.5391397999994
13169,,,-14.040988247658348,-171.53866983280685
8704,,,-14.043439306875662,-171.54454366978663
616,,,-14.039605783914755,-171.53798468197593
9540,,,-14.040149028374007,-171.54006285130365
11445,,,-14.042827114854742,-171.54241258976938
10624,Religious,Masonry,-14.040263241221352,-171.5330073864441
18699,Residential,Masonry,-14.040874460316088,-171.53308061655233
2031,Outbuilding,Masonry,-14.039871605859574,-171.5323473262735
6588,Outbuilding,Masonry,-14.040068504146237,-171.5329075213331
4826,Residential,Masonry,-14.039784259466108,-171.53215905618902
1854,Residential,Masonry,-14.041408748982034,-171.53576047275095
5901,Residential,Masonry,-14.03909870652676,-171.5298805518666
10280,Residential,Masonry,-14.041404889111952,-171.5355214161203
15798,Religious,Masonry,-14.040052728577276,-171.53316871232155
1353,Outbuilding,Masonry,-14.039772818486652,-171.53256015890756
1274,Residential,Masonry,-14.039678117924165,-171.53223260180977
9909,Residential,Masonry,-14.039688186641085,-171.53236880261352
14680,Residential,Masonry,-14.040908822442326,-171.53325836608954
10938,Residential,Masonry,-14.039567490506148,-171.5318501176529
19732,Residential,Masonry,-14.041986761426447,-171.53536840844356
10576,Outbuilding,Masonry,-14.041433325258504,-171.53563686316218
12852,Residential,Masonry,-14.043387530155075,-171.54302339539203
6343,Hotel,Timber,-14.043406749662028,-171.54389704985857
14206,Hotel,Timber,-14.043421700203002,-171.5439877999789
16468,Hotel,Timber,-14.043455889741093,-171.54362167588886
8487,Hotel,Timber,-14.043444458265018,-171.54407256991897
10894,Hotel,Timber,-14.043401323062074,-171.54362844188734
16027,Residential,Timber,-14.043462709777177,-171.5376037538254
4604,Hotel,Timber,-14.043501866993177,-171.5441503930728
6495,Hotel,Timber,-14.04338720000987,-171.5437769501619
11975,Hotel,Timber,-14.043572079426744,-171.5435520838898
4332,Hotel,Timber,-14.043585326394442,-171.54387615602164
13978,Hotel,Timber,-14.043561616002107,-171.5436623212452
14401,Hotel,Timber,-14.043569108909006,-171.54377505663376
18531,Hotel,Masonry,-14.04333066312625,-171.54350658784628
2815,Outbuilding,Masonry,-14.04085797579596,-171.5335046069954
18797,Residential,Masonry,-14.039978738453218,-171.53159658505544
19313,Residential,Masonry,-14.041846058583891,-171.53555636019044
715,Tourist Fale,Masonry,-14.043642298992278,-171.54247325443055
19347,Outbuilding,Masonry,-14.043453881757756,-171.54255809619363
15739,Outbuilding,Masonry,-14.043494800001302,-171.54286930000092
14493,Hotel,Masonry,-14.043429075523711,-171.54408405872564
9350,Outbuilding,Masonry,-14.043421100000836,-171.54261315000048
15081,Hotel,Masonry,-14.043501678062563,-171.54415177380085
12088,Hotel,Masonry,-14.043312803234071,-171.5442974833521
7917,Outbuilding,Masonry,-14.043520600001882,-171.54279165000148
15145,Outbuilding,Masonry,-14.043401114380174,-171.54265257405945
11399,Tourist Fale,Masonry,-14.044130923372958,-171.54416660571675
14098,Tourist Fale,Masonry,-14.043930849014266,-171.54432288593253
9819,Tourist Fale,Masonry,-14.043847697155892,-171.5443030218409
15344,Tourist Fale,Masonry,-14.044078723225446,-171.54422418857772
15437,Residential,Masonry,-14.03967082966139,-171.53207587921736
3098,Outbuilding,Masonry,-14.03976940208042,-171.53158138428444
1330,Outbuilding,Masonry,-14.039869228810915,-171.53163501585882
9042,,,-14.037893050001752,-171.52979630000016
7888,,,-14.03456304999993,-171.52631974999989
10605,,,-14.034731199999797,-171.5262754
12165,,,-14.034210499999423,-171.5266395999999
1400,,,-14.034124300002297,-171.52657865000015
10403,,,-14.033989857323272,-171.52657462583346
3127,,,-14.034011900000163,-171.52691184999972
1730,,,-14.0340774500001,-171.52712835
1766,,,-14.033974454464417,-171.52700572544495
14173,,,-14.033670928362179,-171.52796945628552
2326,,,-14.03317795000041,-171.52719795000004
5042,,,-14.033306503700489,-171.52715852020916
10985,,,-14.033257970932436,-171.52716824172333
6099,,,-14.032913249997616,-171.52747990000358
16900,,,-14.033048444355988,-171.52756266147728
12591,,,-14.033236350001305,-171.52807805000052
9181,,,-14.033129380879167,-171.52815590228195
14475,,,-14.032944000000253,-171.5280664000035
8762,,,-14.032062050000599,-171.52774995000001
1502,,,-14.032203030197126,-171.52767160389283
16848,,,-14.032150900004115,-171.52778505000043
12207,,,-14.032117625791205,-171.52832829997413
18027,,,-14.032047069560683,-171.52844464571925
4328,,,-14.031905924593076,-171.52849291115444
9308,,,-14.03076086277898,-171.52804071753283
2337,,,-14.030749750000167,-171.52799160000035
8827,,,-14.030744471660975,-171.52819952682475
11365,Outbuilding,Masonry,-14.040428462336635,-171.52508372185045
17421,Outbuilding,Timber,-14.039609334864524,-171.52489608431307
7999,Outbuilding,Masonry,-14.039441147519353,-171.52586405983394
11107,Residential,Masonry,-14.039553208212915,-171.52542429153934
12495,Outbuilding,Masonry,-14.039418289568097,-171.52546714529595
5897,Residential,Masonry,-14.039920030471796,-171.5251729124689
16937,Outbuilding,Timber,-14.039748457457055,-171.52501340175297
2338,Residential,Timber,-14.039666766363782,-171.52495118479814
15433,,,-14.036660594543893,-171.52448500220598
4620,,,-14.03614410000756,-171.52391909999866
9286,,,-14.03626180381108,-171.52369962082636
17469,,,-14.036033046890642,-171.51531296730678
8647,,,-14.038686400001211,-171.5196244500017
18139,,,-14.039144400107444,-171.5230821000111
6623,,,-14.036180600027214,-171.52415729999342
15474,,,-14.036345599821592,-171.5241472154612
9254,,,-14.036272042905493,-171.5244529282898
13767,,,-14.036100830082798,-171.5236942688701
94,,,-14.036255600001557,-171.52437189999978
6465,,,-14.039783266598342,-171.5241795893586
8920,,,-14.038948513268837,-171.52310592531344
9723,,,-14.039619936504993,-171.52388566861202
5949,,,-14.039909199982313,-171.5236093499789
14651,,,-14.039730950000973,-171.52376969999878
4037,,,-14.039629909561254,-171.52357132586073
11323,,,-14.039585349999994,-171.52404939999886
17916,,,-14.039620325562462,-171.52303609260767
19285,,,-14.039373296444259,-171.52407704144437
10417,,,-14.023893017184474,-171.50776302628017
15418,,,-14.024482450001516,-171.5076630499986
17587,,,-14.025273533699355,-171.50818337645273
18272,,,-14.028506643887429,-171.51046911659455
17279,,,-14.03250265461149,-171.51287353067875
1136,,,-14.032489850002193,-171.51510254999923
6353,,,-14.032579365097458,-171.5149423377495
17260,,,-14.033626950001317,-171.5141483999982
10472,,,-14.033771100003317,-171.5146059500036
8411,,,-14.034401900001152,-171.51515539999951
15408,,,-14.035210000004598,-171.51460109999482
804,,,-14.035019850265481,-171.51463586655595
10693,,,-14.035703850000662,-171.5150913999982
14905,,,-14.036646550005146,-171.515789450004
13970,,,-14.036529832931707,-171.51569414475267
11571,,,-14.03761529823926,-171.5169862318766
8881,,,-14.037557364768945,-171.51721073940138
16582,,,-14.037803165873097,-171.51749299380253
10080,,,-14.03840748271406,-171.51865490220018
8620,,,-14.038412649999295,-171.51840915000224
18005,,,-14.0387140500018,-171.51980670000017
17580,,,-14.032214356512283,-171.52614987541102
3222,,,-14.032453076743757,-171.52601073892345
16353,,,-14.032809050004998,-171.5255962000007
18167,,,-14.032948575855428,-171.52578224212604
941,,,-14.032856850006887,-171.52604230000034
3505,,,-14.032974750005353,-171.52604945000033
12100,,,-14.033566199999782,-171.52585999999994
10207,,,-14.033629799999341,-171.52587139999966
3373,,,-14.033693999999096,-171.52595184999947
18229,,,-14.034654600003305,-171.5238135500001
12126,,,-14.038241219027027,-171.5236839855991
11961,,,-14.038108127201614,-171.5236818540255
14401,,,-14.039533050001548,-171.52418714999882
3422,,,-14.034534254539194,-171.52489697112992
3387,,,-14.034085862101735,-171.52517547573356
10837,,,-14.03566333924896,-171.52389888822165
3109,,,-14.035891750007478,-171.5238372999984
5288,Residential,Masonry,-14.040366823039012,-171.52388881851996
11518,Outbuilding,Masonry,-14.040493616834407,-171.5231065860946
6580,Outbuilding,Masonry,-14.04046474131359,-171.523390304635
4125,Residential,Masonry,-14.040102820073175,-171.52308308615324
14504,Residential,Masonry,-14.040048342861423,-171.52331198078087
14298,Residential,Masonry,-14.040373440648844,-171.52246063157023
18873,Fale,Timber,-14.040300594851718,-171.5215231425931
8602,Outbuilding,Masonry,-14.0404577852619,-171.52173774734982
4896,Residential,Masonry,-14.04022461575223,-171.52258595036605
4220,Residential,Masonry,-14.040362502384907,-171.52092369678243
15876,Outbuilding,Masonry,-14.040119538246241,-171.52449734972456
5615,Fale,Masonry,-14.040277112142556,-171.524386162903
7284,Outbuilding,Masonry,-14.040784690544562,-171.52125888080317
13827,Residential,Masonry,-14.04088627669052,-171.52132866842297
1811,,,-13.92688753258814,-171.77908860730687
4776,,,-13.92412311597169,-171.78438836691842
19146,,,-13.917346100003174,-171.78868599999703
3136,,,-13.913160955379249,-171.78346262884224
4437,,,-13.923958494534645,-171.7843498214409
1779,,,-13.917167722084193,-171.78766111136318
11224,,,-13.913435450000435,-171.781975349999
9681,,,-13.914339899947635,-171.78272139993723
6501,,,-13.91603517836959,-171.79193529192975
5214,,,-13.91714741140143,-171.7886380815416
3319,,,-13.914302286890846,-171.7825239667899
18685,,,-13.919172083922366,-171.78454148542556
9215,,,-13.914991800000296,-171.79189199999678
5149,,,-13.917725872176275,-171.7877817602977
3272,,,-13.916500364392444,-171.79042308523108
3322,,,-13.923357680622473,-171.79703525300943
344,,,-13.915892700011542,-171.792241950007
11856,,,-13.923501994085898,-171.7970085833418
15473,,,-13.915833705631666,-171.79252850802976
13195,,,-13.915155745409967,-171.78903336922716
16091,,,-13.933831450002966,-171.53090914999845
15001,,,-13.934210028638853,-171.53106643364976
16429,,,-13.934271273396146,-171.53142799205003
4989,,,-13.934060194261498,-171.5311832808696
15744,,,-13.934178369995024,-171.5316175436835
1812,,,-13.933687502177968,-171.5309545677259
5400,,,-13.934031350000598,-171.53138050000192
8047,,,-13.934416473748476,-171.53210652847102
1078,,,-13.933159546760548,-171.5305180780486
3039,Residential,Masonry,-13.934189963025126,-171.53211063124124
1672,Outbuilding,Masonry,-13.934308350000965,-171.53232765000007
5907,Residential,Masonry,-13.934070078103288,-171.5323351720363
13052,Residential,Masonry,-13.93381184012864,-171.53112531435386
4685,Outbuilding,Masonry,-13.935820391113452,-171.53462575027038
16084,Outbuilding,Timber,-13.93570164816998,-171.53476101828514
18443,,,-13.94154777031074,-171.53944107123482
9550,,,-13.941175499551216,-171.53926303292863
12016,Residential,Masonry,-13.941109855213908,-171.53933294480598
13184,,,-13.941207319874017,-171.53953210363642
13301,Residential,Masonry,-13.93833412494547,-171.5385107227655
7752,,,-13.943967944671678,-171.54684901628025
3379,,,-13.944127112241427,-171.54757645239874
9641,Outbuilding,Masonry,-13.942463082109374,-171.5431255050245
2297,Residential,Masonry,-13.938186182121253,-171.53849480194208
1551,Religious,Masonry,-13.94225401701242,-171.54388845044227
16254,Residential,Masonry,-13.941663739264047,-171.54264510234245
10669,Outbuilding,Masonry,-13.942412977851625,-171.54266067284885
3079,Residential,Masonry,-13.943724642333754,-171.54810873374473
16601,Religious,Masonry,-13.94216329827536,-171.5440322002255
15967,Residential,Masonry,-13.942346829276088,-171.54297687265196
16124,Outbuilding,Masonry,-13.942530604078119,-171.54413024130352
14034,Residential,Masonry,-13.941585405165565,-171.54250226855476
6438,Residential,Masonry,-13.942293890582558,-171.5427500876562
11517,Residential,Masonry,-13.943270383977165,-171.54452517417647
16579,Residential,Masonry,-13.941948254426668,-171.54324237889634
4826,Outbuilding,Masonry,-13.94415988589774,-171.5457273409472
14466,Residential,Masonry,-13.942165855458374,-171.54261728413857
2742,Residential,Masonry,-13.942758915964296,-171.54451895385367
18889,Residential,Masonry,-13.943719391645537,-171.54598680208017
14976,Outbuilding,Masonry,-13.941852473914672,-171.54148660467843
8737,Religious,Masonry,-13.942141952352406,-171.5424554065579
8339,Residential,Masonry,-13.942632068997773,-171.54438761846984
10673,Residential,Masonry,-13.941904237028043,-171.5419066448937
18543,Residential,Masonry,-13.94402361299725,-171.54579265684285
19049,Outbuilding,Masonry,-13.942123880437176,-171.54090608310665
15223,Outbuilding,Masonry,-13.943836837430576,-171.54626393071257
13561,Residential,Masonry,-13.942028435237063,-171.54223497509642
14216,Residential,Masonry,-13.9425929598597,-171.54427041424424
9255,Outbuilding,Masonry,-13.942167997927172,-171.54145753368255
6291,Residential,Masonry,-13.941817328578987,-171.54159953992723
6238,Residential,Masonry,-13.94343679041038,-171.5452051485792
17036,Residential,Masonry,-13.942198340848057,-171.54224944454964
1540,Residential,Masonry,-13.942699024287279,-171.54385924930207
5859,Residential,Masonry,-13.942011188150637,-171.54096036532601
19985,Residential,Masonry,-13.942985656196619,-171.54420807138945
497,Residential,Masonry,-13.942654043261426,-171.54370110247055
14038,Outbuilding,Masonry,-13.94194045579486,-171.54413859847497
9889,Residential,Masonry,-13.942483530413003,-171.54324037922063
1849,Residential,Masonry,-13.942816414241396,-171.544125028627
5887,Residential,Masonry,-13.94309490683711,-171.54451663743538
19339,,,-14.03182152460191,-171.63640961096212
9655,Residential,Masonry,-13.943152399477672,-171.5697802024878
8131,Residential,Masonry,-13.943217705167916,-171.5696121738312
17568,Residential,Masonry,-13.942798045584997,-171.5705124213241
986,Residential,Masonry,-13.942945579607986,-171.57058059582445
12751,Residential,Masonry,-13.942780147661008,-171.5710063898212
5617,Residential,Masonry,-13.943213277439089,-171.5706098860047
10475,Residential,Masonry,-13.943201979931793,-171.5707388188024
2775,Residential,Masonry,-13.943068963695417,-171.57045695633738
9459,Residential,Masonry,-13.942826906123516,-171.57035064179152
845,Residential,Masonry,-13.942713675084995,-171.57028337315944
1017,Residential,Masonry,-13.94252672568137,-171.5705254803843
14217,Residential,Masonry,-13.942481626928249,-171.57046583134752
19134,Outbuilding,Masonry,-13.942975057307839,-171.56579738951496
4969,Outbuilding,Masonry,-13.94294281881555,-171.57042064562512
12010,Outbuilding,Masonry,-13.943002026872078,-171.5704189241747
11308,Outbuilding,Masonry,-13.943108356497783,-171.5702576690669
4254,Outbuilding,Masonry,-13.942943204785657,-171.57068131688698
17738,Outbuilding,Masonry,-13.942840566133334,-171.57065675560122
19597,Outbuilding,Masonry,-13.942785441986874,-171.57061418570308
5521,Outbuilding,Masonry,-13.942659031169576,-171.57048805401706
9834,Outbuilding,Masonry,-13.94284088260675,-171.57105930671696
14688,Outbuilding,Masonry,-13.942258041616874,-171.5702051231084
17935,Outbuilding,Masonry,-13.941974910832364,-171.5700230265517
7246,Outbuilding,Masonry,-13.942155588429742,-171.57012775620964
15827,Outbuilding,Masonry,-13.94262644538681,-171.56931227751326
7545,Outbuilding,Masonry,-13.943420501441103,-171.56953237066529
1839,Outbuilding,Masonry,-13.943287304732511,-171.56998903653766
2730,Outbuilding,Masonry,-13.943525920939102,-171.57108515310972
3963,Outbuilding,Masonry,-13.943486888065918,-171.5711591650536
1396,Outbuilding,Masonry,-13.942012547123927,-171.56995387070646
5115,Residential,Masonry,-13.940495647493972,-171.57152735347762
288,Outbuilding,Masonry,-13.940535049501682,-171.5716058869231
10733,,,-13.93259500000029,-171.5625965000012
10547,,,-13.932298950004773,-171.56167759999653
361,,,-13.932537079743168,-171.5622617599138
10375,,,-13.932238021098634,-171.5615052828486
8974,Residential,Masonry,-13.93585356427079,-171.56619650461425
19156,,,-13.932642778902448,-171.56271399463677
4548,,,-13.930505200005117,-171.5595167999939
8436,,,-13.931773850001566,-171.56127149999833
11944,,,-13.931442283646733,-171.56127920088227
2378,Residential,Masonry,-13.931198383692019,-171.5598657210088
4013,,,-13.931032597293244,-171.56006983287864
9529,,,-13.932032000005714,-171.56131539999245
5858,,,-13.931912800000516,-171.5613017999995
19107,,,-13.931092257401357,-171.55994154871152
12296,,,-13.932000339018593,-171.56168720829479
19318,Residential,Masonry,-13.935994355322693,-171.56628468417057
9483,Residential,Masonry,-13.93247101380188,-171.56074512994638
8400,Residential,Masonry,-13.932432024320413,-171.56091950980115
4786,Residential,Masonry,-13.930891887745368,-171.55917201180796
17333,,,-13.929629266565227,-171.5582015469846
12733,Residential,Masonry,-13.929655436500294,-171.5583900569449
8144,,,-13.929423254044506,-171.55830763463763
15215,,,-13.930140244688737,-171.5590783146744
15271,,,-13.930508808244335,-171.55919136445172
112,,,-13.930214950000687,-171.55924429999936
6878,,,-13.929779201927396,-171.558604616621
10825,,,-13.930037150005075,-171.5589141999952
15635,,,-13.929908079813385,-171.5585237100692
19396,,,-13.930215300003171,-171.55939554999676
17375,,,-13.930322014126558,-171.5592806074261
5334,,,-13.92904995031095,-171.55757258340614
14156,,,-13.929127500003196,-171.55751459999698
11149,,,-13.928948194915405,-171.55816518108819
4147,,,-13.929156350002982,-171.55779229999797
1884,Outbuilding,Masonry,-13.930632034341238,-171.55885750784228
3212,Residential,Masonry,-13.929343048329972,-171.5579565428061
10426,Residential,Masonry,-13.930759796836165,-171.55888399620952
6055,Residential,Masonry,-13.929291063336807,-171.55771904497158
1708,Outbuilding,Masonry,-13.929901630278058,-171.5580398726161
2845,,,-13.912764900001209,-171.59876900000015
8495,,,-13.910732531335526,-171.59969984594008
9966,,,-13.895134630686362,-171.59952199604217
8531,,,-13.902762329036737,-171.59908859326396
128,Residential,Masonry,-14.011535636606661,-171.75800050820988
129,Residential,Masonry,-14.011083573524882,-171.75760016449092
130,Outbuilding,Masonry,-14.011352663774478,-171.75765590638582
131,Residential,Masonry,-14.011271265718554,-171.75734490224414
132,Outbuilding,Masonry,-14.011300422097218,-171.75716129885728
133,Outbuilding,Masonry,-14.01146106173497,-171.75719757797333
134,Fale,Masonry,-14.011173871091781,-171.75687425845095
135,Residential,Masonry,-14.011267521057329,-171.7566758318644
136,Residential,Masonry,-14.011475772069643,-171.7565200515117
137,Outbuilding,Masonry,-14.0116960970514,-171.75639919847725
138,Residential,Masonry,-14.011392624267645,-171.75612191424105
139,Outbuilding,Masonry,-14.011473744200204,-171.75598586376384
140,Outbuilding,Masonry,-14.01128969461359,-171.75598413160427
141,Residential,Masonry,-14.011443315902115,-171.75579860095155
142,Residential,Masonry,-14.0112779170032,-171.75569675706572
143,Residential,Masonry,-14.01143358253405,-171.75558589929133
5293,,,-14.004281550000021,-171.74714789999828
19431,,,-14.003672959438202,-171.7471247823158
9312,,,-14.003815939891679,-171.74706441748336
15179,,,-14.003857762501775,-171.74724129232473
5176,,,-14.005479655075863,-171.74755643256628
10460,,,-14.004691092363396,-171.74755811753883
12,Residential,Masonry,-14.028141912182104,-171.77221377759167
11469,Residential,Masonry,-14.020268200001178,-171.41686784999897
18237,Residential,Masonry,-14.058774469954203,-171.42696155266415
13005,Residential,Masonry,-14.058795230237186,-171.42683495869179
13887,Residential,Masonry,-14.063795006548844,-171.41976456864055
981,Tourist Fale,Timber,-14.009233424801625,-171.7937745449343
982,Tourist Fale,Timber,-14.00924132149211,-171.79355740740527
983,Tourist Fale,Timber,-14.00940932435531,-171.79353775446387
984,Tourist Fale,Timber,-14.009463069994089,-171.79375922616728
985,Tourist Fale,Timber,-14.00962808832284,-171.79375544636648
17291,Hotel,Masonry,-14.044010532410837,-171.5440622343392
971,Hotel,Timber,-14.00904252833477,-171.79215238883856
5169,Tourist Fale,Masonry,-14.044173938440561,-171.54409741813177
6703,Outbuilding,Masonry,-13.94183164508037,-171.54363952128887
16030,Hotel,Masonry,-14.00866420801709,-171.79086753958495
13797,Outbuilding,Masonry,-14.01233739248805,-171.77983713922592
7944,,,-14.040212164091917,-171.6614581536239
6216,,,-14.040220236248645,-171.66121760335346
713,Hotel,Timber,-14.040257368169556,-171.6611514116683
13694,Hotel,Timber,-14.040307415541271,-171.66109652100255
18602,Hotel,Timber,-14.040800220709405,-171.65834542908837
8932,Hotel,Timber,-14.040807788356302,-171.65826723007012
19087,Residential,Masonry,-14.01356061483613,-171.42447590561918
2271,Outbuilding,Masonry,-14.012856981071144,-171.42448882107308
17069,Outbuilding,Masonry,-14.012715427729928,-171.42444800824867
15899,Residential,Masonry,-13.995848397950024,-171.42833346016528
13391,Fale,Masonry,-13.995640943514507,-171.4282325582079
462,Residential,Masonry,-14.001864593168905,-171.81540247380642
12829,Residential,Masonry,-14.030554098247228,-171.43428966369365
16652,Outbuilding,Masonry,-14.029773188868925,-171.4349060130402
7973,Outbuilding,Masonry,-14.029867327984944,-171.434243560694
9521,Outbuilding,Masonry,-14.030132254523448,-171.434071666593
8896,Outbuilding,Masonry,-14.030709221871545,-171.43436095693176
10625,Outbuilding,Masonry,-14.029780819098615,-171.43419414520184
1850,Fale,Masonry,-14.03036283058465,-171.43460157479112
6848,Fale,Masonry,-14.030005127112842,-171.4342340443643
2895,Residential,Masonry,-14.02795209767905,-171.43428516880195
1371,Residential,Masonry,-14.027517221331053,-171.43366676102596
12074,Residential,Masonry,-14.027087088785764,-171.43370035638029
16112,Residential,Masonry,-14.027423688849456,-171.4332688091594
11727,Residential,Masonry,-14.025479564288103,-171.43201283709325
14220,Residential,Masonry,-14.02545658061684,-171.43213845378583
2173,Outbuilding,Masonry,-14.028059303554851,-171.43390826280776
7896,Outbuilding,Masonry,-14.027332117789568,-171.4338645328967
7657,Outbuilding,Masonry,-14.027056503463347,-171.43378953791105
2180,Outbuilding,Masonry,-14.02715552035068,-171.4336036280142
5422,Outbuilding,Masonry,-14.027327494253695,-171.43330803769445
4447,Outbuilding,Masonry,-14.027243167272479,-171.4331831998716
2038,Outbuilding,Masonry,-14.027313464612266,-171.433149659177
19349,Outbuilding,Masonry,-14.026436047553522,-171.4325808621807
7724,Outbuilding,Masonry,-14.02656088472426,-171.4324434667744
11851,Outbuilding,Masonry,-14.025546437057187,-171.43220609534345
3005,Outbuilding,Masonry,-14.02563311194692,-171.4320907584599
9501,Outbuilding,Masonry,-14.025545131072851,-171.43228284068115
17197,Outbuilding,Masonry,-14.024325222531042,-171.4330954072073
16829,Residential,Masonry,-14.024274165855761,-171.43320231706807
17380,Fale,Masonry,-14.027733058112082,-171.4338460318784
18071,Fale,Masonry,-14.027112646647861,-171.43402584435069
4675,Fale,Masonry,-14.02718087924979,-171.43367450684133
2635,Fale,Masonry,-14.025846633317984,-171.43169356857774
15050,Fale,Masonry,-14.025666339777704,-171.43215132449274
4637,Fale,Masonry,-14.025448512838565,-171.43223649983906
10057,Fale,Masonry,-14.025296413828114,-171.43252188396724
2606,Fale,Masonry,-14.024414022950678,-171.4331215453146
12647,Outbuilding,Masonry,-14.024696157988396,-171.43252814085045
17324,Residential,Masonry,-14.02729375782354,-171.4293896035293
944,Industrial,Steel,-14.025355171850906,-171.42494475321564
19620,Industrial,Steel,-14.025444325885976,-171.42529808419337
2657,Industrial,Steel,-14.02525067554208,-171.4255534221154
10631,Fale,Timber,-14.021513623914032,-171.42659081979463
1969,Fale,Timber,-14.022550666634778,-171.42619568353567
15055,Residential,Masonry,-14.020776537481323,-171.42475782645528
13881,Outbuilding,Masonry,-14.020752102679646,-171.42467558846133
3752,Fale,Timber,-14.019850842659594,-171.42545854753226
5972,Fale,Timber,-14.019977380349877,-171.42558486580685
11782,Residential,Masonry,-14.018312625803594,-171.4243720144795
19734,Residential,Masonry,-14.01985469815924,-171.42600941993516
7815,Residential,Timber,-14.02014411764808,-171.42570705942808
11439,Outbuilding,Timber,-14.020193272941016,-171.4256175899041
2343,Outbuilding,Masonry,-14.01965761222732,-171.4257734070177
11897,Outbuilding,Timber,-14.019469409782893,-171.42529024733255
17305,Outbuilding,Timber,-14.01891442995313,-171.42595233863227
4546,Residential,Masonry,-14.021038853402594,-171.4257554530117
5630,Outbuilding,Timber,-14.021062505390935,-171.4260466361142
8655,Outbuilding,Timber,-14.021036749480253,-171.4259848327528
3459,Residential,Timber,-14.021194364376296,-171.42578305800004
18713,Fale,Timber,-14.021826037567276,-171.42596472009492
13242,Residential,Masonry,-14.02166593517978,-171.4258190893019
9560,Outbuilding,Timber,-14.021453754475678,-171.42587188752606
5581,Residential,Masonry,-14.021572275583784,-171.42560518024356
19759,Outbuilding,Timber,-14.021770065260707,-171.42590560393953
10144,Outbuilding,Timber,-14.021755423294048,-171.42604408832182
1085,Residential,Masonry,-14.021891796890445,-171.4257804413741
10009,Residential,Masonry,-14.021312990839673,-171.4256737028003
510,Residential,Masonry,-14.021404586145962,-171.4255157968537
3326,Commercial,Masonry,-14.021196804149607,-171.42549527784988
1517,Commercial,Masonry,-14.021088650301294,-171.4253594595032
15811,Residential,Masonry,-14.020929964535393,-171.42532179858
5181,Outbuilding,Masonry,-14.020939209602945,-171.42549884313758
6897,Residential,Timber,-14.020569888413169,-171.42545405426938
7592,Outbuilding,Timber,-14.020404183495868,-171.42549628102742
11354,Outbuilding,Masonry,-14.020638049621283,-171.42586190777106
889,Residential,Masonry,-14.020083071155726,-171.4254810977959
12330,Residential,Masonry,-14.019917901443076,-171.42527588181443
10247,Outbuilding,Timber,-14.019851335951328,-171.42532275039497
6512,Residential,Masonry,-14.020038034716896,-171.4248780912883
11310,Residential,Masonry,-14.019757204471219,-171.4249365507072
18586,Residential,Masonry,-14.019667284180022,-171.42525178331587
2329,Fale,Timber,-14.019619945501121,-171.42543096109355
1562,Residential,Masonry,-14.019513147310889,-171.42515239183746
5825,Religious,Masonry,-14.02032310833003,-171.42512077653555
8394,Residential,Masonry,-14.020623037517442,-171.4253174597254
7228,Residential,Masonry,-14.01899903779454,-171.42465719249518
5690,Residential,Masonry,-14.018925809942933,-171.42478349262797
16404,Outbuilding,Timber,-14.019064202121305,-171.42484712330642
14162,Residential,Masonry,-14.01920463586948,-171.42480345955713
14147,Residential,Masonry,-14.01922916015578,-171.42462550684928
5568,Residential,Timber,-14.018880857549362,-171.425402773008
14048,Outbuilding,Timber,-14.018801944358575,-171.42552463765145
19882,Outbuilding,Timber,-14.018792918350329,-171.42528793617603
13064,Residential,Timber,-14.018872740760731,-171.42568461788852
7605,Residential,Masonry,-14.01856401819477,-171.42441773727282
16744,Outbuilding,Timber,-14.021434949017179,-171.43011157373255
13762,Residential,Masonry,-14.02140944345711,-171.43023729626736
446,Outbuilding,Masonry,-14.019579887340168,-171.4259249057345
16236,Residential,Masonry,-14.020522271803621,-171.4259734813331
1757,Outbuilding,Masonry,-14.02129274263529,-171.43029303438485
487,Outbuilding,Masonry,-14.02129357279903,-171.430439843444
15392,Residential,Masonry,-14.019093537054292,-171.43155431218676
5010,Residential,Masonry,-14.019135310192368,-171.43143879837143
16425,Residential,Masonry,-14.019655920686423,-171.43056247841665
1657,Residential,Masonry,-14.019571950665696,-171.43044137103786
5098,Residential,Masonry,-14.019096300158683,-171.42999130100262
7270,Residential,Masonry,-14.018960175533856,-171.4302282598804
3760,Residential,Masonry,-14.018826650001353,-171.42997147704963
18311,Residential,Masonry,-14.01912556471752,-171.43028257963755
8414,Residential,Masonry,-14.017761147182021,-171.43160228114186
18837,Outbuilding,Masonry,-14.019800072834823,-171.43056293209779
1750,Outbuilding,Masonry,-14.01946060405995,-171.43048056559326
406,Outbuilding,Masonry,-14.018584693562278,-171.4300958127593
6777,Outbuilding,Masonry,-14.02019292632275,-171.42446218844512
6416,Outbuilding,Masonry,-14.020250374643098,-171.42449361539332
18634,Residential,Masonry,-14.020152759241181,-171.42454851204832
4655,Residential,Masonry,-14.01755656880986,-171.42612561397613
2850,Residential,Masonry,-14.01709131721124,-171.42593119282844
12283,Residential,Timber,-14.017548115314513,-171.42623763593886
10297,Residential,Masonry,-14.01734909003332,-171.42622711361804
4433,Outbuilding,Timber,-14.017395243532393,-171.4265614372496
9018,Outbuilding,Timber,-14.01756509259485,-171.42636120649652
18410,Residential,Masonry,-14.017405274130752,-171.4245039172025
10483,Residential,Masonry,-14.017524683875697,-171.42448331265678
3171,Outbuilding,Timber,-14.017308267039118,-171.4247292128712
181,Residential,Masonry,-14.016519198421342,-171.42550573697892
1236,Residential,Masonry,-14.016436889147684,-171.4253629973038
9754,Fale,Timber,-14.016603891857377,-171.42535733282241
16214,Residential,Masonry,-14.016429933903359,-171.4256759138471
8329,Fale,Timber,-14.016139089617022,-171.42700883226016
12136,Outbuilding,Masonry,-14.016959245846294,-171.42594615440854
4849,Outbuilding,Masonry,-14.015326793931177,-171.42875824751022
5142,Residential,Masonry,-14.015725500002125,-171.42937874999993
9969,Residential,Masonry,-14.01589488942033,-171.42897709452978
18010,Residential,Masonry,-14.01626785857348,-171.4248374247667
6575,Residential,Masonry,-14.016247749986206,-171.42461945016828
13290,Residential,Timber,-14.017252386143978,-171.42641485758605
1697,Residential,Masonry,-14.017103053621096,-171.42624465942853
11417,Residential,Timber,-14.01700483030946,-171.42640586476384
1396,Residential,Timber,-14.017134132602465,-171.42647907576088
1531,Outbuilding,Timber,-14.01698792912145,-171.42657044991026
14122,Religious,Masonry,-14.017195954859602,-171.4243913161942
10338,Residential,Masonry,-14.017103382960128,-171.424623990696
9559,Residential,Masonry,-14.01712098445395,-171.42472112948624
19305,Residential,Masonry,-14.017286806459117,-171.42463600917432
19794,Outbuilding,Timber,-14.016410253031516,-171.42480786730565
13938,Residential,Masonry,-14.016288216697182,-171.42470248507303
10903,Residential,Masonry,-14.016407985226538,-171.42516640695263
7550,Outbuilding,Masonry,-14.01674788983112,-171.4250573985153
6896,Residential,Masonry,-14.016585811755293,-171.42513993339074
2560,Fale,Timber,-14.016323488090467,-171.42598717239625
18417,Fale,Timber,-14.016289874370699,-171.42570537982158
17268,Outbuilding,Masonry,-14.016480962196349,-171.42574465151142
17247,Residential,Masonry,-14.015762728657458,-171.425921037878
7712,Residential,Masonry,-14.015876553370534,-171.42597648161183
9172,Residential,Masonry,-14.015885522144416,-171.4261076332365
429,Residential,Timber,-14.016048007180716,-171.42595920558983
4482,Residential,Masonry,-14.016050158332883,-171.42572256777416
10986,Fale,Timber,-14.015712591633868,-171.42566238193916
12413,Residential,Masonry,-14.015366487476157,-171.42590576774742
8251,Residential,Masonry,-14.01547599350228,-171.4257322790331
16258,Residential,Masonry,-14.015573577114939,-171.42586887673912
19558,Residential,Masonry,-14.015267453967995,-171.42544862097918
5419,Residential,Masonry,-14.015240895778827,-171.42529985709893
16082,Residential,Masonry,-14.015292762251754,-171.4256029497572
3010,Residential,Masonry,-14.015214932948885,-171.4251324604017
10369,Residential,Masonry,-14.015045522312406,-171.42511197720094
19142,Residential,Timber,-14.015016337718356,-171.42522044383648
3718,Residential,Masonry,-14.015952753302086,-171.42487965083396
4930,Residential,Masonry,-14.015749395280649,-171.4248949756542
15062,Residential,Masonry,-14.015956434905974,-171.42460710862386
7717,Residential,Masonry,-14.015686819278667,-171.4245032271476
15405,Residential,Masonry,-14.015406280240043,-171.42495737331993
8784,Residential,Masonry,-14.0152349931984,-171.42459809558312
13442,Residential,Masonry,-14.015403358501656,-171.42455004045817
8551,Outbuilding,Timber,-14.015172957304804,-171.42553931410572
4690,Outbuilding,Timber,-14.015168706853503,-171.42560810097834
16623,Outbuilding,Masonry,-14.015101859604744,-171.4246054184922
14436,Residential,Masonry,-14.015218698152554,-171.42483361317196
13097,Residential,Masonry,-14.015234860125522,-171.42494695568413
15861,Outbuilding,Masonry,-14.015286495757621,-171.42484110235463
9580,Outbuilding,Timber,-14.01535702618327,-171.4248336735736
10482,Residential,Masonry,-14.014939391409605,-171.42466021833033
2242,Residential,Masonry,-14.015556428834213,-171.42484910257926
5956,Outbuilding,Masonry,-14.015049107878978,-171.42504070815343
1663,Fale,Masonry,-14.015118424210286,-171.4248770007419
13761,Residential,Timber,-14.015439057342766,-171.4248012428387
14850,Fale,Timber,-14.015101651680824,-171.42525579816936
9109,Fale,Timber,-14.015144924337218,-171.42544316193116
848,Fale,Timber,-14.015527328896534,-171.42468194336269
841,Fale,Timber,-14.01602434262636,-171.42610692794776
13177,Outbuilding,Timber,-14.015838737927634,-171.42829166831095
8518,Fale,Timber,-14.015802106265836,-171.42571134557502
7728,Residential,Masonry,-14.015457534859607,-171.4309270379879
6059,Residential,Masonry,-14.01514625708643,-171.42959548320584
4633,Residential,Masonry,-14.015279486392261,-171.4289212236243
10328,Outbuilding,Masonry,-14.016339686671015,-171.42892254561315
5623,Outbuilding,Masonry,-14.016291293899716,-171.4290214193691
13407,Outbuilding,Masonry,-14.0165291067376,-171.42889077427628
15837,Outbuilding,Masonry,-14.016627292896992,-171.42884265645063
8494,Outbuilding,Masonry,-14.015185830777446,-171.42911462837236
10255,Outbuilding,Masonry,-14.015810191244912,-171.42918196210084
1630,Outbuilding,Masonry,-14.015139736916282,-171.42970318069308
11948,Fale,Masonry,-14.016400515931252,-171.42859405720705
9986,Fale,Masonry,-14.01572077722918,-171.42956309115596
11999,Residential,Masonry,-14.016798155832365,-171.42465066424342
17954,,,-14.014694944319263,-171.42919342456833
11909,Residential,Masonry,-14.014435469036407,-171.43002313378855
15660,Residential,Masonry,-14.014367143201634,-171.4301364619989
19174,Outbuilding,Masonry,-14.013986946595228,-171.42878387176762
12132,Residential,Masonry,-14.014972192830518,-171.42562725869908
8577,Residential,Masonry,-14.014911000408956,-171.4254082249634
3717,Residential,Masonry,-14.01475907237228,-171.42545345757333
16968,Residential,Masonry,-14.014698651159518,-171.42471325294048
14307,Residential,Masonry,-14.014472134648397,-171.4260281723852
1606,Residential,Masonry,-14.014358459422954,-171.42545319090698
19850,Residential,Masonry,-14.014402344209591,-171.42567832621808
13325,Residential,Masonry,-14.014320883833658,-171.4260434084127
7847,Outbuilding,Timber,-14.014446675229973,-171.42614602318557
10536,Residential,Masonry,-14.014035602793902,-171.42560657219627
1043,Residential,Masonry,-14.015014752663072,-171.42604503632793
10482,Outbuilding,Timber,-14.015022285435133,-171.42620106066357
11309,Residential,Masonry,-14.014186766040478,-171.42437985115026
15668,Residential,Masonry,-14.014178392213406,-171.4246542069874
8414,Outbuilding,Timber,-14.014072352181799,-171.42432264694804
18851,Residential,Masonry,-14.013926856972919,-171.42515084468647
2574,Residential,Masonry,-14.014044857815028,-171.4251155570969
15156,Community,Masonry,-14.013613077919977,-171.4250453122793
18611,Residential,Masonry,-14.01344245536321,-171.42448063721073
18525,Residential,Masonry,-14.013652130643573,-171.42446491931534
12517,Residential,Masonry,-14.012912759623445,-171.4249492318285
8145,Outbuilding,Masonry,-14.012978770512802,-171.4252180514451
2930,Outbuilding,Timber,-14.013141055358787,-171.42521735253519
12936,Outbuilding,Timber,-14.013131358794764,-171.42509421595574
5622,Residential,Masonry,-14.014210356202668,-171.4255775811552
15832,Commercial - not verified,Masonry,-14.013921625980217,-171.42441623101874
8690,Residential,Masonry,-14.014565919322859,-171.4255009652742
9079,Education,Masonry,-14.013293758308453,-171.42560082926386
10602,Residential,Masonry,-14.013286930467762,-171.42513838852892
15025,Religious,Masonry,-14.013181515308458,-171.42491342141506
8379,Fale,Masonry,-14.01464253749954,-171.42519143047906
19172,Outbuilding,Timber,-14.014386651983406,-171.42439143855546
5345,Outbuilding,Timber,-14.015024287621541,-171.4255256541962
2049,Outbuilding,Masonry,-14.01462259788055,-171.4281301273335
18577,Residential,Masonry,-14.014920890258427,-171.4311966625942
9750,Residential,Masonry,-14.014962360655565,-171.43098914002937
17385,Residential,Masonry,-14.014738804327834,-171.43034425074433
8794,Residential,Masonry,-14.014547912037598,-171.43057421445187
12992,Fale,Masonry,-14.014687200217645,-171.43086360041343
5926,Fale,Masonry,-14.014716401372079,-171.43049680479163
13673,Outbuilding,Masonry,-14.014458369702425,-171.43016135993622
17245,Residential,Masonry,-14.014217534438151,-171.4308899692594
1670,Residential,Masonry,-14.013941722681816,-171.42996392615225
10932,Outbuilding,Masonry,-14.01405299592559,-171.4298926321012
1475,Outbuilding,Masonry,-14.013965201098236,-171.42888591305527
4002,Residential,Masonry,-14.014013546777955,-171.42833024857043
1957,Residential,Masonry,-14.013971572872068,-171.42825560800983
4002,Outbuilding,Masonry,-14.012691248209748,-171.4291836910182
6097,Residential,Masonry,-14.01278688009983,-171.4291486816988
12104,Outbuilding,Masonry,-14.012944074198366,-171.4292690970893
5870,Outbuilding,Masonry,-14.014102566826253,-171.42418416876
13317,Residential,Masonry,-14.014210665814206,-171.42420434950435
10455,Outbuilding,Timber,-14.014038923825881,-171.42425962176668
13914,Residential,Masonry,-14.013745331977736,-171.42443859981822
13197,Residential,Masonry,-14.012762356656188,-171.42453049751884
4944,,,-14.005013550000832,-171.4279228999999
16552,,,-14.011429676293714,-171.42928286447295
15832,,,-14.011549100001789,-171.42907430000056
10043,,,-14.005014238847307,-171.42782837241327
3566,,,-14.011370300662431,-171.4301075863322
19587,,,-14.004508900000543,-171.42731515000003
3325,,,-14.005221491136815,-171.427406806765
8435,Outbuilding,Masonry,-14.011833282379971,-171.42828041361687
6300,Outbuilding,Masonry,-14.01122172515833,-171.42989091749072
11661,Residential,Masonry,-14.01124654592888,-171.42862707922842
13026,Education,Masonry,-14.01308956880737,-171.42546419208193
4225,Education,Masonry,-14.012497747987226,-171.42579595443638
7000,Education,Masonry,-14.012691256737655,-171.42583407049372
13958,Education,Masonry,-14.012635181571385,-171.42556658872041
7614,Education,Masonry,-14.012367284968562,-171.42560510144236
17719,Outbuilding,Timber,-14.012712061768442,-171.425178921237
15186,Residential,Masonry,-14.012753654227184,-171.4250282488459
13789,Religious,Masonry,-14.003255236085788,-171.42680509771068
18694,Residential,Masonry,-14.003132863839689,-171.42657048879948
14281,Residential,Masonry,-14.003764754526053,-171.4257786806642
11113,Fale,Timber,-14.003429452085104,-171.42673942621727
16045,Residential,Masonry,-14.003399808762294,-171.42493433123508
13125,Residential,Masonry,-14.00346286386029,-171.42475329623713
646,Outbuilding,Timber,-14.003380583233689,-171.42484356110276
6459,Religious,Masonry,-14.004002103822522,-171.425305695957
7355,Residential,Masonry,-14.003720859649325,-171.42532183782592
9002,Residential,Masonry,-14.00389858702491,-171.42483235400945
16728,Residential,Masonry,-14.004024895539006,-171.42509810894893
18745,Residential,Masonry,-14.004029506833994,-171.42495711218785
15649,Residential,Masonry,-14.00433289329031,-171.425736187326
18935,Residential,Masonry,-14.004389788808634,-171.42494457516779
12451,Residential,Masonry,-14.004301238712003,-171.42509303952582
16844,Commercial,Timber,-14.004274677899222,-171.42543241902962
7866,Residential,Masonry,-14.00452827841827,-171.42573580309968
10342,Residential,Masonry,-14.004981663341445,-171.425128891431
14412,Residential,Masonry,-14.004830045067752,-171.4250258082077
14748,Residential,Masonry,-14.005031588016287,-171.42562026294488
4137,Residential,Masonry,-14.004683993098721,-171.42580788341368
5105,Residential,Masonry,-14.004696128303854,-171.4249848102726
8204,Outbuilding,Masonry,-14.004669505536484,-171.42507843064138
1345,Residential,Masonry,-14.005172033187527,-171.42511936286292
18117,Residential,Masonry,-14.005175692747217,-171.42559295147677
14285,Residential,Masonry,-14.004851837653876,-171.42566080366052
8755,Residential,Masonry,-14.004337016625765,-171.4264299082726
14958,Residential,Masonry,-14.003718462334291,-171.4268488952829
19962,Residential,Masonry,-14.003953375107194,-171.4257900894828
17483,Residential,Masonry,-14.005531938430533,-171.42490120251134
3279,Residential,Masonry,-14.005298108161508,-171.42510776129654
3244,Outbuilding,Timber,-14.005413731889774,-171.4249476251153
1018,Residential,Masonry,-14.005521022796248,-171.4250650377199
11004,Outbuilding,Masonry,-14.00588325647858,-171.42561148374853
9259,Outbuilding,Masonry,-14.006125049886299,-171.42570672554535
11320,Residential,Masonry,-14.006158842060016,-171.42558070976517
17406,Residential,Masonry,-14.006002241174834,-171.42552186556662
4143,Residential,Masonry,-14.006155436016009,-171.42547604444314
13325,Residential,Masonry,-14.00630382942704,-171.42549348289202
14050,Outbuilding,Timber,-14.004816228688327,-171.42600713951828
3483,Outbuilding,Timber,-14.00455944580827,-171.42584698713148
18738,Outbuilding,Timber,-14.00475667651326,-171.42576225656447
5996,Outbuilding,Timber,-14.005031812642668,-171.42573474899214
11982,Residential,Masonry,-14.004710292563814,-171.42564958213762
15497,Outbuilding,Timber,-14.005323444434026,-171.42570365476874
3523,Residential,Masonry,-14.006465839462162,-171.42548864085092
1938,Residential,Masonry,-14.006442737325653,-171.425672949069
4698,Outbuilding,Masonry,-14.00651792963448,-171.42561637126818
10866,Residential,Masonry,-14.006822029495535,-171.4255900812041
11891,Residential,Masonry,-14.00682199839205,-171.4257179460511
15750,Residential,Masonry,-14.007211182023505,-171.42504137136964
186,Residential,Masonry,-14.006969921354793,-171.42567628874139
9056,Outbuilding,Timber,-14.007112700790037,-171.42585781066947
9364,Residential,Masonry,-14.007123344339712,-171.42568510639563
9216,Residential,Masonry,-14.007918834952681,-171.42501779827523
14338,Outbuilding,Masonry,-14.00785527948726,-171.42563999883865
16368,Residential,Masonry,-14.007427588685449,-171.42554273725483
15320,Residential,Masonry,-14.007436673655995,-171.42538317422
17557,Residential,Masonry,-14.008370392692088,-171.4256396991702
792,Outbuilding,Masonry,-14.008545491072299,-171.4256942778381
8831,Residential,Masonry,-14.008675999800278,-171.42564773555216
2511,Residential,Masonry,-14.008517762959194,-171.42551647391133
19442,Residential,Masonry,-14.008346862561625,-171.4250048847822
8053,Residential,Masonry,-14.00818088429043,-171.42501902215758
14876,Residential,Masonry,-14.008861666721163,-171.42552725563388
17414,Residential,Masonry,-14.009187913264814,-171.42539881979587
18309,Residential,Masonry,-14.009030413509864,-171.42553528786323
8253,Residential,Masonry,-14.009399666907207,-171.42567503373604
2669,Outbuilding,Masonry,-14.009142222497257,-171.4255768824836
4654,Outbuilding,Masonry,-14.009506031818319,-171.42559365970848
11049,Outbuilding,Masonry,-14.009495178310074,-171.42577960848033
19800,Outbuilding,Masonry,-14.0092323264468,-171.42553534295845
15701,Outbuilding,Masonry,-14.009244235693691,-171.42559361721106
19528,Outbuilding,Timber,-14.009115078706918,-171.42571434896436
14145,Residential,Masonry,-14.009664112706085,-171.4254970659787
14882,Residential,Masonry,-14.009689668266374,-171.4253839127037
14666,Outbuilding,Masonry,-14.009730863439046,-171.42560135777975
14098,Outbuilding,Masonry,-14.00969947149371,-171.42565868413868
17105,Residential,Masonry,-14.010830068744932,-171.42534173860662
1951,Residential,Masonry,-14.01057301223116,-171.42538766894657
13643,Residential,Masonry,-14.010590471032872,-171.4255190896712
4354,Residential,Masonry,-14.010885132092195,-171.42555500107693
18328,Residential,Masonry,-14.011089648225665,-171.42567304353594
3224,Residential,Masonry,-14.011245687120304,-171.42562281819707
4274,Residential,Masonry,-14.011333630593889,-171.42590566167806
8633,Outbuilding,Timber,-14.011022968241312,-171.42595760208928
9514,Outbuilding,Timber,-14.010850887206105,-171.42570128335169
7709,Outbuilding,Timber,-14.011084662171779,-171.42607315702506
2867,Residential,Timber,-14.011750019135258,-171.42582309923543
10801,Residential,Masonry,-14.011432371428425,-171.4250348016296
11314,Outbuilding,Timber,-14.01283108761036,-171.42688246589086
11367,Outbuilding,Timber,-14.01195036615948,-171.42822887942725
12293,Religious,Masonry,-14.011031517508323,-171.42519207046334
5576,Residential,Masonry,-14.011346524434419,-171.42526199724355
5119,Residential,Masonry,-14.01113752235267,-171.42591086304432
17777,Fale,Masonry,-14.01244606087137,-171.4262298328688
3007,Outbuilding,Timber,-14.011617562203263,-171.42536366311435
7985,Outbuilding,Masonry,-14.011650036438741,-171.42500597804332
13706,Residential,Masonry,-14.010120604986309,-171.42538246932244
5036,Outbuilding,Timber,-14.010072322483186,-171.42555068537118
5721,Outbuilding,Timber,-14.010192806734507,-171.42552597684033
14080,Outbuilding,Timber,-14.010189124719822,-171.42558017746032
16941,Outbuilding,Timber,-14.010033944013866,-171.4256840219971
7575,Fale,Masonry,-14.00826453655237,-171.42543184598443
11990,Residential,Timber,-14.009876698257472,-171.42533752025955
5865,Residential,Masonry,-14.004050583005421,-171.42465019825613
7809,Outbuilding,Masonry,-14.005399856587081,-171.42631433085958
15266,Outbuilding,Masonry,-14.00431533659032,-171.42660730775657
18395,Outbuilding,Masonry,-14.004261322715085,-171.42462850987832
19773,Residential,Masonry,-14.006761423663857,-171.425921879539
18726,Residential,Masonry,-14.006866542699676,-171.42589186017892
16332,Residential,Masonry,-14.003213498762946,-171.42736323210607
4996,Outbuilding,Masonry,-14.011875755960068,-171.42839780873737
5153,Residential,Masonry,-14.003199205913308,-171.42708439604493
18479,Residential,Masonry,-14.011998812519645,-171.42988674449612
5516,Residential,Masonry,-14.011895819320717,-171.4286104167683
9400,Residential,Masonry,-14.011379798705468,-171.42993315896655
6810,Residential,Masonry,-14.01139807669158,-171.42867971170588
16018,Residential,Masonry,-14.011358858827286,-171.428445886247
4417,Outbuilding,Masonry,-14.005309314351251,-171.42558609079214
4040,Outbuilding,Masonry,-14.005629941862482,-171.4271652063725
14034,Outbuilding,Masonry,-14.005224308367394,-171.4270860994981
8977,Outbuilding,Masonry,-14.004732772934066,-171.42675190153724
17019,Residential,Masonry,-14.00452759980631,-171.42680223113675
6172,Outbuilding,Masonry,-14.004528607708801,-171.4268720200113
7415,Residential,Masonry,-14.0038780134063,-171.4272405993098
1967,Outbuilding,Masonry,-14.004740354281951,-171.42703179156777
10185,Outbuilding,Masonry,-14.004091447863056,-171.42716599745347
7599,Outbuilding,Masonry,-14.004098104592723,-171.42709279152382
4305,Outbuilding,Masonry,-14.003779788666014,-171.42725023085202
12523,Outbuilding,Masonry,-14.003594841923338,-171.42694613478727
6232,Outbuilding,Masonry,-14.003569515705069,-171.42711770554115
4278,Outbuilding,Masonry,-14.00362271462102,-171.4271102142874
14001,Fale,Masonry,-14.00336100447694,-171.42696377599768
1063,Fale,Masonry,-14.00339388389727,-171.42685434759161
2719,Outbuilding,Timber,-14.007107538835253,-171.42499604259189
14765,,,-14.000795150002249,-171.42724650000144
4477,,,-14.000425100003092,-171.42788324999557
5261,,,-14.000917952751859,-171.4273792679908
13179,,,-14.002398973357488,-171.4281556217057
796,,,-14.002415535261674,-171.4283479249969
13927,Religious,Masonry,-14.001608404167886,-171.42682977414495
9001,Outbuilding,Masonry,-14.000796150001202,-171.42681240000002
11748,Residential,Masonry,-14.001242196884899,-171.42636508232505
3361,Residential,Masonry,-14.000557187081707,-171.42685956852122
12470,Residential,Masonry,-14.001562078264572,-171.42718701287583
11332,Residential,Masonry,-14.002583647989248,-171.42631712676186
4544,Fale,Timber,-14.001961133363492,-171.4264022337377
3271,Fale,Timber,-14.002515815640143,-171.42646287485724
11987,Residential,Masonry,-14.002988969958771,-171.4261111413876
1893,Residential,Masonry,-14.002914231979217,-171.4256282662415
1106,Fale,Timber,-14.00292442750973,-171.42547891397066
6462,Residential,Masonry,-14.003070267304729,-171.42529935931753
15415,Residential,Masonry,-14.001773964302531,-171.426031221368
15765,Residential,Masonry,-14.002418103199789,-171.42702247038608
1118,Outbuilding,Masonry,-14.005430023307591,-171.79963340511563
1120,Outbuilding,Masonry,-14.00491348300257,-171.79978435048307
1121,Outbuilding,Masonry,-14.00510118981934,-171.8000771121681
1123,Outbuilding,Masonry,-14.004961102825417,-171.79990150795064
1124,Residential,Masonry,-14.004744974271754,-171.80044428003652
1125,Outbuilding,Masonry,-14.004847707068945,-171.8004695753334
1138,Outbuilding,Masonry,-14.006699934383114,-171.80298390894464
1139,Residential,Masonry,-14.00987821125786,-171.8022980600125
1140,Residential,Masonry,-14.009771166371335,-171.80269719548613
1141,Outbuilding,Masonry,-14.009399072397764,-171.80321301631818
1142,Fale,Timber,-14.009514111914683,-171.8033347271686
1143,Outbuilding,Masonry,-14.00939860966143,-171.80338896262987
1144,Outbuilding,Masonry,-14.009562941950374,-171.80421558567477
1145,Outbuilding,Masonry,-14.006114678204389,-171.8028099144711
1194,Outbuilding,Masonry,-14.004529867739674,-171.7996207620441
1195,Outbuilding,Masonry,-14.004552707062558,-171.79949105172477
1196,Outbuilding,Masonry,-14.004620471087811,-171.79947498157196
1202,Fale,Masonry,-14.00461026054311,-171.79761629853223
1682,Outbuilding,Masonry,-14.003904100628354,-171.81024636932588
1684,Outbuilding,Masonry,-14.003340494530843,-171.808659787235
1720,Fale,Masonry,-14.00729541053516,-171.81081439873773
987,Tourist Fale,Masonry,-14.007621133242742,-171.79457173505264
988,Tourist Fale,Masonry,-14.007571882102868,-171.79454575913743
989,Tourist Fale,Masonry,-14.007522087089765,-171.7945214397859
990,Tourist Fale,Masonry,-14.00747619696234,-171.79449408044994
991,Tourist Fale,Masonry,-14.00742671644785,-171.79447377388286
1001,Residential,Masonry,-14.006031738627188,-171.79122165631554
1002,Outbuilding,Masonry,-14.005644983594419,-171.7912767653542
1003,Outbuilding,Masonry,-14.005250323515547,-171.79109387202666
1004,Residential,Masonry,-14.005289939350677,-171.79162544962242
1005,Residential,Masonry,-14.005382868830972,-171.7916388524514
1006,Outbuilding,Masonry,-14.005081471356492,-171.79166672587732
1007,Outbuilding,Masonry,-14.00514845352173,-171.79180320638704
1008,Residential,Masonry,-14.00529293276313,-171.79207882494865
1009,Outbuilding,Masonry,-14.00539192829799,-171.7922481428738
1010,Fale,Masonry,-14.005430752423358,-171.79212878766265
1011,Outbuilding,Masonry,-14.005988819368925,-171.792258932668
1020,Residential,Masonry,-14.005316424160112,-171.79301469430982
1039,Outbuilding,Masonry,-14.005127954505213,-171.7900805975934
1042,Residential,Masonry,-14.004520858126513,-171.78801931011802
1043,Residential,Masonry,-14.004656605700605,-171.7880891187555
1044,Outbuilding,Masonry,-14.004720318208747,-171.78788490400132
1045,Outbuilding,Masonry,-14.004535366814524,-171.78831132325672
1046,Outbuilding,Masonry,-14.004562805078725,-171.78901492889256
1047,Residential,Reinforced Concrete,-14.004082881863688,-171.78869426753207
1048,Outbuilding,Masonry,-14.003873429121517,-171.7885052382233
1049,Residential,Masonry,-14.004468438520078,-171.7899232812069
1050,Residential,Masonry,-14.00453874940012,-171.7904599214052
1051,Residential,Masonry,-14.004564050438486,-171.79067529999134
1052,Outbuilding,Masonry,-14.004356276155855,-171.79056342740594
1053,Outbuilding,Masonry,-14.004401732521954,-171.7909986143442
1054,Outbuilding,Masonry,-14.00434741792194,-171.79132979010876
1055,Residential,Masonry,-14.004489701169454,-171.79150680829108
1056,Residential,Masonry,-14.004458785983452,-171.79206982456105
1057,Residential,Masonry,-14.004543095396716,-171.79208186170422
1058,Outbuilding,Masonry,-14.004461665250302,-171.79214332195366
1059,Outbuilding,Masonry,-14.004444872852096,-171.79220067035928
1060,Outbuilding,Masonry,-14.004741660566484,-171.7921536658338
1061,Residential,Masonry,-14.004434759197235,-171.79368392749012
1064,Residential,Masonry,-14.004756770986313,-171.79329719286397
1065,Outbuilding,Masonry,-14.004642950484856,-171.79327744744884
1066,Outbuilding,Masonry,-14.004794332975662,-171.79304028129408
1067,Outbuilding,Masonry,-14.004906972927474,-171.79308098460007
1068,Outbuilding,Masonry,-14.003858342989565,-171.7916443208216
1069,Outbuilding,Masonry,-14.003779710637026,-171.79174132828507
1070,Residential,Masonry,-14.003359136920546,-171.79083660759005
1071,Outbuilding,Masonry,-14.003379226468398,-171.79100348756387
1072,Residential,Masonry,-14.003517035427754,-171.7910009163489
1073,Outbuilding,Masonry,-14.003805306890623,-171.7903741146577
1074,Outbuilding,Masonry,-14.002812405644931,-171.79047464219207
1075,Outbuilding,Masonry,-14.00301144519987,-171.79068691585678
1076,Outbuilding,Masonry,-14.002900935396978,-171.79069090731792
1077,Fale,Timber,-14.00258422321762,-171.79063967643535
1078,Outbuilding,Masonry,-14.002749526560725,-171.7902269794278
11006,,,-13.916055650001603,-171.58776564999945
273,Religious,Masonry,-14.011769107827151,-171.7772484000269
274,Outbuilding,Masonry,-14.01163977583284,-171.7772640878688
275,Residential,Masonry,-14.011263170663103,-171.77930405396685
276,Residential,Masonry,-14.011055519429972,-171.77931530866604
279,Residential,Masonry,-14.011479750895342,-171.7785539779342
280,Outbuilding,Masonry,-14.011573396456448,-171.77862896517718
281,Residential,Masonry,-14.011509094722586,-171.77837056394952
283,Residential,Masonry,-14.01126809652785,-171.77801010519548
284,Residential,Masonry,-14.01116342534154,-171.77770903647024
285,Residential,Masonry,-14.011023294835335,-171.77795855197175
899,Commercial,Masonry,-14.009594464906215,-171.7872378356101
900,Commercial,Masonry,-14.00950818594582,-171.78735042790584
902,Tourist Fale,Timber,-14.010050705269665,-171.78692580943957
903,Tourist Fale,Timber,-14.009986498938087,-171.7870340398009
904,Tourist Fale,Timber,-14.0099193745255,-171.7871739962173
905,Tourist Fale,Timber,-14.009828874914326,-171.7873204538155
906,Tourist Fale,Timber,-14.009747042452682,-171.78743763617953
907,Commercial,Masonry,-14.0095096860094,-171.78756335334225
908,Commercial,Masonry,-14.009341847745713,-171.78762181653403
909,Commercial,Masonry,-14.00920782249549,-171.78754825236595
910,Commercial,Masonry,-14.009210027686033,-171.78778561635897
911,Commercial,Masonry,-14.009110114864828,-171.78759967229854
912,Commercial,Masonry,-14.009095992464589,-171.78770361840347
914,Commercial,Masonry,-14.009144565951056,-171.787892965932
917,Community,Masonry,-14.008992571020752,-171.7884177100189
918,Community,Masonry,-14.008814265011221,-171.78853711548354
919,Commercial,Masonry,-14.008700766080022,-171.78829265783838
15493,,,-13.990347644030738,-171.776668669735
2458,,,-13.995317082900236,-171.77861907065596
3769,,,-13.992846504327762,-171.77817210994985
9315,,,-13.990609723011548,-171.7767785158803
350,,,-13.99450885617074,-171.77836837679607
16040,,,-13.994100792929881,-171.77837804010554
288,,,-13.994520653396194,-171.77849344048497
2745,,,-13.990114423505645,-171.776853814977
17082,,,-13.980324220891694,-171.77416170317656
15993,,,-13.976877599998751,-171.77488874999995
18348,,,-13.982321100013436,-171.7746496500049
6307,,,-13.973371857743292,-171.77594647402307
433,,,-13.977178875557325,-171.77486531293454
4200,,,-13.983597449998689,-171.77501319999436
1009,,,-13.973408345563177,-171.77568126420005
16240,,,-13.961411575680124,-171.77597766126704
5028,,,-13.97345822293522,-171.77536113728513
2379,,,-13.961466939712633,-171.7756273301998
13010,,,-13.983315572504711,-171.774900506156
19550,,,-13.999786299998801,-171.77916385000162
2151,,,-13.99967729999965,-171.77924660000014
12207,,,-13.999718100000022,-171.77936805000033
16046,,,-13.999924000003404,-171.78111530000348
3196,,,-13.993496015821457,-171.7819844963069
14329,,,-13.992704800005136,-171.78140770000073
16865,,,-14.000396395013261,-171.77928514866053
620,,,-13.946045900001502,-171.77556104999996
6311,,,-13.944549300000048,-171.77520729999713
8009,,,-13.946044250000062,-171.77697319999734
7340,,,-13.947785249998805,-171.77729544999542
2796,,,-13.958451150005343,-171.7735029499913
9753,,,-13.94335884367098,-171.77475647003203
7108,,,-13.933804580670808,-171.77609730658082
11405,,,-13.939011000002083,-171.7756572499999
12056,,,-13.933792270997175,-171.77619719403762
19648,,,-13.933700650000972,-171.77636550000102
8409,,,-13.941790854565948,-171.77396108016723
18344,,,-13.936926479686578,-171.77790464210048
19849,,,-13.938641182454525,-171.77882849592072
14560,,,-13.940823700001273,-171.77415615
13492,,,-13.940871749999182,-171.7742553000004
8295,,,-13.941578872078454,-171.77423303521812
7558,,,-13.943346917378095,-171.77456060380618
9573,,,-13.948631538491707,-171.7777063612188
13,Outbuilding,Masonry,-14.021549400896971,-171.76026884619543
14,Outbuilding,Masonry,-14.020404014167502,-171.75799874014763
15,Outbuilding,Masonry,-14.018841322535724,-171.7568820335475
16,Residential,Masonry,-14.017979431560054,-171.75641023679069
17,Residential,Masonry,-14.01592697232703,-171.7552746885816
18,Outbuilding,Masonry,-14.015268035896314,-171.75512363033008
19,Residential,Masonry,-14.015269217176012,-171.75574188236845
20,Outbuilding,Masonry,-14.013558968277277,-171.7533170346389
21,Residential,Masonry,-14.012244935472639,-171.75140546765934
22,Residential,Masonry,-14.01275427785044,-171.75171677812818
23,Residential,Masonry,-14.012280857683779,-171.7528734224676
24,Residential,Masonry,-14.012313990585772,-171.75267187675192
25,Residential,Masonry,-14.011503820441172,-171.75358673224568
26,Outbuilding,Masonry,-14.011371487212395,-171.7540254721194
27,Outbuilding,Masonry,-14.011282571440578,-171.7542842980827
28,Residential,Masonry,-14.011176555146088,-171.75487140477557
29,Residential,Masonry,-14.010898379904214,-171.75482987266471
30,Residential,Masonry,-14.01092790270086,-171.7550462762021
31,Residential,Masonry,-14.010657120921486,-171.75487019509987
32,Residential,Masonry,-14.01081683339488,-171.75520032094462
33,Residential,Masonry,-14.010760029578888,-171.75542023954307
34,Residential,Masonry,-14.010766877898401,-171.7556566314044
35,Religious,Reinforced Concrete,-14.010614308701319,-171.75589776167007
36,Residential,Masonry,-14.010543354268291,-171.7563949242966
37,Residential,Masonry,-14.010513065643032,-171.75665884193074
38,Residential,Masonry,-14.010465444947581,-171.75708528160698
39,Residential,Masonry,-14.010505658363705,-171.75734883758133
40,Outbuilding,Masonry,-14.010393599391772,-171.75750034473603
41,Residential,Masonry,-14.010437573295896,-171.75787125909125
42,Outbuilding,Masonry,-14.0102239773262,-171.75714891366965
43,Residential,Masonry,-14.010304081572075,-171.75827920746966
44,Residential,Masonry,-14.010378234971723,-171.75847828381714
45,Residential,Masonry,-14.010423547722251,-171.7590249913251
46,Residential,Masonry,-14.010312574020814,-171.75878519921213
47,Residential,Masonry,-14.010084521269864,-171.7589359196778
48,Residential,Masonry,-14.010251754948335,-171.75905100792377
49,Residential,Masonry,-14.010123420156095,-171.7592644398283
50,Residential,Masonry,-14.010116051376652,-171.75940734679887
51,Residential,Masonry,-14.009958920422823,-171.75935458119608
52,Outbuilding,Masonry,-14.009689900936191,-171.75902780550516
106,Outbuilding,Masonry,-14.013070535148756,-171.75952402355296
107,Religious,Masonry,-14.01277480231854,-171.75934196244683
108,Religious,Masonry,-14.012625605724562,-171.7594406358619
109,Religious,Masonry,-14.0126375032745,-171.75923248740645
110,Religious,Masonry,-14.01251028771353,-171.75931364281124
111,Outbuilding,Masonry,-14.012718462927575,-171.7589408134019
112,Residential,Masonry,-14.012552078824081,-171.7587913853964
113,Outbuilding,Masonry,-14.01294918410831,-171.75816478719918
114,Residential,Masonry,-14.012356448321286,-171.75823262053694
115,Outbuilding,Masonry,-14.012600643513306,-171.75828345907246
116,Outbuilding,Masonry,-14.01205898586105,-171.75918358151577
117,Outbuilding,Masonry,-14.011628809189391,-171.75852695469476
118,Residential,Masonry,-14.01099741154254,-171.75919752340792
119,Residential,Masonry,-14.010978124151622,-171.75897707382683
120,Residential,Masonry,-14.0111359109802,-171.75886311420575
121,Residential,Masonry,-14.011141749106924,-171.75920139638828
122,Residential,Masonry,-14.011153309269973,-171.75904584750515
123,Outbuilding,Masonry,-14.011328825225634,-171.75901413600002
124,Outbuilding,Masonry,-14.011063828469561,-171.75857905753602
125,Residential,Masonry,-14.01109103429528,-171.7584128023372
126,Outbuilding,Masonry,-14.011290428587715,-171.75840782407994
127,Residential,Masonry,-14.011079760820301,-171.75790515126064
463,Outbuilding,Masonry,-14.001664572716772,-171.81546115439127
464,Outbuilding,Masonry,-14.001151260019274,-171.81611089006466
1706,Residential,Masonry,-14.002064606843764,-171.81238799464367
1707,Residential,Masonry,-14.001720984663097,-171.8119585983342
1708,Residential,Masonry,-14.001576126397863,-171.81206907475504
1709,Residential,Masonry,-14.001437782231697,-171.8114079690961
1710,Residential,Masonry,-14.000864918857712,-171.81110032015008
1711,Fale,Masonry,-14.000675026758913,-171.811185477028
1712,Residential,Masonry,-14.00067639559201,-171.81180191692107
1713,Outbuilding,Masonry,-14.00061170067089,-171.81247233912922
1714,Outbuilding,Masonry,-14.000526619793316,-171.81190335559666
1715,Outbuilding,Masonry,-14.000651728619712,-171.81202567143305
1716,Residential,Masonry,-14.000036793353456,-171.81150386593634
1717,Residential,Masonry,-13.999515441456271,-171.8113908262574
1718,Outbuilding,Masonry,-13.999231578766171,-171.81251834382007
4354,,,-13.98089510000248,-171.80688750000053
1676,Residential,Masonry,-14.003838686737398,-171.81113752447024
1678,Residential,Masonry,-14.003624124551807,-171.8112631986883
1679,Residential,Masonry,-14.003709889196918,-171.81202332999038
1680,Residential,Masonry,-14.003634406533651,-171.81221795708402
1681,Residential,Masonry,-14.003751523267177,-171.812242451261
1697,Residential,Masonry,-14.00288613327357,-171.8108418068045
1699,Residential,Masonry,-14.002950191209004,-171.81123951390265
1700,Outbuilding,Masonry,-14.002932838258312,-171.81146490598383
1701,Outbuilding,Masonry,-14.003256856253497,-171.81161761350236
1702,Residential,Masonry,-14.003177565287528,-171.8118604330234
1703,Residential,Masonry,-14.003036125265702,-171.81201677827332
1704,Residential,Masonry,-14.00244671426839,-171.81145804526835
1705,Fale,Masonry,-14.002586604383914,-171.8114281871328
450,Residential,Masonry,-14.000890616702824,-171.81897472710997
451,Residential,Masonry,-14.001029431115999,-171.81885647381455
452,Residential,Masonry,-14.001338571736863,-171.81837428713055
453,Outbuilding,Masonry,-14.00159570598336,-171.81758832880507
454,Outbuilding,Masonry,-14.001859078687827,-171.81737580278443
455,Residential,Masonry,-14.001978045161348,-171.81721181775328
456,Outbuilding,Masonry,-14.002128884626059,-171.81736188762764
457,Residential,Masonry,-14.002306514765202,-171.816293952307
458,Residential,Masonry,-14.002394657213166,-171.81605782720075
459,Outbuilding,Masonry,-14.002434875691264,-171.81623168074665
465,Residential,Masonry,-14.001280140645168,-171.81726485736647
466,Outbuilding,Masonry,-14.001285511207303,-171.8171228681924
467,Outbuilding,Masonry,-14.001063827198642,-171.81723054977257
468,Outbuilding,Masonry,-14.000948518563213,-171.8171820006725
469,Residential,Masonry,-14.000451830688188,-171.8186465215101
470,Residential,Masonry,-14.00029090824987,-171.8189199413763
471,Outbuilding,Masonry,-14.000230931319727,-171.81866981619515
473,Outbuilding,Masonry,-14.0001192897563,-171.81892610311797
1622,Residential,Masonry,-14.00727172516809,-171.81903176007015
1623,Hotel,Masonry,-14.007442090407292,-171.818246220789
1624,Hotel,Masonry,-14.007412537495592,-171.8180907585277
1625,Tourist Fale,Masonry,-14.007638105130875,-171.81878960970494
1626,Tourist Fale,Masonry,-14.007621820211318,-171.81869046014626
1627,Tourist Fale,Masonry,-14.00762582609758,-171.81859889606002
1628,Tourist Fale,Masonry,-14.007633096285442,-171.81834157022809
1629,Tourist Fale,Masonry,-14.007642448122224,-171.8182421515678
1630,Tourist Fale,Masonry,-14.007658546483887,-171.81807042163786
1631,Tourist Fale,Masonry,-14.007652516715783,-171.8181657792593
1632,Residential,Masonry,-14.007480058708161,-171.8172120892812
1633,Residential,Masonry,-14.007873477479382,-171.81620644794174
1634,Residential,Masonry,-14.007952562799385,-171.81611805463402
1635,Residential,Masonry,-14.007473795377498,-171.81604626441398
1636,Residential,Masonry,-14.007470081209798,-171.81577353116336
1637,Residential,Masonry,-14.007959056159994,-171.81553612027827
1638,Outbuilding,Masonry,-14.007941946527698,-171.81576020092794
1639,Fale,Timber,-14.008007012401638,-171.8157774528357
1640,Religious,Masonry,-14.007507402673093,-171.81541684834895
1641,Religious,Masonry,-14.007264670733178,-171.81541323044308
1642,Religious,Masonry,-14.00712759802672,-171.81533603582548
1643,Religious,Reinforced Concrete,-14.007366961630083,-171.81514527000056
1644,Fale,Timber,-14.007990768564065,-171.8150947813838
1645,Community - not verified,Masonry,-14.00786902697048,-171.81414948342677
1646,Community - not verified,Masonry,-14.007849150405224,-171.81389075791213
1647,Religious,Reinforced Concrete,-14.007460961958543,-171.81412587185423
1648,Residential,Masonry,-14.007416194320525,-171.81473515435147
1649,Residential,Masonry,-14.007304951855115,-171.81448607276027
1650,Residential,Masonry,-14.007284347341589,-171.8143034993427
1651,Outbuilding,Masonry,-14.007068878756588,-171.81446031815878
1652,Residential,Masonry,-14.007261291103536,-171.8131111480529
1653,Residential,Masonry,-14.007255796352547,-171.8129256971273
1654,Outbuilding,Masonry,-14.007004356508254,-171.81260467602246
1655,Residential,Masonry,-14.007048734394688,-171.81249986348487
1656,Residential,Masonry,-14.007213811825057,-171.81179585756692
1657,Residential,Masonry,-14.007117436444524,-171.81142405606994
1658,Residential,Masonry,-14.006803366810626,-171.81246219047696
1659,Residential,Masonry,-14.00635345168654,-171.81248257072804
1660,Residential,Masonry,-14.006102116744987,-171.81242694542362
1661,Residential,Masonry,-14.006181401866094,-171.81254802481553
1662,Outbuilding,Masonry,-14.006575709015715,-171.81198607997317
1663,Residential,Masonry,-14.005939417624791,-171.81180735885147
1664,Residential,Masonry,-14.005719835279383,-171.8118552709204
1665,Outbuilding,Masonry,-14.005718099030037,-171.8117037726009
1666,Residential,Masonry,-14.005552870250837,-171.81181212900594
1667,Outbuilding,Masonry,-14.005390376488744,-171.8119762501028
1668,Residential,Masonry,-14.005101319265805,-171.81225894721118
1669,Outbuilding,Masonry,-14.00501016820872,-171.81242797424454
1670,Residential,Masonry,-14.004748273807618,-171.81223802398065
1671,Residential,Masonry,-14.00462529902402,-171.8122742338308
1672,Residential,Masonry,-14.004706414773606,-171.81173917529625
1673,Residential,Masonry,-14.004399433467215,-171.81155313605808
1674,Fale,Timber,-14.004286699398396,-171.811466961521
1675,Fale,Masonry,-14.004075278973515,-171.8112470376777
1677,Residential,Masonry,-14.003756911808566,-171.81151837834133
1107,Outbuilding,Masonry,-14.004506666910999,-171.79562283447845
1126,Outbuilding,Masonry,-14.004712495097499,-171.80095678134492
1127,Outbuilding,Masonry,-14.004579760552808,-171.80107231414672
1128,Residential,Masonry,-14.004772398262958,-171.80133124110833
1129,Outbuilding,Masonry,-14.005033954926496,-171.80148501243733
1130,Religious,Reinforced Concrete,-14.004784114848972,-171.80171354719872
1131,Residential,Masonry,-14.005012135412516,-171.8019700816246
1132,Outbuilding,Masonry,-14.005095591330146,-171.8017960851818
1133,Residential,Masonry,-14.004463463442006,-171.8024858892953
1134,Outbuilding,Masonry,-14.00506213190973,-171.8024361992621
1135,Outbuilding,Masonry,-14.00461609506168,-171.80284369691552
1136,Residential,Masonry,-14.00429548087994,-171.8034583754187
1137,Outbuilding,Masonry,-14.004449202873337,-171.80352318961457
1146,Outbuilding,Masonry,-14.005266471590726,-171.80385806868222
1147,Outbuilding,Masonry,-14.00469687823487,-171.80406308612237
1148,Residential,Masonry,-14.004873754717169,-171.80479925544995
1149,Outbuilding,Masonry,-14.005278581100763,-171.80400691682962
1150,Outbuilding,Masonry,-14.00513197677416,-171.80393863174146
1152,Fale,Timber,-14.005055952245417,-171.8047608368637
1153,Residential,Masonry,-14.004147789535324,-171.8038617901015
1154,Outbuilding,Masonry,-14.003833164961234,-171.80407143404557
1155,Residential,Masonry,-14.003603089575961,-171.80452428952285
1156,Residential,Masonry,-14.003786669855314,-171.80466977855704
1157,Residential,Masonry,-14.003747417564247,-171.8048152616149
1158,Residential,Masonry,-14.003699263436777,-171.80504486698607
1159,Residential,Masonry,-14.003565044598714,-171.80530068753913
1160,Community,Masonry,-14.003484175361853,-171.80566440429695
1161,Outbuilding,Masonry,-14.003573098054266,-171.80585296586364
1162,Residential,Masonry,-14.00339887920077,-171.80580689207582
1163,Residential,Masonry,-14.003215932095557,-171.8067886226571
1164,Residential,Masonry,-14.00239624945651,-171.80744536796217
1165,Residential,Masonry,-14.002534061227303,-171.8074276007805
1166,Residential,Masonry,-14.00239257741161,-171.80727086515398
1167,Outbuilding,Masonry,-14.00276194896787,-171.80721315595258
1168,Residential,Masonry,-14.00265237193635,-171.80674094147784
1169,Residential,Masonry,-14.002509456550433,-171.80660929744343
1170,Residential,Masonry,-14.002584841537182,-171.806456171801
1171,Outbuilding,Masonry,-14.00245533263897,-171.8064478633462
1172,Outbuilding,Masonry,-14.00230784782694,-171.80681500671164
1173,Outbuilding,Masonry,-14.002197950359555,-171.80655219591387
1174,Outbuilding,Masonry,-14.002315440286255,-171.8065295387748
1175,Residential,Masonry,-14.002311542343909,-171.80580213612245
1176,Residential,Masonry,-14.002772148982302,-171.8054428411854
1177,Residential,Masonry,-14.002816063426726,-171.80482136192228
1178,Residential,Masonry,-14.003239913180932,-171.80459332663509
1179,Residential,Masonry,-14.00307262828023,-171.8044680817889
1180,Outbuilding,Masonry,-14.00328904648395,-171.80431049031486
1181,Residential,Masonry,-14.003326167774691,-171.8036764780822
1182,Residential,Masonry,-14.003428914636649,-171.80349628658215
1183,Outbuilding,Masonry,-14.003235257866988,-171.80343952467288
1184,Outbuilding,Masonry,-14.003270766797106,-171.80281823319626
1185,Residential,Masonry,-14.00336961971234,-171.80266470437266
1186,Residential,Masonry,-14.003412859779898,-171.80249880016507
1187,Residential,Masonry,-14.003629909883637,-171.8026264022487
1188,Outbuilding,Masonry,-14.003755681749164,-171.80172079059915
1189,Residential,Masonry,-14.003872181486582,-171.80143960103166
1190,Outbuilding,Masonry,-14.00388192194986,-171.80115495793683
1191,Outbuilding,Masonry,-14.003942640912667,-171.80102826962468
1192,Residential,Masonry,-14.004033435827967,-171.80088820973899
1193,Outbuilding,Masonry,-14.0045837394649,-171.80092742364417
1197,Outbuilding,Masonry,-14.001492488642015,-171.79996107195447
1199,Residential,Masonry,-14.003022664687958,-171.79880359438044
1200,Outbuilding,Masonry,-14.003064580601741,-171.79837986105244
1207,Residential,Masonry,-14.00396608679561,-171.79643125666965
1208,Outbuilding,Masonry,-14.003897325872654,-171.79628892792326
1209,Outbuilding,Masonry,-14.003784856257083,-171.79665294581363
1210,Outbuilding,Masonry,-14.00405529457168,-171.79609877792396
1211,Outbuilding,Masonry,-14.003652852532326,-171.79650337067804
1212,Outbuilding,Masonry,-14.002984707008753,-171.79714610306357
1213,Residential,Masonry,-14.002330984207005,-171.79763056128397
1214,Outbuilding,Masonry,-14.002278726076279,-171.79743126736128
1215,Outbuilding,Masonry,-14.002489790784349,-171.7977340978722
1216,Outbuilding,Masonry,-14.001983097587209,-171.79784805723833
1217,Outbuilding,Masonry,-14.001848994106329,-171.797529161393
1218,Residential,Masonry,-14.001476673121282,-171.79741802008513
1219,Residential,Masonry,-14.001250329072121,-171.7973548729239
1220,Residential,Masonry,-14.00133051485298,-171.79712708379986
1221,Outbuilding,Masonry,-14.00162814127721,-171.79716155956834
1222,Outbuilding,Masonry,-14.00137893461968,-171.796927253116
1223,Outbuilding,Masonry,-14.000585292376226,-171.79685967426735
1224,Outbuilding,Masonry,-14.00063265519001,-171.79566783391832
1225,Residential,Masonry,-13.999953590206609,-171.79680781951575
1226,Residential,Masonry,-13.99971302565501,-171.79685121176587
1227,Residential,Masonry,-13.999753183626106,-171.79666698596364
1228,Residential,Masonry,-13.999939214497017,-171.79655939804516
1229,Residential,Masonry,-13.999831238791115,-171.79647754673755
1230,Outbuilding,Masonry,-14.00005072510854,-171.7963669668094
1686,Outbuilding,Masonry,-14.002119321812692,-171.80907097459192
1687,Residential,Masonry,-14.001757052769932,-171.808470378649
1688,Residential,Masonry,-14.001658075342837,-171.80830883799175
1689,Residential,Masonry,-14.00149044648318,-171.8084227192851
1690,Residential,Masonry,-14.001277156051943,-171.8083374322007
1691,Outbuilding,Masonry,-14.001289630162187,-171.80890133718046
1692,Residential,Masonry,-14.000931691786072,-171.80889063122046
1693,Residential,Masonry,-14.000611764325402,-171.80882294954154
1694,Outbuilding,Masonry,-14.000626471089543,-171.80903997401157
1695,Outbuilding,Masonry,-14.000513667077263,-171.80905531432478
1719,Outbuilding,Masonry,-13.998737325630685,-171.80964297864733
1721,Residential,Masonry,-14.002299589939344,-171.80856822588788
11729,,,-13.97800214599949,-171.80205598397896
7514,,,-13.978055003555879,-171.80200466628605
1106,Residential,Masonry,-14.00453232770581,-171.79545982236144
1119,Outbuilding,Masonry,-14.005620261258468,-171.7999027596883
1122,Outbuilding,Masonry,-14.004825099536543,-171.80009418426977
1151,Outbuilding,Masonry,-14.005032409738334,-171.80488128410687
1198,Residential,Masonry,-14.003315474873395,-171.798895048575
1201,Outbuilding,Masonry,-14.004405187963199,-171.79787310249435
1203,Residential,Masonry,-14.004312639110363,-171.79717400255788
1204,Residential,Masonry,-14.004547881105902,-171.79660021218663
1205,Outbuilding,Masonry,-14.004596790422877,-171.79643991287324
1206,Residential,Masonry,-14.004268313046795,-171.7970171696087
1683,Residential,Masonry,-14.003409650330351,-171.8098664216343
1685,Outbuilding,Masonry,-14.003371659692165,-171.80910392126196
1696,Residential,Masonry,-14.002779809228233,-171.80987072734172
1698,Residential,Masonry,-14.002297647545793,-171.81056391741777
1108,Residential,Masonry,-14.005192736486675,-171.7965562331855
1109,Outbuilding,Masonry,-14.005312986658568,-171.7964972448483
1110,Outbuilding,Masonry,-14.005349956504514,-171.79664870148468
1111,Outbuilding,Masonry,-14.005227046450651,-171.79666760426477
1112,Residential,Masonry,-14.005099301009801,-171.79832252156424
1113,Outbuilding,Masonry,-14.005226609665986,-171.79829444911852
1114,Outbuilding,Masonry,-14.005975413237346,-171.79949125192948
1115,Residential,Masonry,-14.005756588331318,-171.7994629148758
1116,Outbuilding,Masonry,-14.005532490769772,-171.79933572047716
1117,Residential,Masonry,-14.00532349880494,-171.79952869062674
18229,Residential,Masonry,-13.9423331658471,-171.54323999525403
13723,Residential,Masonry,-13.943152831416903,-171.54427964081412
18828,Religious,Masonry,-13.941979991703839,-171.54393737999166
5856,Residential,Masonry,-13.942212157759066,-171.5410718785849
19810,Religious,Masonry,-13.942057134698308,-171.5440926065852
15180,Residential,Masonry,-13.942163787568575,-171.54204628757188
3158,Residential,Masonry,-13.940770133507804,-171.5401534939058
14843,Outbuilding,Masonry,-13.941636609306403,-171.54000778530798
493,Residential,Masonry,-13.941243367986537,-171.53989409799067
15137,Residential,Masonry,-13.941326810146785,-171.5404558779661
35,Residential,Masonry,-13.941190478973763,-171.5403549698565
3730,Outbuilding,Masonry,-13.94146653269141,-171.5401021759084
19782,Residential,Masonry,-13.941085498776882,-171.54002471456437
13173,Outbuilding,Masonry,-13.94135953368115,-171.54057154355195
15890,Residential,Masonry,-13.940845012941638,-171.53961434687545
15696,Outbuilding,Masonry,-13.941843681230132,-171.54329937046202
15426,Residential,Masonry,-13.941976270114255,-171.54355851550017
11713,Residential,Masonry,-13.942138783962955,-171.54355271746815
3419,Outbuilding,Masonry,-13.936743993213597,-171.53663161751672
11376,Outbuilding,Masonry,-13.936811196560285,-171.53664223713207
14784,Residential,Masonry,-13.941113754929647,-171.53979753358416
10667,Residential,Masonry,-13.94176741389992,-171.5414908342892
9831,Residential,Masonry,-13.942057749630257,-171.54186196696014
18089,Residential,Masonry,-13.941844440735375,-171.54290292685775
7624,Residential,Masonry,-13.942208752663438,-171.54292483849102
3528,Residential,Masonry,-13.942364667599202,-171.5425725427281
12723,Residential,Masonry,-13.942464863758332,-171.54286795576138
15908,Residential,Masonry,-13.943310444388187,-171.5447011594092
18266,Residential,Masonry,-13.943660671020838,-171.54555842681685
5199,Residential,Masonry,-13.94349120413295,-171.54549895816623
10847,Outbuilding,Masonry,-13.941905740668414,-171.5415619622358
1213,Outbuilding,Masonry,-13.942084839243238,-171.54177433780228
1474,Outbuilding,Masonry,-13.941994283351223,-171.54190678855952
6522,Outbuilding,Masonry,-13.941981952833203,-171.5418552340593
1370,Outbuilding,Masonry,-13.941833280156214,-171.54212076012826
3434,Outbuilding,Masonry,-13.942453375870317,-171.54220608045114
13454,Outbuilding,Masonry,-13.94228930053216,-171.54226629506215
825,Outbuilding,Masonry,-13.941744650649168,-171.54280410228776
10040,Outbuilding,Masonry,-13.942388329590917,-171.54314550641612
1317,Outbuilding,Masonry,-13.942525557631294,-171.5429791485371
17122,Outbuilding,Masonry,-13.942558234190797,-171.5429194064433
3734,Outbuilding,Masonry,-13.942604916010445,-171.54313093886722
6179,Outbuilding,Masonry,-13.942814346235796,-171.54379712298396
11292,Outbuilding,Masonry,-13.942037054374318,-171.54368706356354
8977,Outbuilding,Masonry,-13.941894107850954,-171.54363635588362
9129,Outbuilding,Masonry,-13.943706747207445,-171.54535398936935
10514,Outbuilding,Masonry,-13.94076531115544,-171.54028049293828
2485,Fale,Masonry,-13.94269811900964,-171.5430473981529
3924,Fale,Masonry,-13.942777242327622,-171.54367378704393
11258,,,-13.943442591376991,-171.55526812193506
10641,,,-13.943454273989984,-171.55643636343518
10340,,,-13.943365400000282,-171.55471414999963
3916,,,-13.943476687517414,-171.55472404520924
15934,Residential,Masonry,-13.943668278016787,-171.55756200094663
16219,Residential,Masonry,-13.943417459506104,-171.5569719550261
14058,Residential,Masonry,-13.943329166155785,-171.55680320983808
6457,Residential,Masonry,-13.943220919440705,-171.55510482548337
2134,Outbuilding,Masonry,-13.943680341212735,-171.5583193464799
14046,Outbuilding,Masonry,-13.943160335508306,-171.55893343950518
11756,Outbuilding,Masonry,-13.942734723961738,-171.55637741364202
19812,Residential,Masonry,-13.943512424475006,-171.55828791314588
19424,Residential,Masonry,-13.94317656873856,-171.55610543440812
1710,Residential,Masonry,-13.943126996831449,-171.55663447064572
11678,Outbuilding,Masonry,-13.94348037837746,-171.55678613878885
3197,Residential,Masonry,-13.943191679064658,-171.55530528515067
16373,Residential,Masonry,-13.943623614197127,-171.5584608802021
7822,Residential,Masonry,-13.943000184631241,-171.55622134805523
17813,Residential,Masonry,-13.943084551483441,-171.55629865183062
2265,Residential,Masonry,-13.943209601351558,-171.5559078011692
10373,Residential,Masonry,-13.943140115757421,-171.55689054533198
6637,Residential,Masonry,-13.94323588259557,-171.55740687447624
3898,Residential,Masonry,-13.943664389836018,-171.55906900846665
2907,Religious,Masonry,-13.943726205308991,-171.55884750254157
10326,Residential,Masonry,-13.943693428594553,-171.55734756210057
5394,Residential,Masonry,-13.943264916410346,-171.5572636313488
1067,Residential,Masonry,-13.943336931506296,-171.55532486130107
19642,Residential,Masonry,-13.943201350700797,-171.55560016145992
10187,Residential,Masonry,-13.943124473482868,-171.55559135465998
3811,Residential,Masonry,-13.943158438328863,-171.55573223668355
11312,Residential,Masonry,-13.943230654952185,-171.55630987965188
8838,Residential,Masonry,-13.943085237157678,-171.55716137829154
3573,Residential,Masonry,-13.943165495925546,-171.55908376461042
16900,Residential,Masonry,-13.943914217447723,-171.55950310929978
1414,Residential,Masonry,-13.944064879964186,-171.55927219727795
11531,Residential,Masonry,-13.943710789127035,-171.55865460073056
7472,Outbuilding,Masonry,-13.942945671667415,-171.55638381246692
14652,Outbuilding,Masonry,-13.94305142519762,-171.55612393085002
10164,Outbuilding,Masonry,-13.943304016889563,-171.55659389481184
5806,Outbuilding,Masonry,-13.942933083605983,-171.55679627355696
6579,Outbuilding,Masonry,-13.943343891868908,-171.5573735744601
5092,Outbuilding,Masonry,-13.943700802404992,-171.55726325820885
15480,Outbuilding,Masonry,-13.943712454661426,-171.55843191619186
4471,Outbuilding,Masonry,-13.943585953628862,-171.5582513840933
18806,Outbuilding,Masonry,-13.943188475178802,-171.55929275196107
10868,Outbuilding,Masonry,-13.943294703156662,-171.55542620068604
17374,Outbuilding,Masonry,-13.943100324861021,-171.55531061155813
10232,Outbuilding,Masonry,-13.943256170902623,-171.55614636266003
17284,Outbuilding,Masonry,-13.943148606287114,-171.5563512780163
3738,,,-13.944734022259517,-171.57010665135365
17790,Residential,Masonry,-13.943277021806948,-171.56964651182093
17567,,,-13.946324533490056,-171.57236154930916
4455,,,-13.945390816731004,-171.57288900144766
6180,,,-13.94525999830387,-171.5727934331786
18956,,,-13.944209685550442,-171.57043016092666
8226,,,-13.943882533708308,-171.57019430076937
19845,,,-13.944100700001243,-171.5691499499974
4880,,,-13.944094832104298,-171.56950489498527
18158,,,-13.945389251641675,-171.5726970673136
5554,,,-13.944182948157874,-171.56954036767203
14688,,,-13.94386301904453,-171.56881771208106
6921,,,-13.943923700000447,-171.57042414999927
8758,,,-13.946206100014324,-171.57236179998694
11772,,,-13.94520633162849,-171.5725946433245
3729,Residential,Masonry,-13.943756893375104,-171.56719361875884
6245,Residential,Masonry,-13.940255750002189,-171.57127999999915
4773,,,-13.943691668686947,-171.566317013808
11891,Residential,Masonry,-13.940368699251076,-171.57138846669417
7453,,,-13.943704346077045,-171.57033486727232
15353,,,-13.94335734521478,-171.56992287754
9498,Outbuilding,Masonry,-13.943572817127862,-171.5690924086388
8127,Outbuilding,Masonry,-13.943648517057667,-171.56935495091432
6362,Residential,Masonry,-13.943368216753555,-171.56911524699692
15153,Residential,Masonry,-13.943565630785033,-171.5685933223047
7416,Residential,Masonry,-13.943308348732481,-171.569468016776
9466,Residential,Masonry,-13.943032930460573,-171.5702173736091
3056,Residential,Masonry,-13.94330418101736,-171.57079173278558
4508,Residential,Masonry,-13.942803360679553,-171.56923236909097
13030,Outbuilding,Masonry,-13.943277400325265,-171.56983602264796
2475,Residential,Masonry,-13.942017100564852,-171.57046357864888
7546,Residential,Masonry,-13.9429603959834,-171.56976898901604
10260,Outbuilding,Timber,-13.943219450317516,-171.5699806831925
276,Residential,Masonry,-13.94265791053648,-171.56943867956255
11482,Religious,Reinforced Concrete,-13.942881511495834,-171.57001678214405
6598,Residential,Masonry,-13.942877275631337,-171.56911978914027
8393,Residential,Masonry,-13.942969276902243,-171.56894791507554
1817,Outbuilding,Masonry,-13.942757146996344,-171.56907924016684
18946,Residential,Masonry,-13.94223059040317,-171.57002522005155
8822,Residential,Masonry,-13.942644237830619,-171.57039153650584
7436,Outbuilding,Masonry,-13.94202786165202,-171.57034596562062
8799,Residential,Masonry,-13.942964637844801,-171.56589653136913
121,Outbuilding,Timber,-13.942800152200906,-171.57126431547803
13836,Residential,Masonry,-13.942938610070993,-171.56601844838505
16390,Outbuilding,Masonry,-13.942677750000545,-171.56926374999878
18526,Community - not verified,Masonry,-13.942370550590095,-171.5707607846258
10056,Residential,Masonry,-13.942838814620252,-171.5708476433081
16014,Residential,Masonry,-13.942219581886228,-171.57015191313
1135,Residential,Masonry,-13.942130764045725,-171.57028130263245
10044,Residential,Masonry,-13.943676450832728,-171.56803071599523
5530,Residential,Masonry,-13.94376645000218,-171.5682406499901
1195,Residential,Masonry,-13.943031013246873,-171.56883212870403
5675,Residential,Masonry,-13.943476753024576,-171.5691765190857
15755,Residential,Masonry,-13.94369090791798,-171.56837441415342
14970,Residential,Masonry,-14.033176744838904,-171.43403765833125
4666,,,-13.922713450000488,-171.7972903999997
6478,,,-13.915343587519532,-171.78887164077295
8221,,,-13.922398065813937,-171.5954043885469
12960,,,-13.927099011926268,-171.58591372605034
387,,,-13.938954837406207,-171.5970028210254
4541,,,-13.946941350002508,-171.5880373000002
2911,,,-13.946902900001781,-171.58788934999663
12349,,,-13.946689016963404,-171.58803715097565
11466,,,-13.91396389389597,-171.6004701690656
17903,,,-13.914319392853082,-171.5997590208146
12209,,,-13.914189577607587,-171.59899938366976
3944,,,-13.914443294836492,-171.5991134186977
12937,,,-13.913939282050434,-171.59873184323936
11092,,,-13.91300391547911,-171.6002792325648
9294,,,-13.914624163112007,-171.5992209071527
15637,,,-13.913701879037852,-171.59858043856693
13901,,,-13.915956872215837,-171.6007918295568
3888,,,-13.91758366682361,-171.59905629874353
15677,,,-13.916434299998787,-171.59751509999748
11013,,,-13.916849629328786,-171.59745823399803
11243,,,-13.916072830816654,-171.59850264495813
13663,,,-13.913492954036254,-171.59824756909666
11278,,,-13.916394006508746,-171.60044803030098
12774,,,-13.913374180169061,-171.59800890551512
15991,,,-13.915485678496575,-171.60044978499653
18130,,,-13.914511100008038,-171.6021076499967
17127,,,-13.917133846343749,-171.60131118293074
1857,,,-13.917735150003635,-171.5990395999998
3832,,,-13.91813735000017,-171.5999065500022
12025,,,-13.916341800000096,-171.60024959999572
18469,,,-13.916045667856386,-171.59954020235315
18015,,,-13.91592135457769,-171.59942788056466
11436,,,-13.91639870499553,-171.59980113377227
9674,,,-13.915240444674781,-171.60155518328895
3992,,,-13.91554972042986,-171.60127062583652
16438,,,-13.914757193229592,-171.60207138386147
11083,,,-13.915749859162178,-171.60093947693127
9525,,,-13.915065016280789,-171.60184826669246
15547,,,-13.915088449999587,-171.62292849999866
19346,,,-13.915351514274352,-171.622825767797
7461,,,-13.9144497000008,-171.62292349999964
6376,,,-13.913687300000669,-171.62230405000003
11959,,,-13.916873900002216,-171.62314200000023
1536,,,-13.914946450000782,-171.62294050000028
12613,,,-13.917106628049574,-171.62293014530454
12395,,,-13.915126679084617,-171.62280409787263
10369,,,-13.917059094726294,-171.62315271910626
4491,,,-13.915221987211075,-171.61833575876759
7634,,,-13.91596640868693,-171.61730963331956
8989,,,-13.915521099699818,-171.61755814788546
19071,,,-13.91543940968371,-171.6186324515903
4947,,,-13.915680080866334,-171.62112159662706
13051,,,-13.91566460000644,-171.61727764999725
18131,,,-13.914566950000927,-171.61899514999965
16895,,,-13.916960442735954,-171.62082991731697
10680,,,-13.915438203352945,-171.61839196941116
3741,,,-13.91667345001055,-171.61770384999846
14010,,,-13.91609129408155,-171.6171061190518
5930,,,-13.916525509077909,-171.6187323196979
18823,,,-13.915165449995568,-171.61819139999704
18776,,,-13.91534873296288,-171.61892122321214
13633,,,-13.915297728866351,-171.61997728566547
6756,,,-13.916347150625498,-171.61957841614796
10156,,,-13.91671560000592,-171.61804770000276
11789,,,-13.916347700001173,-171.61895995000097
8541,,,-13.915378416925556,-171.61910065569555
18329,,,-13.916507400000885,-171.61964884999927
6575,,,-13.916569380805106,-171.6184341088302
3213,,,-13.916437150001988,-171.61730224999903
8819,,,-13.915360999998537,-171.61786514999403
8288,,,-13.914463268019372,-171.61625635214597
8351,,,-13.914603450000692,-171.6136719999994
12225,,,-13.915363950001517,-171.6180131999994
5332,,,-13.915379250001164,-171.61747044999953
13660,,,-13.915931758066085,-171.61879797708283
12807,,,-13.91390455000029,-171.61348679999952
3236,,,-13.915364026682333,-171.61822905641057
16414,,,-13.91512938813862,-171.62103297571267
16875,,,-13.916024250003124,-171.61882760000051
16684,,,-13.914120667279683,-171.6146161207073
19440,,,-13.915251209451823,-171.6211680818745
11235,,,-13.915776250001572,-171.62124135000144
17388,,,-13.915893209413507,-171.6185862789227
734,,,-13.915237478177483,-171.618054438344
14293,,,-13.916034929686017,-171.6202418432892
13609,,,-13.91557531763735,-171.61893098317015
5416,,,-13.91606999878938,-171.61989327694064
6965,,,-13.915472607632566,-171.62001802754932
10636,,,-13.915694900012625,-171.61922694998847
7253,,,-13.92572734800838,-171.6221367579136
966,,,-13.925255030678468,-171.62183889600945
6530,,,-13.925625380456015,-171.6215696947011
16797,,,-13.925455149999797,-171.62152759999728
6305,,,-13.92502937590046,-171.62177448635003
8743,,,-13.925855750002222,-171.62160424999934
19306,,,-13.925689550000188,-171.62140414999814
9145,,,-13.925145069723893,-171.62127001266796
3398,,,-13.926676049094382,-171.62270481786194
17475,,,-13.925547300004697,-171.62260139999574
5076,,,-13.92611559999421,-171.6227641000167
11377,,,-13.91921150000016,-171.6227046999998
1636,,,-13.925271019133632,-171.62144385434917
836,,,-13.92481975000215,-171.62169849999842
550,,,-13.924205030586972,-171.62153639523564
2262,,,-13.920148049999288,-171.6217790000005
16558,,,-13.919064524475749,-171.6220298381731
16359,,,-13.925457492646489,-171.6219224693303
6528,,,-13.91920033169702,-171.6220400149114
5575,,,-13.9247986500007,-171.62129904999892
19479,,,-13.926451745470574,-171.62185806932834
8637,,,-13.92463354999926,-171.62163459999368
15117,,,-13.919322558951814,-171.62202492360908
18691,,,-13.924315976325405,-171.62163410648645
4577,,,-13.92443407287557,-171.6216607035964
3537,,,-13.924400406031243,-171.62154680145878
8203,,,-13.924330043401904,-171.62171998969524
19548,,,-13.907894900000782,-171.7347926
18654,,,-13.910104426114787,-171.73758650807943
11316,,,-13.908929750001732,-171.7380352000004
15271,,,-13.899801413882079,-171.74177387073647
15657,,,-13.910658231090848,-171.6234911956781
14745,,,-13.909656850003092,-171.62094165000047
18262,,,-13.902960050001015,-171.62027975000046
11191,,,-13.894692000002609,-171.61163190000102
3368,,,-13.893115852523463,-171.61525628239548
18513,,,-13.905723867501198,-171.61817807712
18796,,,-13.900357300002371,-171.61751184999866
2712,,,-13.893882488367643,-171.6115434183162
10781,,,-13.907060360975954,-171.61842202568212
9917,,,-13.910762086637908,-171.62333702627046
3040,,,-13.909750305749672,-171.622439981442
16188,,,-13.908123150002014,-171.6190613999985
3493,,,-13.909538036821486,-171.62086044044543
1626,,,-13.908265700002579,-171.61917774999714
8384,,,-13.91056555000096,-171.62344184999967
18485,,,-13.901058948710485,-171.61792956729673
18793,,,-13.91050686084851,-171.6209415665662
442,,,-13.908677604605037,-171.62198228216766
7914,,,-13.90338167367294,-171.6678288114591
17961,,,-13.909969421303533,-171.77962177729032
985,,,-13.90816109833756,-171.781717994141
8263,,,-13.912703772251826,-171.7828457541883
3318,,,-13.914218100000056,-171.78222740000004
3145,,,-13.914127109621964,-171.78227812468495
18153,,,-13.914406950001249,-171.78240215000127
15122,,,-13.915244781637798,-171.78163751499102
15490,,,-13.915442913118358,-171.78191682304225
2940,,,-13.91560125000029,-171.78227170000005
9055,,,-13.916984900005549,-171.78178900000455
18381,,,-13.918094021525363,-171.78199345305168
2076,,,-13.918014376849424,-171.7822699907859
14115,,,-13.918050687026668,-171.78207182080735
17665,,,-13.91859321927338,-171.78209396405035
9403,,,-13.91904202839095,-171.78783037470785
17984,,,-13.919037322605531,-171.7880131599866
19350,,,-13.919030759259519,-171.78813792982254
2523,,,-13.918823000000593,-171.78821774999378
1815,,,-13.917427549999358,-171.78823089999807
12258,,,-13.9174096383803,-171.78836985463252
12226,,,-13.91704708099866,-171.78918378234263
18163,,,-13.916653104883034,-171.79049248060457
13985,,,-13.915812218752922,-171.79198970430105
2647,,,-13.91628054285682,-171.79131283424653
14378,,,-13.914524199996961,-171.78727964999803
16741,,,-13.913699930543233,-171.7875097090493
2365,,,-13.916995393084566,-171.79575980129968
7888,,,-13.921571500005511,-171.80184670000278
14354,,,-13.923164650001796,-171.80284325000022
9345,,,-13.915610259883206,-171.79937923052944
12082,,,-13.917436140462216,-171.80028527309193
6891,,,-13.91759429536887,-171.80050780724213
17788,,,-13.920103076919059,-171.80047946427203
18604,,,-13.918599600001388,-171.80130849999307
6516,,,-13.918599595837364,-171.8008131205837
13939,,,-13.922494050000235,-171.80683265000036
14135,,,-13.915998850010567,-171.80071340000717
6822,,,-13.915757857788856,-171.8008164310781
1728,Residential,Masonry,-13.990414478047576,-171.829215194698
1729,Outbuilding,Masonry,-13.990681337510566,-171.82893436138747
1730,Residential,Masonry,-13.99078956174666,-171.82882184535208
1743,Outbuilding,Masonry,-13.991599349765467,-171.83058677661074
1744,Outbuilding,Masonry,-13.991682062882168,-171.83056610701686
1747,Outbuilding,Masonry,-13.991064814423774,-171.83064571388192
1748,Residential,Masonry,-13.990924795914678,-171.8303439492159
1749,Residential,Masonry,-13.989603151655874,-171.83116983109815
1752,Outbuilding,Masonry,-13.989405912199166,-171.83052350233362
1753,Residential,Masonry,-13.989052754043614,-171.83062847439635
1754,Residential,Masonry,-13.988393088909193,-171.8285081569737
1755,Outbuilding,Masonry,-13.988494211853777,-171.82868595460974
1756,Outbuilding,Masonry,-13.988821884064368,-171.82990472929473
1760,Residential,Masonry,-13.988783488621841,-171.83053735614277
1761,Outbuilding,Masonry,-13.988455201008792,-171.83081134874408
1762,Residential,Masonry,-13.988550048971277,-171.8301429057994
1763,Outbuilding,Masonry,-13.988577150626398,-171.82997560684097
1764,Residential,Masonry,-13.987966074684431,-171.82928568153355
1765,Residential,Masonry,-13.987476585443511,-171.82887572164225
1766,Outbuilding,Masonry,-13.987678083785097,-171.82888729513311
1767,Outbuilding,Masonry,-13.988432960612576,-171.82984905076566
1768,Residential,Masonry,-13.988127565826893,-171.83023305643425
1769,Residential,Masonry,-13.988084069272468,-171.83044034633983
1770,Residential,Masonry,-13.988245069635788,-171.83074593735222
1772,Outbuilding,Masonry,-13.987856085167843,-171.83005015938085
1774,Residential,Masonry,-13.987798498060643,-171.83063708904731
1776,Residential,Masonry,-13.987363103242915,-171.83059675094364
1781,Outbuilding,Masonry,-13.987198105215823,-171.8289780837002
1782,Residential,Masonry,-13.986683066452908,-171.82920611205702
1783,Outbuilding,Masonry,-13.98659038411837,-171.82923806485982
1784,Outbuilding,Masonry,-13.987397553495962,-171.8295533535632
1785,Outbuilding,Masonry,-13.986573859058051,-171.8299175286432
1786,Residential,Masonry,-13.986621729788446,-171.82978813597848
1787,Residential,Masonry,-13.987029193863615,-171.82957294820577
1788,Residential,Masonry,-13.986362694197217,-171.82956433160976
1789,Residential,Masonry,-13.985597347498294,-171.82939294705636
1790,Residential,Masonry,-13.985462152448187,-171.82938769861565
1791,Residential,Masonry,-13.985662233622758,-171.82911217668502
1792,Residential,Masonry,-13.985786661832218,-171.82900606773907
1793,Residential,Masonry,-13.985854814438644,-171.8287952875817
1794,Outbuilding,Masonry,-13.985809990137344,-171.82870490357624
1795,Outbuilding,Masonry,-13.985435625186152,-171.829118659031
1796,Outbuilding,Masonry,-13.98543269441479,-171.8287779547388
1797,Outbuilding,Masonry,-13.985634573212291,-171.8287795402437
1798,Outbuilding,Masonry,-13.9857132399131,-171.82832283459342
1799,Outbuilding,Masonry,-13.985647709526196,-171.82842640396893
1800,Outbuilding,Masonry,-13.985388046685253,-171.82865484560733
1801,Residential,Masonry,-13.986149575941148,-171.8297534901123
1816,Outbuilding,Masonry,-13.985171007962485,-171.83056283270508
1817,Outbuilding,Masonry,-13.985077178465204,-171.83065839375192
1936,Outbuilding,Masonry,-13.980545761167702,-171.83308565679914
1941,Outbuilding,Masonry,-13.982812479124629,-171.83270897253556
1942,Outbuilding,Masonry,-13.98267286519638,-171.83266308714295
1745,Residential,Masonry,-13.990820111442979,-171.8311175015813
1746,Outbuilding,Masonry,-13.990806417828527,-171.83122394885132
1722,Residential,Masonry,-13.992301105120701,-171.83116825206278
1723,Residential,Masonry,-13.992135054324752,-171.8311976189621
1724,Residential,Masonry,-13.992165074129872,-171.83061386191002
1725,Outbuilding,Masonry,-13.992074078299252,-171.83045367091424
1741,Residential,Masonry,-13.99161281693783,-171.83123851959533
1742,Outbuilding,Masonry,-13.991788733774813,-171.83112378669549
1750,Outbuilding,Masonry,-13.989635208446122,-171.83128598903917
1751,Outbuilding,Masonry,-13.98973108669689,-171.83132750429533
1757,Outbuilding,Masonry,-13.988518247586647,-171.83121488976357
1758,Residential,Masonry,-13.988086145702237,-171.83138505386088
1759,Residential,Masonry,-13.987819800985964,-171.831486721116
1771,Residential,Masonry,-13.988014336920973,-171.83079849718354
1773,Residential,Masonry,-13.987779654622434,-171.83076688778502
1775,Religious,Reinforced Concrete,-13.987569660475339,-171.8309547112585
1777,Residential,Masonry,-13.98715940279897,-171.83066471696424
1778,Fale,Masonry,-13.987340024462927,-171.8318047105227
1779,Residential,Masonry,-13.987208573856316,-171.83191791185868
1780,Residential,Masonry,-13.986393792542447,-171.83243017022417
1802,Outbuilding,Masonry,-13.986676649218388,-171.8304393240429
1803,Residential,Masonry,-13.986730037539992,-171.83071323176077
1804,Residential,Masonry,-13.986746927734716,-171.83132561613314
1805,Residential,Masonry,-13.986469779417039,-171.83153670337532
1806,Outbuilding,Masonry,-13.986557500942581,-171.831456288925
1807,Outbuilding,Masonry,-13.986412407116385,-171.83133792563288
1808,Outbuilding,Masonry,-13.986662203411564,-171.8311985471848
1809,Outbuilding,Masonry,-13.986448057817356,-171.8310656101592
1810,Outbuilding,Masonry,-13.98660843636121,-171.83062524946052
1811,Residential,Masonry,-13.986144911224425,-171.83098911156708
1812,Outbuilding,Masonry,-13.986110515489191,-171.83079638896712
1813,Outbuilding,Masonry,-13.986183440543995,-171.8312194574902
1814,Residential,Masonry,-13.98606051293938,-171.83171879154202
1815,Outbuilding,Masonry,-13.98588135264121,-171.83163383955164
1948,Residential,Masonry,-13.984495975607851,-171.83301376887172
1950,Outbuilding,Masonry,-13.98428732274266,-171.83288902126534
1951,Residential,Masonry,-13.985416952223904,-171.83275092063218
1952,Residential,Masonry,-13.984990046096929,-171.8324154260925
1953,Residential,Masonry,-13.985180457438858,-171.83216293532294
1954,Outbuilding,Masonry,-13.985051403513205,-171.83201706343806
1955,Residential,Masonry,-13.985480805086706,-171.83198005623694
1956,Residential,Masonry,-13.985383801924273,-171.83185086403208
1957,Outbuilding,Masonry,-13.985335743294517,-171.83225310618397
550,Residential,Masonry,-13.989683120479343,-171.82226811827658
551,Outbuilding,Masonry,-13.99087964646815,-171.8235021811909
552,Residential,Masonry,-13.987009997529963,-171.82329566800115
553,Residential,Masonry,-13.987530005345944,-171.82427739651774
554,Outbuilding,Masonry,-13.987317113278849,-171.82353104499535
555,Outbuilding,Masonry,-13.98877187797353,-171.8259368194811
556,Outbuilding,Masonry,-13.991200851489952,-171.82773345803906
557,Residential,Masonry,-13.991907841517882,-171.82826294215715
558,Residential,Masonry,-13.992347425672483,-171.82763654957884
559,Outbuilding,Masonry,-13.992555659761448,-171.8272766915895
560,Residential,Masonry,-13.992473710407044,-171.8283317368378
561,Residential,Masonry,-13.992848906886438,-171.8287435099167
562,Outbuilding,Masonry,-13.992986868014373,-171.82850154272688
563,Outbuilding,Masonry,-13.992882691306779,-171.82844695178665
564,Outbuilding,Masonry,-13.99286679750466,-171.82909973502834
565,Residential,Masonry,-13.993036067374938,-171.82982971002906
566,Outbuilding,Masonry,-13.993184933756988,-171.82985694268936
567,Outbuilding,Masonry,-13.993319181835794,-171.82955458622033
568,Outbuilding,Masonry,-13.994032097039089,-171.82908226949166
569,Outbuilding,Masonry,-13.993598266482083,-171.8289112781041
570,Outbuilding,Masonry,-13.994019403784831,-171.82895761942112
571,Outbuilding,Masonry,-13.992987434737199,-171.82560756606034
572,Outbuilding,Masonry,-13.99365836911174,-171.8272124430396
573,Residential,Masonry,-13.994587478645936,-171.82806886165935
574,Outbuilding,Masonry,-13.994489737733144,-171.82818182924197
575,Outbuilding,Masonry,-13.99493575535901,-171.82823931942937
576,Outbuilding,Masonry,-13.994944406255842,-171.82863452816025
577,Outbuilding,Masonry,-13.994665491019099,-171.82867749670066
578,Residential,Masonry,-13.995311224261705,-171.82842796626113
580,Residential,Masonry,-13.992868847414057,-171.82412198612542
581,Residential,Masonry,-13.993577157438372,-171.82495644287076
582,Outbuilding,Masonry,-13.994049092324204,-171.8264500479364
583,Outbuilding,Masonry,-13.994402802182625,-171.82717032984704
584,Outbuilding,Masonry,-13.994176780171504,-171.826583800927
588,Outbuilding,Masonry,-13.996098311162488,-171.8234990408227
589,Residential,Masonry,-13.997053812903502,-171.8233088875469
590,Outbuilding,Masonry,-13.99670786993503,-171.82335743219505
591,Residential,Masonry,-13.996685269212408,-171.82433120009907
592,Outbuilding,Masonry,-13.99626499123801,-171.8240548080769
593,Outbuilding,Masonry,-13.996117695011838,-171.82472578726114
594,Outbuilding,Masonry,-13.996935151325257,-171.82509876074488
618,Residential,Masonry,-13.99586162370166,-171.82873098779538
1726,Residential,Masonry,-13.992413337144605,-171.82961798214407
1727,Outbuilding,Masonry,-13.992347331881243,-171.82955452175216
1731,Residential,Masonry,-13.987803322476143,-171.82628895959905
1732,Outbuilding,Masonry,-13.987445291137794,-171.82586322499017
1733,Residential,Masonry,-13.987489232361558,-171.82573963025243
1734,Residential,Masonry,-13.987614291996417,-171.82573723076803
1735,Residential,Masonry,-13.987429530313728,-171.8256421946586
1736,Residential,Masonry,-13.987392887878707,-171.82554167040183
1737,Outbuilding,Masonry,-13.987326306639027,-171.8255105013668
1738,Residential,Masonry,-13.987497774926943,-171.82540353503737
1739,Residential,Masonry,-13.987446728637702,-171.82517448570078
1740,Outbuilding,Masonry,-13.987657131605605,-171.8255008127801
597,Residential,Masonry,-13.99306938557063,-171.83050935107448
598,Outbuilding,Masonry,-13.993301316605551,-171.8305708790724
602,Outbuilding,Masonry,-13.993747342754267,-171.82988554702598
649,Residential,Masonry,-13.99830663964508,-171.82579933269068
428,Fale,Masonry,-14.00076678283419,-171.82606544597277
429,Residential,Masonry,-14.000926992808376,-171.8257879253269
430,Residential,Masonry,-14.00112629340658,-171.82523849668596
431,Outbuilding,Masonry,-14.0012546559877,-171.82539138075347
432,Residential,Masonry,-14.001683885017519,-171.8247245372105
433,Residential,Masonry,-14.001129508356819,-171.82479985077597
434,Residential,Masonry,-14.001295437618689,-171.82474287809367
435,Residential,Masonry,-14.001448545725335,-171.82454268160237
538,Residential,Masonry,-14.000706168008257,-171.8244011169055
539,Residential,Masonry,-14.00045837847407,-171.82438385812534
541,Residential,Masonry,-14.000201595707479,-171.824623026985
542,Religious,Reinforced Concrete,-14.000569469457215,-171.82468463652674
543,Residential,Masonry,-14.000571686410597,-171.824946781226
544,Residential,Masonry,-14.000340928318082,-171.82485695076141
545,Residential,Masonry,-14.000238326012793,-171.82507350282734
546,Residential,Masonry,-13.99983238265292,-171.82632806733275
547,Residential,Masonry,-13.999604232896912,-171.82621169117968
548,Residential,Masonry,-13.999774884868133,-171.82711939468717
549,Residential,Masonry,-13.999366969760814,-171.8263178186446
579,Outbuilding,Masonry,-13.99539857870453,-171.82852630412347
585,Outbuilding,Masonry,-13.994689175213425,-171.82749896959672
586,Outbuilding,Masonry,-13.995240232545923,-171.82757586162143
595,Residential,Masonry,-13.996958195344433,-171.82575454543726
596,Outbuilding,Masonry,-13.997368759041642,-171.8263950398864
599,Residential,Masonry,-13.993535602378879,-171.83061674461723
600,Residential,Masonry,-13.994003923056871,-171.83014544054578
601,Residential,Masonry,-13.993996722313032,-171.83043068482854
603,Outbuilding,Masonry,-13.994289397480898,-171.82973953598562
604,Residential,Masonry,-13.994410621754461,-171.83019926156578
605,Residential,Masonry,-13.994827446632486,-171.83054798010662
606,Residential,Masonry,-13.994844470990664,-171.83002463320494
607,Residential,Masonry,-13.995524337385447,-171.82997898814048
608,Fale,Masonry,-13.994715642685502,-171.82989990029412
609,Residential,Masonry,-13.99579610467966,-171.82953919152843
610,Residential,Masonry,-13.996032423935453,-171.82957030807052
611,Residential,Masonry,-13.996252620927548,-171.82944530928444
612,Residential,Masonry,-13.99643230815763,-171.82932870615798
613,Residential,Masonry,-13.996112587434746,-171.82930519313476
614,Residential,Masonry,-13.99626036803705,-171.82914624144405
615,Residential,Masonry,-13.995720497509184,-171.82914492794998
616,Residential,Masonry,-13.995889674021225,-171.8288897059875
617,Outbuilding,Masonry,-13.995832276159437,-171.82902339590447
619,Residential,Masonry,-13.996385177007694,-171.8287960334711
620,Residential,Masonry,-13.996649824646488,-171.82903035124173
621,Residential,Masonry,-13.996873679251493,-171.82892822440283
622,Residential,Masonry,-13.996785665882946,-171.82877627153815
623,Residential,Masonry,-13.996706701707852,-171.82861547627402
624,Residential,Masonry,-13.996245643235328,-171.82850488982686
625,Residential,Masonry,-13.996988677895706,-171.8286482511213
626,Residential,Masonry,-13.996393953059613,-171.82817799945514
627,Residential,Masonry,-13.997329927973674,-171.82844909046975
628,Residential,Masonry,-13.997157695582201,-171.82835225615625
629,Outbuilding,Masonry,-13.997210999626915,-171.82825557126506
630,Residential,Masonry,-13.997007820732083,-171.8284513844432
631,Residential,Masonry,-13.996812534436508,-171.8276510924171
632,Residential,Masonry,-13.996638362220857,-171.82784581628457
633,Outbuilding,Masonry,-13.996582078176163,-171.8276997110892
634,Outbuilding,Masonry,-13.996587798001796,-171.82754416389238
635,Residential,Masonry,-13.99668801805628,-171.8274404026627
636,Outbuilding,Masonry,-13.997392041896665,-171.8280266968839
637,Residential,Masonry,-13.997589552381719,-171.827710192649
638,Residential,Masonry,-13.997803108482175,-171.82788069640858
639,Residential,Masonry,-13.997826415464745,-171.82764598998304
640,Residential,Masonry,-13.99771528560572,-171.82750347145395
641,Residential,Masonry,-13.99756971229093,-171.8274686763583
642,Residential,Masonry,-13.997724409686393,-171.8270477236944
643,Residential,Masonry,-13.997807825962346,-171.8266976669091
644,Residential,Masonry,-13.99813635806568,-171.8264248296923
645,Outbuilding,Masonry,-13.997722383680305,-171.82652315522216
646,Residential,Masonry,-13.998728349333765,-171.82700495068715
647,Residential,Masonry,-13.998547266742364,-171.8269802408954
648,Outbuilding,Masonry,-13.998471066301068,-171.82680189983915
650,Residential,Masonry,-13.998458903930072,-171.82614003892326
651,Residential,Masonry,-13.998877280844692,-171.8264469122075
652,Outbuilding,Masonry,-13.998699461278589,-171.82645581999955
653,Religious,Reinforced Concrete,-13.998922407500269,-171.82673066280512
654,Residential,Masonry,-13.99914895755093,-171.8264969704184
655,Residential,Masonry,-13.99902487340273,-171.8263118783497
656,Residential,Masonry,-13.994004719174821,-171.8312515822088
657,Residential,Masonry,-13.994162876672117,-171.83129964737387
658,Residential,Masonry,-13.994573566463702,-171.83130610613262
659,Residential,Masonry,-13.994868940382776,-171.83120323592522
660,Outbuilding,Masonry,-13.995005233359723,-171.83117929754974
661,Outbuilding,Masonry,-13.9951747622372,-171.8311383761246
662,Residential,Masonry,-13.995251236189509,-171.83104889320097
663,Residential,Masonry,-13.995340930418603,-171.8311411197153
664,Outbuilding,Masonry,-13.995457040110644,-171.83089390986734
665,Commercial - not verified,Masonry,-13.995648486683573,-171.83079338689663
666,Residential,Masonry,-13.996022163559214,-171.83034203676854
667,Residential,Masonry,-13.996212541437087,-171.83031363464377
668,Residential,Masonry,-13.996298796920104,-171.83016175995704
669,Residential,Masonry,-13.996936917362259,-171.82949419550008
670,Residential,Masonry,-13.997029988464957,-171.82941092607683
671,Residential,Masonry,-13.997618760710925,-171.82895087005687
672,Residential,Masonry,-13.998127797425324,-171.8282667838889
673,Residential,Masonry,-13.998503819965528,-171.827926724164
491,Residential,Masonry,-13.997662716717164,-171.81806115841684
492,Outbuilding,Masonry,-13.997789442007681,-171.81789698590558
493,Residential,Masonry,-13.996700441433177,-171.8168650346311
494,Residential,Masonry,-13.996292230422178,-171.8169068381869
495,Outbuilding,Masonry,-13.995583323484848,-171.81644598219683
496,Outbuilding,Masonry,-13.995794068314588,-171.8172969609334
497,Residential,Masonry,-13.996115010647614,-171.817158788139
498,Residential,Masonry,-13.996296179055628,-171.81729907264943
499,Outbuilding,Masonry,-13.996369504328188,-171.81740616023703
500,Outbuilding,Masonry,-13.9966764829921,-171.81774719130314
501,Residential,Masonry,-13.997034986691625,-171.81824515344536
502,Outbuilding,Masonry,-13.99714538017206,-171.818255652645
587,Residential,Timber,-13.994443854051436,-171.82104432517602
486,Outbuilding,Masonry,-13.99853671070863,-171.81904185115977
488,Outbuilding,Masonry,-13.998710383733082,-171.81910960278043
489,Outbuilding,Masonry,-13.998607102641087,-171.8190694137993
490,Outbuilding,Masonry,-13.997992838348859,-171.81876318006627
503,Residential,Masonry,-13.998463706722234,-171.81985230469536
504,Outbuilding,Masonry,-13.998398744796233,-171.81997874956522
525,Outbuilding,Masonry,-13.998769770981339,-171.82273562213143
526,Outbuilding,Masonry,-13.999145565092572,-171.82376510825097
9,Residential,Masonry,-14.000692757829512,-171.82246172873778
10,Residential,Masonry,-14.000751452658822,-171.82178067455203
11,Residential,Masonry,-14.00063016369019,-171.82161150726498
436,Outbuilding,Masonry,-14.00132367336549,-171.8242856313788
437,Outbuilding,Masonry,-14.0012253869556,-171.823992932589
438,Residential,Masonry,-14.00117620540053,-171.82366550588307
439,Residential,Masonry,-14.001271849641181,-171.82348809671208
440,Residential,Masonry,-14.001230908676128,-171.82277574894997
441,Residential,Masonry,-14.001246444816141,-171.8225721628332
442,Residential,Masonry,-14.001278600408716,-171.82198826958572
443,Residential,Masonry,-14.001135619166758,-171.8215704411711
444,Outbuilding,Masonry,-14.00116637437375,-171.82175489262127
445,Outbuilding,Masonry,-14.001110184753832,-171.82069598823315
446,Outbuilding,Masonry,-14.00102309440767,-171.8210442932375
447,Outbuilding,Masonry,-14.001139966478066,-171.82096429678438
448,Residential,Masonry,-14.001330806478647,-171.81956763744572
449,Residential,Masonry,-14.001459657421785,-171.8193580056636
472,Residential,Masonry,-14.000093523364072,-171.81927088848096
474,Residential,Masonry,-13.99997744278769,-171.8193604937815
475,Outbuilding,Masonry,-14.000259892415643,-171.81939695009774
476,Residential,Masonry,-14.000305428000374,-171.81989821565233
477,Residential,Masonry,-14.000293942477532,-171.8202377408435
478,Residential,Masonry,-13.999911421815154,-171.82011748594599
479,Residential,Masonry,-14.000522055327199,-171.82087241153664
480,Residential,Masonry,-13.999485139416846,-171.8198755570881
481,Residential,Masonry,-13.999221090099581,-171.81953832039102
482,Fale,Masonry,-13.999358317428657,-171.81953561936052
483,Residential,Masonry,-13.998816074797247,-171.81942534434484
484,Outbuilding,Masonry,-13.999130552221255,-171.8193956098356
485,Outbuilding,Masonry,-13.998917450079263,-171.81928449659807
487,Outbuilding,Masonry,-13.99860578482816,-171.81923507032556
505,Residential,Masonry,-13.999564388740298,-171.82065453428828
506,Outbuilding,Masonry,-13.999712807837426,-171.82073663015024
507,Outbuilding,Masonry,-13.99982759525779,-171.8207728800881
508,Outbuilding,Masonry,-14.000351593025819,-171.82109072685643
509,Residential,Masonry,-14.00045116746794,-171.82112865672607
510,Outbuilding,Masonry,-14.000608777673552,-171.82126909717968
511,Residential,Masonry,-14.00063879927574,-171.82141873764255
512,Residential,Masonry,-14.000139229324777,-171.82174469831435
513,Outbuilding,Masonry,-14.000484386057131,-171.82182102848785
514,Outbuilding,Masonry,-14.000401734629692,-171.82181172230423
515,Residential,Masonry,-14.000035679889107,-171.8220812902667
516,Residential,Masonry,-14.000611664568213,-171.82198006388404
517,Outbuilding,Masonry,-14.00048576989112,-171.82201599539894
518,Residential,Masonry,-14.000579913193326,-171.82216625910496
519,Residential,Masonry,-14.000651063226057,-171.82264850517973
520,Outbuilding,Masonry,-14.000497867465807,-171.82271116095222
521,Outbuilding,Masonry,-14.000363954124104,-171.82249396362204
522,Fale,Timber,-14.000444409043794,-171.82254530174052
523,Residential,Masonry,-14.000569706565086,-171.822987894179
524,Outbuilding,Masonry,-14.000152137091977,-171.82306190895733
527,Residential,Masonry,-13.99956503995327,-171.82397400044147
528,Residential,Masonry,-13.999680814995866,-171.82355854261476
529,Outbuilding,Masonry,-13.999501547539149,-171.82305374946014
530,Residential,Masonry,-14.000059092216125,-171.82343267032797
531,Residential,Masonry,-14.000502452175546,-171.82339977076924
532,Religious,Masonry,-14.00073408523729,-171.82327637839978
533,Residential,Masonry,-14.000744577077034,-171.8234512636644
534,Residential,Masonry,-14.000666795433794,-171.82364723722802
535,Residential,Masonry,-14.000854644568435,-171.8237265034068
536,Residential,Masonry,-14.000632287927424,-171.8240196244717
537,Outbuilding,Masonry,-14.00056716879035,-171.82396862572168
540,Outbuilding,Masonry,-14.000261615054237,-171.82428842659317
460,Residential,Masonry,-14.002399047138775,-171.81483615161736
1105,Outbuilding,Masonry,-14.000612332423442,-171.78977437325366
9080,,,-13.9954314943921,-171.78449516896032
15381,,,-13.992275349999936,-171.78680839999666
11228,,,-13.992633249999832,-171.78658374999299
18203,,,-13.993215050002856,-171.78655584999964
14429,,,-13.991068000002512,-171.78325175000072
5611,,,-13.991043580477747,-171.78480206937164
3227,,,-13.995404699999938,-171.78460399999977
3715,,,-13.992185000003962,-171.7866799499998
8512,,,-13.995222450000446,-171.78452969999898
926,Commercial,Masonry,-14.008394617307976,-171.78871675284535
927,Commercial,Masonry,-14.008323725352826,-171.78881015909224
928,Commercial,Masonry,-14.008272658553631,-171.78892067387852
930,Commercial,Masonry,-14.008213798062009,-171.78869436320375
1000,Residential,Masonry,-14.006532746243959,-171.79201607093876
1013,Residential,Masonry,-14.006067604181304,-171.7935071382214
1014,Residential,Masonry,-14.00600469836345,-171.79330007003222
1015,Outbuilding,Masonry,-14.006144672151912,-171.79322222283852
1016,Residential,Masonry,-14.005847471142998,-171.7930995460618
1018,Residential,Masonry,-14.0053965355065,-171.7936668051846
1019,Residential,Masonry,-14.005439608506766,-171.79355801630527
1062,Residential,Masonry,-14.004688282026754,-171.79376838365442
1063,Residential,Masonry,-14.004864376103273,-171.79385938761519
923,Hotel,Masonry,-14.009487732761965,-171.7889679801636
924,Hotel - not verified,Masonry,-14.008722881805774,-171.78890315793683
933,Tourist Fale,Timber,-14.008618656459689,-171.7895721500952
934,Tourist Fale,Timber,-14.008612772298818,-171.78962593958246
935,Tourist Fale,Timber,-14.008617500848928,-171.78967896802152
936,Commercial,Masonry,-14.008269313215317,-171.79059182720536
937,Tourist Fale,Timber,-14.008632977755378,-171.79065787427058
938,Commercial,Masonry,-14.008458936497881,-171.7903461860245
939,Tourist Fale,Timber,-14.008638182392625,-171.79058271771677
940,Tourist Fale,Timber,-14.008642500637036,-171.79053395831394
941,Tourist Fale,Timber,-14.008638192184822,-171.7904857143834
942,Tourist Fale,Timber,-14.008641221822451,-171.79007590426707
943,Tourist Fale,Timber,-14.008621848185014,-171.79001289881853
944,Tourist Fale,Timber,-14.008623956671054,-171.78995545130041
945,Tourist Fale,Timber,-14.00862198617893,-171.78989031745778
946,Tourist Fale,Timber,-14.008616722677518,-171.78983808942755
947,Hotel,Masonry,-14.008666039530285,-171.79094430127267
948,Hotel,Masonry,-14.008639105409584,-171.79112434795323
949,Hotel,Masonry,-14.008571158462544,-171.7914051220416
950,Hotel,Masonry,-14.008326572943234,-171.79132526018145
951,Hotel,Masonry,-14.00831700468263,-171.79118948155815
952,Hotel,Timber,-14.008614439037292,-171.7918036079139
953,Hotel,Timber,-14.008479088559495,-171.7917839228801
954,Hotel,Timber,-14.008465500661748,-171.79160991563865
955,Hotel,Timber,-14.008296455886672,-171.7918040484503
956,Hotel,Timber,-14.008025636149927,-171.79162575225925
957,Hotel,Masonry,-14.008217436761745,-171.79159965972428
958,Hotel,Masonry,-14.008102636329102,-171.79198457446049
959,Hotel,Masonry,-14.007825623618778,-171.7918915035182
960,Commercial,Masonry,-14.007734179672383,-171.79140096838012
961,Commercial,Masonry,-14.007608133517635,-171.7912702540238
962,Commercial,Masonry,-14.007266565388498,-171.79131585170464
963,Hotel,Masonry,-14.007578010152583,-171.7919967648764
964,Commercial,Masonry,-14.007024112071576,-171.79226846435654
965,Commercial,Masonry,-14.007203212023926,-171.79233925152369
966,Commercial,Masonry,-14.006926304345868,-171.79239605273978
967,Hotel,Masonry,-14.007376213837233,-171.7924715513313
968,Hotel,Masonry,-14.007538537298549,-171.7924031302868
969,Hotel,Masonry,-14.00799142176063,-171.79238691600884
970,Hotel,Masonry,-14.007893699514078,-171.7921077001178
972,Tourist Fale,Timber,-14.008443171379072,-171.79263850803335
973,Commercial,Masonry,-14.00829887473752,-171.79287345122222
974,Tourist Fale,Timber,-14.008494960431621,-171.79292642115132
975,Tourist Fale,Timber,-14.00851774929318,-171.7930785930398
976,Tourist Fale,Timber,-14.008522445601164,-171.7932431236284
977,Tourist Fale,Timber,-14.008537212921242,-171.79335640336316
978,Tourist Fale,Timber,-14.008548913017034,-171.79345990286566
979,Tourist Fale,Timber,-14.008557099322427,-171.79356677273847
980,Tourist Fale,Timber,-14.009071037015536,-171.7937794327275
986,Hotel,Masonry,-14.00770491802309,-171.79309359568126
992,Tourist Fale,Masonry,-14.007426904233355,-171.79413294813605
993,Tourist Fale,Masonry,-14.007386976670697,-171.79416596620777
994,Tourist Fale,Masonry,-14.007353104248502,-171.79421175514742
995,Tourist Fale,Masonry,-14.007311045342792,-171.7942477005094
996,Residential,Masonry,-14.007263158333817,-171.79402272221998
997,Tourist Fale,Masonry,-14.007280625414591,-171.79429379625677
998,Hotel,Masonry,-14.007066664157012,-171.79424869575334
999,Tourist Fale,Masonry,-14.00723863251035,-171.7943338210093
1012,Outbuilding,Masonry,-14.006118465414993,-171.79376655622906
1017,Residential,Masonry,-14.005368877585175,-171.79393393496906
53,Residential,Masonry,-14.010231019669488,-171.75964829123842
54,Residential,Masonry,-14.010093868163684,-171.75968000879615
55,Residential,Masonry,-14.010150050309024,-171.75991283227546
56,Residential,Masonry,-14.010150062762628,-171.76016860832615
57,Residential,Masonry,-14.010070978636682,-171.76034422562896
58,Residential,Masonry,-14.010060540172168,-171.76062404827533
59,Residential,Masonry,-14.01003927990405,-171.7611490957437
60,Outbuilding,Masonry,-14.010100403662411,-171.76134666418417
61,Outbuilding,Masonry,-14.009797186178725,-171.76121623495482
62,Residential,Masonry,-14.009995907971652,-171.76155758132438
63,Residential,Masonry,-14.00993972171153,-171.7617722105893
64,Outbuilding,Masonry,-14.010026406716559,-171.76222243468786
65,Residential,Masonry,-14.009651284312776,-171.76265041389314
66,Residential,Masonry,-14.009553711253083,-171.76284191495557
67,Outbuilding,Masonry,-14.009901955889685,-171.76295869724024
68,Outbuilding,Masonry,-14.010453823909973,-171.76298278832456
69,Residential,Masonry,-14.009510067319464,-171.76395939408224
70,Residential,Masonry,-14.008663653716162,-171.7658723247738
71,Outbuilding,Masonry,-14.008815478553343,-171.76585965514965
72,Residential,Masonry,-14.008857296080715,-171.76609406066632
73,Outbuilding,Masonry,-14.008765624490644,-171.76609502002847
74,Residential,Masonry,-14.004583355402048,-171.76747174785572
75,Outbuilding,Masonry,-14.004736027894753,-171.76754637426927
76,Residential,Masonry,-14.004494882474322,-171.76562819170726
77,Outbuilding,Masonry,-14.004627623046586,-171.76569652032504
78,Residential,Masonry,-14.004633894780952,-171.7649936723498
79,Outbuilding,Masonry,-14.004871516350311,-171.7651664167778
80,Residential,Masonry,-14.005756868644244,-171.76580910367153
81,Residential,Masonry,-14.006418912062538,-171.7657339728358
82,Residential,Masonry,-14.00767810935337,-171.76699715876552
83,Outbuilding,Masonry,-14.007555341649715,-171.76695785662795
84,Outbuilding,Masonry,-14.007471581182228,-171.76715343946884
85,Residential,Masonry,-14.00910498089012,-171.7674832890932
86,Residential,Masonry,-14.009379554272837,-171.76723408746656
87,Outbuilding,Masonry,-14.009774618737124,-171.76686120466164
88,Residential,Masonry,-14.009690785263738,-171.765911005301
89,Outbuilding,Masonry,-14.009786694286808,-171.76578547218602
90,Residential,Masonry,-14.010001123673105,-171.76442679915868
91,Outbuilding,Masonry,-14.01014715524929,-171.76434146513003
92,Residential,Masonry,-14.010567135092897,-171.7624756632831
93,Outbuilding,Masonry,-14.010481971180683,-171.76237022852104
94,Outbuilding,Masonry,-14.010650644543162,-171.76238058134484
95,Outbuilding,Masonry,-14.0107442275323,-171.76174338873227
96,Outbuilding,Masonry,-14.010782218161454,-171.76162708862583
97,Residential,Masonry,-14.010892463062202,-171.761106532693
98,Residential,Masonry,-14.010754023801855,-171.76082191646913
99,Residential,Masonry,-14.010545715402628,-171.76085598812577
100,Residential,Masonry,-14.010568764694108,-171.76072217530466
101,Outbuilding,Masonry,-14.010637859193807,-171.76051686753962
102,Outbuilding,Masonry,-14.010717153259048,-171.76056482456335
103,Outbuilding,Masonry,-14.010710294156686,-171.75979167613445
104,Residential,Masonry,-14.010822545863427,-171.75956429881077
105,Residential,Masonry,-14.010961778096217,-171.75968862182654
144,Residential,Masonry,-14.002325973248578,-171.7841678115509
145,Outbuilding,Masonry,-14.00240441916014,-171.78391746137444
146,Outbuilding,Masonry,-14.002928655073326,-171.78437738970098
147,Outbuilding,Masonry,-14.00394898153644,-171.78457915545036
148,Outbuilding,Masonry,-14.00382306723246,-171.7846743438987
149,Outbuilding,Masonry,-14.005088156356987,-171.78488289916643
150,Outbuilding,Masonry,-14.004968419842152,-171.7847520799087
151,Residential,Masonry,-14.005483307895256,-171.7841560769898
152,Residential,Masonry,-14.005418321913007,-171.78408151821844
153,Residential,Masonry,-14.005593727513277,-171.78402329681413
154,Outbuilding,Masonry,-14.005724931446155,-171.78414202162023
155,Residential,Masonry,-14.005740499016667,-171.78302712192107
156,Residential,Masonry,-14.006051813201484,-171.78204656414314
157,Residential,Masonry,-14.006035013397023,-171.7818303185545
158,Residential,Masonry,-14.006290165100145,-171.78163343252513
159,Residential,Masonry,-14.006348276834874,-171.78112441962026
160,Residential,Masonry,-14.006404831720122,-171.78094529825344
161,Residential,Masonry,-14.006265331242039,-171.7808587972898
162,Residential,Masonry,-14.006547349086448,-171.78033322507545
163,Outbuilding,Masonry,-14.006462962743573,-171.78019173116078
164,Residential,Masonry,-14.006611977430136,-171.78013134913118
165,Outbuilding,Masonry,-14.0063789374851,-171.7801212448124
166,Residential,Masonry,-14.006616600021324,-171.77940251315906
167,Outbuilding,Masonry,-14.005582105365361,-171.7792331183479
168,Outbuilding,Masonry,-14.004111874810743,-171.77895266621115
169,Residential,Masonry,-14.003976603786267,-171.77902408192494
170,Residential,Masonry,-14.00446099113296,-171.7807179827145
171,Outbuilding,Masonry,-14.003338335060564,-171.78026653948243
172,Residential,Masonry,-14.00637285922038,-171.78381523391687
173,Outbuilding,Masonry,-14.006447652110115,-171.783681373901
174,Residential,Masonry,-14.006208781037767,-171.7842586330088
175,Residential,Masonry,-14.00602486608828,-171.7844276346871
176,Outbuilding,Masonry,-14.005973713678925,-171.7847012142785
177,Residential,Masonry,-14.005760585825842,-171.7849295098443
178,Residential,Masonry,-14.005678125506424,-171.78554451847177
179,Residential,Masonry,-14.00597025873694,-171.78533328577686
180,Residential,Masonry,-14.00741246935723,-171.78461028018162
181,Outbuilding,Masonry,-14.007519854771784,-171.78463817790657
182,Residential,Masonry,-14.008024518433828,-171.78540490647288
183,Outbuilding,Masonry,-14.008046784594764,-171.7852633765757
184,Residential,Masonry,-14.008922252047155,-171.7854328960918
185,Fale,Timber,-14.008695104769332,-171.78521336529613
186,Outbuilding,Masonry,-14.008901890843312,-171.7853044120926
187,Outbuilding,Masonry,-14.00899955827922,-171.78529758584995
188,Residential,Masonry,-14.007156586876585,-171.78050943548538
189,Outbuilding,Masonry,-14.00707626453718,-171.78286173018572
190,Outbuilding,Masonry,-14.008845471845413,-171.78354222962693
244,Outbuilding,Masonry,-14.009410465167901,-171.77960356614636
245,Residential,Masonry,-14.009002089261946,-171.77957083399687
246,Residential,Masonry,-14.008761159576512,-171.77944148477212
247,Outbuilding,Masonry,-14.008784865111577,-171.77960945459296
290,Fale,Masonry,-14.009441946102363,-171.77907347035276
298,Outbuilding,Masonry,-14.009044886428342,-171.77742327587393
299,Outbuilding,Masonry,-14.008820476553677,-171.77691482738226
300,Residential,Masonry,-14.008611302383999,-171.7769673181617
301,Residential,Masonry,-14.008578130289893,-171.7771141293969
302,Residential,Masonry,-14.00755674453249,-171.77864176559044
303,Outbuilding,Masonry,-14.007758804177524,-171.77851911103616
304,Residential,Masonry,-14.008287072393616,-171.77833125911363
305,Outbuilding,Masonry,-14.008505007795579,-171.77810617647629
306,Outbuilding,Masonry,-14.00865727634133,-171.77808065945953
307,Residential,Masonry,-14.008279765082555,-171.77774515791216
308,Residential,Masonry,-14.007990803455217,-171.77672330125742
309,Outbuilding,Masonry,-14.007809934883024,-171.77697384464065
310,Outbuilding,Masonry,-14.008013017090981,-171.77687683890858
311,Residential,Masonry,-14.005923106828071,-171.77848433620878
312,Residential,Masonry,-14.007162656644283,-171.7785557472897
313,Outbuilding,Masonry,-14.00824789180924,-171.7684304733067
314,Outbuilding,Masonry,-14.00827482074949,-171.7686111769207
315,Outbuilding,Masonry,-14.008113889341386,-171.7684158451517
316,Residential,Masonry,-14.007309301954267,-171.7777209254009
317,Outbuilding,Masonry,-14.007005770168877,-171.77730420538845
318,Residential,Masonry,-14.007317443610791,-171.77691687939577
319,Outbuilding,Masonry,-14.007236310180355,-171.77703974758506
320,Residential,Masonry,-14.006830163175213,-171.77646364885254
324,Residential,Masonry,-14.009896301594077,-171.77278375565982
325,Residential,Masonry,-14.009087480372802,-171.7725888095092
327,Residential,Masonry,-14.00934012286153,-171.77533614837213
328,Residential,Masonry,-14.00893770339203,-171.77475897268022
329,Outbuilding,Masonry,-14.009028145226893,-171.77463337184307
330,Outbuilding,Masonry,-14.008910869151832,-171.77452101040936
331,Residential,Masonry,-14.007948901223717,-171.77620876212214
332,Residential,Masonry,-14.007792349852057,-171.7756706463125
333,Residential,Masonry,-14.007774084245534,-171.77539895103084
334,Residential,Masonry,-14.007980086851111,-171.77540246671714
335,Outbuilding,Masonry,-14.00808020296721,-171.77547674286149
336,Residential,Masonry,-14.007779143744962,-171.77523097521876
337,Outbuilding,Masonry,-14.00791427701045,-171.77523726637193
338,Fale,Masonry,-14.008038640107046,-171.7752860042722
339,Outbuilding,Masonry,-14.008288851976006,-171.77472258227806
340,Outbuilding,Masonry,-14.007808335506333,-171.77460873603434
341,Outbuilding,Masonry,-14.007868147651482,-171.77468829509317
342,Outbuilding,Masonry,-14.00776967664746,-171.77471791071676
343,Residential,Masonry,-14.007837623093375,-171.77486829710963
344,Outbuilding,Masonry,-14.007706887466874,-171.7746808450338
345,Outbuilding,Masonry,-14.00775060665964,-171.7745999121017
346,Outbuilding,Masonry,-14.0077451840148,-171.77498119365808
347,Residential,Masonry,-14.008047550736254,-171.77378721822402
348,Residential,Masonry,-14.008060752175497,-171.77342713016077
349,Residential,Masonry,-14.007893777445828,-171.77345351747357
350,Residential,Masonry,-14.007921726391048,-171.7732976648804
351,Outbuilding,Masonry,-14.00797299431191,-171.773133979211
352,Residential,Masonry,-14.008153646194687,-171.77320877737034
353,Outbuilding,Masonry,-14.008340277302374,-171.7732566641309
354,Outbuilding,Masonry,-14.008397883462004,-171.7731222319472
355,Residential,Masonry,-14.008156039526902,-171.77304051417016
356,Residential,Masonry,-14.008564684532818,-171.77279654425766
357,Residential,Masonry,-14.008273428319919,-171.77276287777556
358,Outbuilding,Masonry,-14.00859384317335,-171.77335076003288
359,Outbuilding,Masonry,-14.008764695764679,-171.77322644869884
360,Residential,Masonry,-14.00828522914692,-171.77211585367328
361,Outbuilding,Masonry,-14.008504284482981,-171.7721947323554
362,Outbuilding,Masonry,-14.008716985464348,-171.77179228284498
363,Residential,Masonry,-14.0084551049606,-171.77170785367844
364,Residential,Masonry,-14.008390040761704,-171.7714920988426
365,Residential,Masonry,-14.008217902942812,-171.7716642868278
366,Outbuilding,Masonry,-14.008314387997368,-171.77127596477698
367,Residential,Masonry,-14.008781655890331,-171.77101290841722
368,Residential,Masonry,-14.008660547432775,-171.77074309227245
369,Outbuilding,Masonry,-14.008878582609386,-171.7689442238952
370,Residential,Masonry,-14.008815629771426,-171.76961756834305
371,Outbuilding,Masonry,-14.008717404172536,-171.77024166213047
372,Outbuilding,Masonry,-14.008878324256832,-171.7703019810466
373,Outbuilding,Masonry,-14.007760735665228,-171.76874010309402
374,Residential,Masonry,-14.007690464167629,-171.76910585423812
375,Residential,Masonry,-14.007815706427833,-171.76925979542614
376,Residential,Masonry,-14.00799132383999,-171.76916990716313
377,Residential,Masonry,-14.008049059862488,-171.76997656456675
378,Outbuilding,Masonry,-14.008028553304221,-171.7698027732491
379,Residential,Masonry,-14.007807748669169,-171.7702648962021
380,Outbuilding,Masonry,-14.00782917927165,-171.77044975487962
381,Residential,Masonry,-14.007522395211252,-171.77188786579984
382,Outbuilding,Masonry,-14.007153631045558,-171.77240087554918
383,Outbuilding,Masonry,-14.007353930824815,-171.77329613316758
384,Outbuilding,Masonry,-14.007367607462621,-171.7728715609843
385,Outbuilding,Masonry,-14.006956067542758,-171.7730537661914
386,Residential,Masonry,-14.006243093710918,-171.7737333774348
387,Outbuilding,Masonry,-14.00623763961377,-171.77362117342602
388,Outbuilding,Masonry,-14.006395050655378,-171.7737434505471
389,Outbuilding,Masonry,-14.00451829761714,-171.77310375539466
390,Outbuilding,Masonry,-14.004356171496497,-171.77309739776925
391,Outbuilding,Masonry,-14.004238346170542,-171.7742337672198
392,Residential,Masonry,-14.004075980116566,-171.77417598853185
393,Outbuilding,Masonry,-14.00411791832595,-171.77431756682685
394,Residential,Masonry,-14.004844366962976,-171.774491526297
395,Fale,Masonry,-14.004709167296697,-171.77442497410428
396,Outbuilding,Masonry,-14.004938250943614,-171.77453301262653
397,Outbuilding,Masonry,-14.005032924735616,-171.77454215975143
398,Outbuilding,Masonry,-14.00495265880278,-171.77466011622286
399,Outbuilding,Masonry,-14.004715873222334,-171.77472578679232
400,Residential,Masonry,-14.004448864703347,-171.7755802707225
401,Residential,Masonry,-14.004117728736203,-171.77544378963128
402,Residential,Masonry,-14.00422114836948,-171.77565385508882
403,Outbuilding,Masonry,-14.004021344656607,-171.77557371662772
404,Fale,Timber,-14.004085558259735,-171.77568348418737
405,Outbuilding,Masonry,-14.004072764435959,-171.7758025618112
406,Residential,Masonry,-14.005914970533391,-171.7749417085639
407,Outbuilding,Masonry,-14.005966013658862,-171.77506717970567
408,Residential,Masonry,-14.006385285263178,-171.77585528966773
409,Outbuilding,Masonry,-14.006572548458443,-171.7757798337901
410,Residential,Masonry,-14.006726336644101,-171.77588711028628
411,Outbuilding,Masonry,-14.006850565653089,-171.77569624282629
412,Outbuilding,Masonry,-14.006528912916904,-171.77553461723065
413,Outbuilding,Masonry,-14.006645603515048,-171.77552121700037
414,Fale,Masonry,-14.007070391430434,-171.77587508613186
415,Residential,Masonry,-14.0072192608852,-171.7755884981797
416,Residential,Masonry,-14.00711579399763,-171.77548681197104
417,Outbuilding,Masonry,-14.006975731417729,-171.7754010463858
418,Outbuilding,Masonry,-14.006666902074919,-171.7752398225125
419,Residential,Masonry,-14.007144001430152,-171.77510802244873
420,Residential,Masonry,-14.007240767999754,-171.77472378666735
421,Outbuilding,Masonry,-14.007279286039394,-171.77465551808154
422,Residential,Masonry,-14.007156808781245,-171.77457157880625
423,Residential,Masonry,-14.007221042548696,-171.77438990737647
424,Outbuilding,Masonry,-14.00706594802229,-171.7744692850409
425,Outbuilding,Masonry,-14.0070766227511,-171.7743465053898
426,Outbuilding,Masonry,-14.006908622511032,-171.77438441879758
427,Outbuilding,Masonry,-14.007158421589802,-171.77426670326975
893,Residential,Masonry,-14.009530354109085,-171.78595019447997
894,Residential,Masonry,-14.008201921377486,-171.7859928529666
896,Commercial,Masonry,-14.009283245121884,-171.78672470448726
925,Commercial,Masonry,-14.00848646579838,-171.7886422302862
929,Commercial,Masonry,-14.008302729229015,-171.7885855303472
931,Commercial,Masonry,-14.008171725660615,-171.7884945627464
932,Commercial,Masonry,-14.008031191273393,-171.7884811072979
1021,Outbuilding,Masonry,-14.007873247116917,-171.78600110471547
1022,Outbuilding,Masonry,-14.008006010054467,-171.78604560037456
1023,Outbuilding,Masonry,-14.00793396633469,-171.78605905295845
1024,Residential,Masonry,-14.005647339386217,-171.78632731176518
1025,Outbuilding,Masonry,-14.005792280625618,-171.78637124008696
1026,Residential,Masonry,-14.004010804912781,-171.78545489358638
1027,Residential,Masonry,-14.003892312040923,-171.78526743267187
1028,Residential,Masonry,-14.003864708643937,-171.78538508520882
1029,Outbuilding,Masonry,-14.00378797038291,-171.78525351390138
1030,Residential,Masonry,-14.002925095079181,-171.7856037541264
1031,Residential,Masonry,-14.00281789221726,-171.7855819980785
1032,Residential,Masonry,-14.002736785836063,-171.7855184308994
1033,Residential,Masonry,-14.0026115511218,-171.78545083564285
1034,Outbuilding,Masonry,-14.002313985241416,-171.7858158633234
1035,Outbuilding,Masonry,-14.005608084864473,-171.78748507985193
1036,Residential,Masonry,-14.005381526191256,-171.78678712552744
1037,Fale,Masonry,-14.005480116139728,-171.78675650157663
1038,Outbuilding,Masonry,-14.005383310678905,-171.78700530151798
1040,Residential,Masonry,-14.004735492989521,-171.786697626007
1041,Outbuilding,Masonry,-14.004614652036778,-171.78680126857157
17903,,,-13.997694700005137,-171.76732700000287
14841,,,-13.945727299999913,-171.76690519999863
191,Residential,Masonry,-14.009254507973006,-171.7833513045232
192,Residential,Masonry,-14.009250942845268,-171.78308377614195
193,Outbuilding,Masonry,-14.009145439069378,-171.78327306576958
194,Residential,Masonry,-14.01090258206518,-171.7856602913959
207,Residential,Masonry,-14.010486371029724,-171.78531181027103
208,Outbuilding,Masonry,-14.010464411587462,-171.78519903847035
212,Residential,Masonry,-14.010729741750382,-171.78391951522434
213,Outbuilding,Masonry,-14.01051359481171,-171.78388253360652
214,Residential,Masonry,-14.010633137732622,-171.7837731475241
215,Outbuilding,Masonry,-14.010401901886274,-171.78376651925498
231,Outbuilding,Masonry,-14.010855657666797,-171.7812086213946
237,Outbuilding,Masonry,-14.010403161003781,-171.7805323926438
241,Residential,Masonry,-14.010203084792147,-171.7796941948793
242,Outbuilding,Masonry,-14.010150734828365,-171.77979655451276
243,Outbuilding,Masonry,-14.010246585531394,-171.77988909934476
277,Residential,Masonry,-14.011203269711324,-171.77869961724048
278,Outbuilding,Masonry,-14.01100903949657,-171.77869541703714
282,Residential,Masonry,-14.011264748167378,-171.7783111469101
286,Residential,Masonry,-14.010786041381653,-171.77780098094104
287,Outbuilding,Masonry,-14.010307335987958,-171.77763115275624
288,Residential,Masonry,-14.0103931197794,-171.77917733319293
289,Outbuilding,Masonry,-14.010393109264376,-171.77903499702924
291,Residential,Masonry,-14.009492774127848,-171.7787915379663
292,Residential,Masonry,-14.009686827808741,-171.77882883023287
293,Outbuilding,Masonry,-14.009571449491741,-171.77848792433593
294,Residential,Masonry,-14.009722656626398,-171.77755648663043
295,Residential,Masonry,-14.009760284847308,-171.77739635430015
296,Residential,Masonry,-14.009865697703594,-171.7768141812653
297,Outbuilding,Masonry,-14.009652976931456,-171.77684660066893
321,Residential,Masonry,-14.011725050298725,-171.77307071166493
322,Residential,Masonry,-14.011708883465161,-171.7728928163066
323,Outbuilding,Masonry,-14.010550412632188,-171.77313846215543
326,Residential,Masonry,-14.009773183440734,-171.77562146516834
895,Commercial,Masonry,-14.009698438554407,-171.78671397486613
897,Commercial,Masonry,-14.009133589655866,-171.78695592844815
898,Commercial,Masonry,-14.009284784359592,-171.78697299486484
901,Commercial,Masonry,-14.009103197530338,-171.7871651532294
913,Commercial,Masonry,-14.008958775727782,-171.78774643373092
915,Commercial,Masonry,-14.00892750730457,-171.78788112030577
916,Commercial,Masonry,-14.008902598287717,-171.7880053377516
920,Commercial,Masonry,-14.008830022821785,-171.78730374175498
921,Hotel,Masonry,-14.008664847236046,-171.78749518624977
922,Commercial,Masonry,-14.008441113381515,-171.78828469431124
195,Residential,Masonry,-14.011049917876871,-171.78521877655942
196,Residential,Masonry,-14.011162496770448,-171.78503381620388
197,Outbuilding,Masonry,-14.011280642244877,-171.7851820246566
198,Residential,Masonry,-14.011151084843073,-171.78480500941674
199,Residential,Masonry,-14.011284547089343,-171.78485506278847
200,Residential,Masonry,-14.011223609084103,-171.78461034535712
201,Outbuilding,Masonry,-14.01137127166877,-171.7847077188173
202,Residential,Masonry,-14.011226288804304,-171.7843609551205
203,Residential,Masonry,-14.011378747734698,-171.78416564361802
204,Outbuilding,Masonry,-14.011226921196409,-171.78409515005146
205,Residential,Masonry,-14.011264700114182,-171.78399288055394
206,Outbuilding,Masonry,-14.011394444170975,-171.78405339749548
209,Residential,Masonry,-14.010630870355083,-171.7847514342642
210,Residential,Masonry,-14.010673057305798,-171.78419299744823
211,Religious,Reinforced Concrete,-14.010644163878597,-171.78439882368804
216,Outbuilding,Masonry,-14.010970598929275,-171.78373994130956
217,Residential,Masonry,-14.010755315179155,-171.78358490356496
218,Residential,Masonry,-14.010700213380497,-171.78338687384826
219,Residential,Masonry,-14.010585692892159,-171.78319050011592
220,Religious - not verified,Masonry,-14.010713006873337,-171.78282015937344
221,Residential,Masonry,-14.010123016091063,-171.78228968200122
222,Residential,Masonry,-14.010755970584492,-171.78238576363066
223,Residential,Masonry,-14.010818686406893,-171.78197354911623
224,Residential,Masonry,-14.01099204659049,-171.78194552587752
225,Residential,Masonry,-14.010845494328517,-171.78186290060094
226,Residential,Masonry,-14.010914175210864,-171.78169824793588
227,Religious - not verified,Masonry,-14.010892258579409,-171.7814715967767
228,Outbuilding,Masonry,-14.010614474677343,-171.7818361881037
229,Outbuilding,Masonry,-14.010632749855375,-171.78167391587507
230,Residential,Masonry,-14.011037692784699,-171.78115882427534
232,Outbuilding,Masonry,-14.010938259575491,-171.78112070236023
233,Residential,Masonry,-14.010958979059655,-171.78089909933647
234,Residential,Masonry,-14.011225434514115,-171.78085471292107
235,Outbuilding,Masonry,-14.010856962937028,-171.78066406920155
236,Outbuilding,Masonry,-14.010774458365129,-171.78064678066957
238,Residential,Masonry,-14.011088891431557,-171.78019522223136
239,Residential,Masonry,-14.011072804573315,-171.78000190243878
240,Residential,Masonry,-14.010690491630424,-171.7798355208604
248,Residential,Masonry,-14.011327778621572,-171.78242074055672
249,Outbuilding,Masonry,-14.011335693639955,-171.7823062919012
250,Residential,Masonry,-14.011541531947103,-171.7815225488656
251,Residential,Masonry,-14.011613715506979,-171.78135450390653
252,Residential,Masonry,-14.011845215354446,-171.7807708965736
253,Outbuilding,Masonry,-14.011996913027568,-171.78076882595053
254,Outbuilding,Masonry,-14.011675046537974,-171.78045969235424
255,Residential,Masonry,-14.011683521481407,-171.78033619657194
256,Residential,Masonry,-14.012197313944732,-171.7797685729839
257,Residential,Masonry,-14.012753404177417,-171.77955245554944
258,Outbuilding,Masonry,-14.012827516907643,-171.779943002679
259,Outbuilding,Masonry,-14.012694305026855,-171.77981599049224
260,Residential,Masonry,-14.012865116149687,-171.7796152848839
261,Commercial - not verified,Masonry,-14.012539166786441,-171.77904029925904
262,Community - not verified,Masonry,-14.012170520637893,-171.77922952063776
263,Residential,Masonry,-14.0122535963864,-171.77877298453024
264,Residential,Masonry,-14.012113646603149,-171.77866329092933
265,Residential,Masonry,-14.012056400745088,-171.77842738550262
266,Residential,Masonry,-14.011906563408523,-171.77854777871894
267,Residential,Masonry,-14.011994860247281,-171.77908636230114
268,Residential,Masonry,-14.01186831716797,-171.77889139617696
269,Residential,Masonry,-14.011830390287955,-171.77903667565803
270,Outbuilding,Masonry,-14.011912211652971,-171.77904227684994
271,Outbuilding,Masonry,-14.011745105607147,-171.7790366024709
272,Religious,Masonry,-14.011663408979011,-171.77761517014844
